strain	accession	clade	description
JN315706.1	JN315706.1	G2a	Porcine epidemic diarrhea virus strain CH/FJND-2/2011 spike protein (S) gene, complete cds
JN381492.1	JN381492.1	G2a	Porcine epidemic diarrhea virus strain CH/FJND-3/2011 spike protein (S) gene, complete cds
JN543367.1	JN543367.1	G2a	Porcine epidemic diarrhea virus strain CH/FJND-1/2011 spike protein (S) gene, complete cds
JN825706.1	JN825706.1	G2a	Porcine epidemic diarrhea virus isolate BJ-2011-2 spike protein (S) mRNA, complete cds
JN825707.1	JN825707.1	G2a	Porcine epidemic diarrhea virus isolate HB-2011-1 spike protein (S) mRNA, complete cds
JN825708.1	JN825708.1	G2a	Porcine epidemic diarrhea virus isolate HB-2011-2 spike protein (S) mRNA, complete cds
JN825709.1	JN825709.1	G2a	Porcine epidemic diarrhea virus isolate HB-2011-3 spike protein (S) mRNA, complete cds
JN825710.1	JN825710.1	G2a	Porcine epidemic diarrhea virus isolate ZJ-2011-1 spike protein (S) mRNA, complete cds
JN825711.1	JN825711.1	G2a	Porcine epidemic diarrhea virus isolate ZJ-2011-2 spike protein (S) mRNA, complete cds
JN825712.1	JN825712.1	G2a	Porcine epidemic diarrhea virus isolate BJ-2011-1, complete genome
JQ239436.1	JQ239436.1	G2a	Porcine epidemic diarrhea virus strain CH8 spike protein (S) gene, complete cds
JQ257005.1	JQ257005.1	G2a	Porcine epidemic diarrhea virus strain CH/KF/11 spike protein gene, complete cds
JQ257006.1	JQ257006.1	G2a	Porcine epidemic diarrhea virus strain CH/YY/11 spike protein gene, complete cds
JQ257007.1	JQ257007.1	G2a	Porcine epidemic diarrhea virus strain CH/ZY/11 spike protein gene, complete cds
JQ282909.1	JQ282909.1	G2a	Porcine epidemic diarrhea virus strain CH/FJND-3/2011, complete genome
JQ517274.1	JQ517274.1	G2a	Porcine epidemic diarrhea virus isolate HuN spike protein (S) gene, complete cds
JQ627653.1	JQ627653.1	G2a	Porcine epidemic diarrhea virus strain CH/AY/11 spike protein gene, complete cds
JQ627654.1	JQ627654.1	G2a	Porcine epidemic diarrhea virus strain CH/CG/11 spike protein gene, complete cds
JQ638916.1	JQ638916.1	G2a	Porcine epidemic diarrhea virus strain CH/HLJHH/2011 spike glycoprotein S2 (S) gene, complete cds
JQ638917.1	JQ638917.1	G2a	Porcine epidemic diarrhea virus strain CH/SDLY/2011 spike glycoprotein S2 (S) gene, complete cds
JQ638919.1	JQ638919.1	G2a	Porcine epidemic diarrhea virus strain CH/SDQD/2011 spike glycoprotein S2 (S) gene, complete cds
JQ638920.1	JQ638920.1	G2a	Porcine epidemic diarrhea virus strain CH/JLCC/2011 spike glycoprotein S2 (S) gene, complete cds
JQ638922.1	JQ638922.1	G2a	Porcine epidemic diarrhea virus strain CH/HBQHD/2011 spike glycoprotein S2 (S) gene, complete cds
JQ771751.1	JQ771751.1	G2a	Porcine epidemic diarrhea virus strain SH S protein mRNA, complete cds
JQ771752.1	JQ771752.1	G2a	Porcine epidemic diarrhea virus strain ZB S protein mRNA, complete cds
JQ771753.1	JQ771753.1	G2a	Porcine epidemic diarrhea virus strain YS S protein mRNA, complete cds
JQ979289.1	JQ979289.1	G2a	Porcine epidemic diarrhea virus strain CH17-GZ spike protein (S) gene, complete cds
JQ979291.1	JQ979291.1	G2a	Porcine epidemic diarrhea virus strain CH18-Hainan spike protein (S) gene, complete cds
JX018182.1	JX018182.1	G2a	Porcine epidemic diarrhea virus isolate CH/AHHF-2/2012 spike protein gene, complete cds
JX018183.1	JX018183.1	G2a	Porcine epidemic diarrhea virus isolate CH/HBSN/2012 spike protein gene, complete cds
JX070671.1	JX070671.1	G2a	Porcine epidemic diarrhea virus isolate CH/FJXM-1/2012 spike protein gene, complete cds
JX088695.1	JX088695.1	G2a	Porcine epidemic diarrhea virus strain GD-B, complete genome
JX163294.1	JX163294.1	G2a	Porcine epidemic diarrhea virus isolate HBMC2012 S protein (S) gene, complete cds
JX242459.1	JX242459.1	G2a	Porcine epidemic diarrhea virus isolate CH-SONGB-12-2011 spike protein gene, partial cds
JX242461.1	JX242461.1	G2a	Porcine epidemic diarrhea virus isolate CH-ZWC-12-2011 spike protein gene, partial cds
JX258672.1	JX258672.1	G2a	Porcine epidemic diarrhea virus strain FQ/FJ/2012 spike protein gene, complete cds
JX435298.1	JX435298.1	G2a	Porcine epidemic diarrhea virus isolate BJ-2011-3 spike protein (S) mRNA, complete cds
JX435299.1	JX435299.1	G2a	Porcine epidemic diarrhea virus isolate BJ-2012-1 spike protein (S) mRNA, complete cds
JX435300.1	JX435300.1	G2a	Porcine epidemic diarrhea virus isolate BJ-2012-2 spike protein (S) mRNA, complete cds
JX435301.1	JX435301.1	G2a	Porcine epidemic diarrhea virus isolate HB-2011-4 spike protein (S) mRNA, complete cds
JX435302.1	JX435302.1	G2a	Porcine epidemic diarrhea virus isolate HB-2012-1 spike protein (S) mRNA, complete cds
JX435303.1	JX435303.1	G2a	Porcine epidemic diarrhea virus isolate HB-2012-2 spike protein (S) mRNA, complete cds
JX435304.1	JX435304.1	G2a	Porcine epidemic diarrhea virus isolate HB-2012-3 spike protein (S) mRNA, complete cds
JX435305.1	JX435305.1	G2a	Porcine epidemic diarrhea virus isolate HB-2012-4 spike protein (S) mRNA, complete cds
JX501317.1	JX501317.1	G2a	Porcine epidemic diarrhea virus isolate CH/CY/12 spike glycoprotein gene, complete cds
JX501319.1	JX501319.1	G2a	Porcine epidemic diarrhea virus isolate CH/HBXX2/11 spike glycoprotein gene, complete cds
JX501320.1	JX501320.1	G2a	Porcine epidemic diarrhea virus isolate CH/HBXX3/11 spike glycoprotein gene, complete cds
JX501321.1	JX501321.1	G2a	Porcine epidemic diarrhea virus isolate CH/TY/12 spike glycoprotein gene, complete cds
JX501322.1	JX501322.1	G2a	Porcine epidemic diarrhea virus isolate CH/XC/12 spike glycoprotein gene, complete cds
JX501323.1	JX501323.1	G2a	Porcine epidemic diarrhea virus isolate CH/XCYL/11 spike glycoprotein gene, complete cds
JX512907.1	JX512907.1	G2a	Porcine epidemic diarrhea virus strain HLJ-2012 spike protein gene, complete cds
JX524137.1	JX524137.1	G2a	Porcine epidemic diarrhea virus strain ZJCZ4, complete genome
KC140102.1	KC140102.1	G2a	Porcine epidemic diarrhea virus strain CH/FJZZ-9/2012, complete genome
KC196276.1	KC196276.1	G2a	Porcine epidemic diarrhea virus strain CH/ZMDZY/11, complete genome
KC210145.1	KC210145.1	G2a	Porcine epidemic diarrhea virus strain AH2012, complete genome
KC210147.1	KC210147.1	G2a	Porcine epidemic diarrhea virus strain JS-HZ2012, complete genome
KC242897.1	KC242897.1	G2a	Porcine epidemic diarrhea virus isolate FJZZ1-2011 spike protein gene, complete cds
KC242898.1	KC242898.1	G2a	Porcine epidemic diarrhea virus isolate HeN12-20122 spike protein gene, complete cds
KC242899.1	KC242899.1	G2a	Porcine epidemic diarrhea virus isolate HB1-20122 spike protein gene, complete cds
KC242900.1	KC242900.1	G2a	Porcine epidemic diarrhea virus isolate HB2-20122 spike protein gene, complete cds
KC242901.1	KC242901.1	G2a	Porcine epidemic diarrhea virus isolate AH2-20123 spike protein gene, complete cds
KC242902.1	KC242902.1	G2a	Porcine epidemic diarrhea virus isolate HB3-20123 spike protein gene, complete cds
KC242903.1	KC242903.1	G2a	Porcine epidemic diarrhea virus isolate ZJ17-20125 spike protein gene, complete cds
KC242904.1	KC242904.1	G2a	Porcine epidemic diarrhea virus isolate YN2-20127 spike protein gene, complete cds
KC242905.1	KC242905.1	G2a	Porcine epidemic diarrhea virus isolate FJ5-20128 spike protein gene, complete cds
KC242906.1	KC242906.1	G2a	Porcine epidemic diarrhea virus isolate FJZZ9-20128 spike protein gene, complete cds
KC242907.1	KC242907.1	G2a	Porcine epidemic diarrhea virus isolate JX4-20129 spike protein gene, complete cds
KC242908.1	KC242908.1	G2a	Porcine epidemic diarrhea virus isolate HN4-20129 spike protein gene, complete cds
KC242909.1	KC242909.1	G2a	Porcine epidemic diarrhea virus isolate GD5-20129 spike protein gene, complete cds
KC242910.1	KC242910.1	G2a	Porcine epidemic diarrhea virus isolate GD8-20129 spike protein gene, complete cds
KC242911.1	KC242911.1	G2a	Porcine epidemic diarrhea virus isolate HN6-201211 spike protein gene, complete cds
KC242912.1	KC242912.1	G2a	Porcine epidemic diarrhea virus isolate HN8-201211 spike protein gene, complete cds
KC787537.1	KC787537.1	G2a	Porcine epidemic diarrhea virus isolate CH-DLC-01-2013 spike protein gene, complete cds
KC787538.1	KC787538.1	G2a	Porcine epidemic diarrhea virus isolate CH-GGC-11-2012 spike protein gene, complete cds
KC787540.1	KC787540.1	G2a	Porcine epidemic diarrhea virus isolate CH-HGC-01-2013 spike protein gene, complete cds
KC787541.1	KC787541.1	G2a	Porcine epidemic diarrhea virus isolate CH-LNC-01-2012 spike protein gene, partial cds
KC787542.1	KC787542.1	G2a	Porcine epidemic diarrhea virus isolate CH-SBC-03-2013 spike protein gene, complete cds
KC787544.1	KC787544.1	G2a	Porcine epidemic diarrhea virus isolate CH-YGC-12-2012 spike protein gene, partial cds
KC787545.1	KC787545.1	G2a	Porcine epidemic diarrhea virus isolate CH-YXC-01-2013 spike protein gene, partial cds
KF177255.1	KF177255.1	G2a	Porcine epidemic diarrhea virus isolate JY6C spike protein (S) gene, complete cds
KF177256.1	KF177256.1	G2a	Porcine epidemic diarrhea virus isolate JY7C spike protein (S) gene, complete cds
KF177257.1	KF177257.1	G2a	Porcine epidemic diarrhea virus isolate YJ3F spike protein (S) gene, complete cds
KF177258.1	KF177258.1	G2a	Porcine epidemic diarrhea virus isolate YJ7C spike protein (S) gene, complete cds
KF294254.1	KF294254.1	G2a	Porcine epidemic diarrhea virus isolate HZXS-1 spike protein (S) gene, complete cds
KF294255.1	KF294255.1	G2a	Porcine epidemic diarrhea virus isolate HZXS-2 spike protein (S) gene, complete cds
KF294256.1	KF294256.1	G2a	Porcine epidemic diarrhea virus isolate GJL spike protein (S) gene, complete cds
KF453510.1	KF453510.1	G2a	Porcine epidemic diarrhea virus isolate AH120411 S protein gene, partial cds
KF453511.1	KF453511.1	G2a	Porcine epidemic diarrhea virus isolate GX120308 S protein gene, partial cds
KF453512.1	KF453512.1	G2a	Porcine epidemic diarrhea virus isolate HB121229 S protein gene, partial cds
KF453514.1	KF453514.1	G2a	Porcine epidemic diarrhea virus isolate SH120301 S protein gene, partial cds
KF453515.1	KF453515.1	G2a	Porcine epidemic diarrhea virus isolate SH121208 S protein gene, partial cds
KF453516.1	KF453516.1	G2a	Porcine epidemic diarrhea virus isolate ZJ110618 S protein gene, partial cds
KF453517.1	KF453517.1	G2a	Porcine epidemic diarrhea virus isolate ZJ111113 S protein gene, partial cds
KF468755.1	KF468755.1	G2a	Porcine epidemic diarrhea virus isolate XS2013 spike protein (S) gene, complete cds
KF546800.1	KF546800.1	G2a	Porcine epidemic diarrhea virus isolate GDFS/2011 spike protein (S) gene, complete cds
KF546801.1	KF546801.1	G2a	Porcine epidemic diarrhea virus isolate GDQY/2011 spike protein (S) gene, complete cds
KF546802.1	KF546802.1	G2a	Porcine epidemic diarrhea virus isolate GDDG/2011 spike protein (S) gene, complete cds
KF546803.1	KF546803.1	G2a	Porcine epidemic diarrhea virus isolate GDJM/2012 spike protein (S) gene, complete cds
KF546804.1	KF546804.1	G2a	Porcine epidemic diarrhea virus isolate GDZQ/2012 spike protein (S) gene, complete cds
KF577730.1	KF577730.1	G2a	Porcine epidemic diarrhea virus isolate YNKM/2012 spike protein (S) gene, complete cds
KF577731.1	KF577731.1	G2a	Porcine epidemic diarrhea virus isolate GDMZ/2013 spike protein (S) gene, complete cds
KF577732.1	KF577732.1	G2a	Porcine epidemic diarrhea virus isolate GDGZ/2013 spike protein (S) gene, complete cds
KF601195.1	KF601195.1	G2a	Porcine epidemic diarrhea virus isolate GXLZ/2013 spike protein (S) gene, complete cds
KF601196.1	KF601196.1	G2a	Porcine epidemic diarrhea virus isolate JXGZ/2013 spike protein (S) gene, complete cds
KF601198.1	KF601198.1	G2a	Porcine epidemic diarrhea virus isolate JXJA/2013 spike protein (S) gene, complete cds
KF601200.1	KF601200.1	G2a	Porcine epidemic diarrhea virus isolate GDEP/2013 spike protein (S) gene, complete cds
KF601201.1	KF601201.1	G2a	Porcine epidemic diarrhea virus isolate GXNN/2013 spike protein (S) gene, complete cds
KF738258.1	KF738258.1	G2a	Porcine epidemic diarrhea virus strain GD120330 spike protein gene, complete cds
KF738259.1	KF738259.1	G2a	Porcine epidemic diarrhea virus strain JS130604 spike protein gene, complete cds
KF738260.1	KF738260.1	G2a	Porcine epidemic diarrhea virus strain JX130506 spike protein gene, complete cds
KF738261.1	KF738261.1	G2a	Porcine epidemic diarrhea virus strain SD130502 spike protein gene, complete cds
KF738262.1	KF738262.1	G2a	Porcine epidemic diarrhea virus strain SD130611 spike protein gene, complete cds
KF738263.1	KF738263.1	G2a	Porcine epidemic diarrhea virus strain SH121229 spike protein gene, complete cds
KF738264.1	KF738264.1	G2a	Porcine epidemic diarrhea virus strain ZJ121030 spike protein gene, complete cds
KF760557.2	KF760557.2	G2a	Porcine epidemic diarrhea virus strain CH/JX-1/2013, complete genome
KF761675.1	KF761675.1	G2a	Porcine epidemic diarrhea virus strain CH/YNKM-8/2013, complete genome
KF840537.1	KF840537.1	G2a	Porcine epidemic diarrhea virus isolate CH/ZJCX-1/2012, complete genome
KF840538.1	KF840538.1	G2a	Porcine epidemic diarrhea virus isolate CH/ZJHY-2/2012 spike protein (S), hypothetical protein (ORF3), envelope protein (E), membrane protein (M), and nucleocapsid protein (N) genes, complete cds
KF840539.1	KF840539.1	G2a	Porcine epidemic diarrhea virus isolate CH/ZJJS-Z/2012 spike protein (S), hypothetical protein (ORF3), envelope protein (E), membrane protein (M), and nucleocapsid protein (N) genes, complete cds
KF840540.1	KF840540.1	G2a	Porcine epidemic diarrhea virus isolate CH/ZJJS-1Z/2012 spike protein (S), hypothetical protein (ORF3), envelope protein (E), membrane protein (M), and nucleocapsid protein (N) genes, complete cds
KF840541.1	KF840541.1	G2a	Porcine epidemic diarrhea virus isolate CH/JXZS-3H/2012 spike protein (S), hypothetical protein (ORF3), envelope protein (E), membrane protein (M), and nucleocapsid protein (N) genes, complete cds
KF840542.1	KF840542.1	G2a	Porcine epidemic diarrhea virus isolate CH/JXZS-2H/2012 spike protein (S), hypothetical protein (ORF3), envelope protein (E), membrane protein (M), and nucleocapsid protein genes, complete cds
KF840543.1	KF840543.1	G2a	Porcine epidemic diarrhea virus isolate CH/ZJXS212/2012 spike protein (S), hypothetical protein (ORF3), envelope protein (E), membrane protein, and nucleocapsid protein (N) genes, complete cds
KF840544.1	KF840544.1	G2a	Porcine epidemic diarrhea virus isolate CH/ZJHZHY-6/2013 spike protein (S), hypothetical protein (ORF3), envelope protein (E), membrane protein (M), and nucleocapsid protein (N) genes, complete cds
KF840545.1	KF840545.1	G2a	Porcine epidemic diarrhea virus isolate CH/JXJDZ-F/2012 spike protein (S), hypothetical protein (ORF3), envelope protein (E), membrane protein (M), and nucleocapsid protein (N) genes, complete cds
KF840546.1	KF840546.1	G2a	Porcine epidemic diarrhea virus isolate CH/ZJJS-2Z/2012 spike protein (S), hypothetical protein (ORF3), envelope protein (E), membrane protein (M), and nucleocapsid protein genes, complete cds
KF840547.1	KF840547.1	G2a	Porcine epidemic diarrhea virus isolate CH/JXZS-3L spike protein (S), hypothetical protein (ORF3), envelope protein (E), membrane protein (M), and nucleocapsid protein (N) genes, complete cds
KF840548.1	KF840548.1	G2a	Porcine epidemic diarrhea virus isolate CH/JXZS-1223L spike protein (S), hypothetical protein (ORF3), envelope protein (E), membrane protein (M), and nucleocapsid protein (N) genes, complete cds
KF840549.1	KF840549.1	G2a	Porcine epidemic diarrhea virus isolate CH/SDZD-1/2012 spike protein (S), hypothetical protein (ORF3), envelope protein (E), membrane protein (M), and nucleocapsid protein (N) genes, complete cds
KF840550.1	KF840550.1	G2a	Porcine epidemic diarrhea virus isolate CH/SDZD-2/2012 spike protein (S), hypothetical protein (ORF3), envelope protein (E), membrane protein (M), and nucleocapsid protein (N) genes, complete cds
KF840552.1	KF840552.1	G2a	Porcine epidemic diarrhea virus isolate CH/ZJQZ-2/2012 spike protein (S), hypothetical protein (ORF3), envelope protein (E), membrane protein (M), and nucleocapsid protein (N) genes, complete cds
KF840553.1	KF840553.1	G2a	Porcine epidemic diarrhea virus isolate CH/ZJHZ-1C/2012 spike protein (S), hypothetical protein (ORF3), envelope protein (E), membrane protein (M), and nucleocapsid protein (N) genes, complete cds
KF840554.1	KF840554.1	G2a	Porcine epidemic diarrhea virus isolate CH/ZJHZ-2C/2012 spike protein (S), hypothetical protein (ORF3), envelope protein (E), membrane protein (M), and nucleocapsid protein (N) genes, complete cds
KF840555.1	KF840555.1	G2a	Porcine epidemic diarrhea virus isolate CH/JXJDZ-1/2012 spike protein (S), hypothetical protein (ORF3), envelope protein (E), membrane protein (M), and nucleocapsid protein (N) genes, complete cds
KF840556.1	KF840556.1	G2a	Porcine epidemic diarrhea virus isolate CH/ZJJS-4X/2012 spike protein (S), hypothetical protein (ORF3), envelope protein (E), membrane protein (M), and nucleocapsid protein (N) genes, complete cds
KF840561.1	KF840561.1	G2a	Porcine epidemic diarrhea virus isolate CH/JSZL-S2/2013 spike protein (S) gene, complete cds
KF840562.1	KF840562.1	G2a	Porcine epidemic diarrhea virus isolate CH/JSZL-N2/2013 spike protein (S) gene, complete cds
KJ020932.1	KJ020932.1	G2a	Porcine epidemic diarrhea virus isolate CHYJ130330, complete genome
KJ196348.1	KJ196348.1	G2a	Porcine epidemic diarrhea virus strain SHQP/YM/2013, complete genome
KJ526096.1	KJ526096.1	G2a	Porcine epidemic diarrhea virus isolate CH/JX-2/2013, complete genome
KJ646578.1	KJ646578.1	G2a	Porcine epidemic diarrhea virus strain FJ-ZP 2013 spike protein (S) gene, complete cds
KJ646579.1	KJ646579.1	G2a	Porcine epidemic diarrhea virus strain FJ-CL 2013 spike protein (S) gene, complete cds
KJ646580.1	KJ646580.1	G2a	Porcine epidemic diarrhea virus strain FJ-FQ 2014 spike protein (S) gene, complete cds
KJ646581.1	KJ646581.1	G2a	Porcine epidemic diarrhea virus strain FJ-FQ1 2012 spike protein (S) gene, complete cds
KJ646582.1	KJ646582.1	G2a	Porcine epidemic diarrhea virus strain FJ-FQ2 2012 spike protein (S) gene, complete cds
KJ646583.1	KJ646583.1	G2a	Porcine epidemic diarrhea virus strain FJ-LY 2012 spike protein (S) gene, complete cds
KJ646584.1	KJ646584.1	G2a	Porcine epidemic diarrhea virus strain FJ-LY 2013 spike protein (S) gene, complete cds
KJ646585.1	KJ646585.1	G2a	Porcine epidemic diarrhea virus strain FJ-ND 2012 spike protein (S) gene, complete cds
KJ646586.1	KJ646586.1	G2a	Porcine epidemic diarrhea virus strain FJ-ND 2013 spike protein (S) gene, complete cds
KJ646587.1	KJ646587.1	G2a	Porcine epidemic diarrhea virus strain FJ-PT 2013 spike protein (S) gene, complete cds
KJ646588.1	KJ646588.1	G2a	Porcine epidemic diarrhea virus strain FJ-QK 2013 spike protein (S) gene, complete cds
KJ646589.1	KJ646589.1	G2a	Porcine epidemic diarrhea virus strain FJ-QZ 2013 spike protein (S) gene, complete cds
KJ646590.1	KJ646590.1	G2a	Porcine epidemic diarrhea virus strain FJ-YX 2013 spike protein (S) gene, complete cds
KJ646591.1	KJ646591.1	G2a	Porcine epidemic diarrhea virus strain FJ-ZP 2014 spike protein (S) gene, complete cds
KJ777677.1	KJ777677.1	G2a	Porcine epidemic diarrhea virus strain LZW isolate FGE_20140427, complete genome
KJ777678.1	KJ777678.1	G2a	Porcine epidemic diarrhea virus strain LZW isolate CPGEN_20140427, complete genome
KM213245.1	KM213245.1	G2a	Porcine epidemic diarrhea virus isolate ZJ13LY1201 S protein (S) gene, complete cds
KM225239.1	KM225239.1	G2a	Porcine epidemic diarrhea virus strain FJ63 spike protein (S) gene, complete cds
KM225240.1	KM225240.1	G2a	Porcine epidemic diarrhea virus strain FJ64 spike protein (S) gene, complete cds
KM225241.1	KM225241.1	G2a	Porcine epidemic diarrhea virus strain HN41 spike protein (S) gene, complete cds
KM225242.1	KM225242.1	G2a	Porcine epidemic diarrhea virus strain HN26 spike protein (S) gene, complete cds
KM225243.1	KM225243.1	G2a	Porcine epidemic diarrhea virus strain HN27 spike protein (S) gene, complete cds
KM225244.1	KM225244.1	G2a	Porcine epidemic diarrhea virus strain HN40 spike protein (S) gene, complete cds
KM225245.1	KM225245.1	G2a	Porcine epidemic diarrhea virus strain YN4-1 spike protein (S) gene, complete cds
KM242131.1	KM242131.1	G2a	Porcine epidemic diarrhea virus strain CH/GDZQ/2014, complete genome
KM287429.1	KM287429.1	G2a	Porcine epidemic diarrhea virus strain XJ-DB2 spike protein gene, complete cds
KM406178.1	KM406178.1	G2a	Porcine epidemic diarrhea virus strain LS1401 S protein (S) gene, complete cds
KM406179.1	KM406179.1	G2a	Porcine epidemic diarrhea virus strain MY1402 S protein (S) gene, complete cds
KM406180.1	KM406180.1	G2a	Porcine epidemic diarrhea virus strain DY1403 S protein (S) gene, complete cds
KM406181.1	KM406181.1	G2a	Porcine epidemic diarrhea virus strain SH1404 S protein (S) gene, complete cds
KM406182.1	KM406182.1	G2a	Porcine epidemic diarrhea virus strain MX1405 S protein (S) gene, complete cds
KM406183.1	KM406183.1	G2a	Porcine epidemic diarrhea virus strain PZ1406 S protein (S) gene, complete cds
KM406184.1	KM406184.1	G2a	Porcine epidemic diarrhea virus strain PJ1407 S protein (S) gene, complete cds
KM609203.1	KM609203.1	G2a	Porcine epidemic diarrhea virus strain PEDV-1C, complete genome
KM609205.1	KM609205.1	G2a	Porcine epidemic diarrhea virus strain PEDV-8C, complete genome
KM609207.1	KM609207.1	G2a	Porcine epidemic diarrhea virus strain PEDV-14, complete genome
KM609208.1	KM609208.1	G2a	Porcine epidemic diarrhea virus strain PEDV-15F, complete genome
KM609209.1	KM609209.1	G2a	Porcine epidemic diarrhea virus strain PEDV-CHZ, complete genome
KM609210.1	KM609210.1	G2a	Porcine epidemic diarrhea virus strain PEDV-LY, complete genome
KM609211.1	KM609211.1	G2a	Porcine epidemic diarrhea virus strain PEDV-LS, complete genome
KP399601.1	KP399601.1	G2a	Porcine epidemic diarrhea virus strain CH-ZWC-09-2014 S protein (S) gene, complete cds
KP399602.1	KP399602.1	G2a	Porcine epidemic diarrhea virus strain CH-YZC-10-2014 S protein (S) gene, complete cds
KP399603.1	KP399603.1	G2a	Porcine epidemic diarrhea virus strain CH-YZC-02-2014 S protein (S) gene, complete cds
KP399604.1	KP399604.1	G2a	Porcine epidemic diarrhea virus strain CH-XSC-04-2014 S protein (S) gene, complete cds
KP399605.1	KP399605.1	G2a	Porcine epidemic diarrhea virus strain CH-XLC-02-2014 S protein (S) gene, complete cds
KP399606.1	KP399606.1	G2a	Porcine epidemic diarrhea virus strain CH-STC-09-2014 S protein (S) gene, complete cds
KP399608.1	KP399608.1	G2a	Porcine epidemic diarrhea virus strain CH-LNC-10-2014 S protein (S) gene, complete cds
KP399609.1	KP399609.1	G2a	Porcine epidemic diarrhea virus strain CH-JKC-07-2014 S protein (S) gene, complete cds
KP399610.1	KP399610.1	G2a	Porcine epidemic diarrhea virus strain CH-ZWC-06-2013 S protein (S) gene, complete cds
KP399611.1	KP399611.1	G2a	Porcine epidemic diarrhea virus strain CH-YGC-11-2013 S protein (S) gene, complete cds
KP399612.1	KP399612.1	G2a	Porcine epidemic diarrhea virus strain CH-XSC-04-2013 S protein (S) gene, complete cds
KP399613.1	KP399613.1	G2a	Porcine epidemic diarrhea virus strain CH-XNC-04-2013 S protein (S) gene, complete cds
KP399617.1	KP399617.1	G2a	Porcine epidemic diarrhea virus strain CH-SMC-08-2013 S protein (S) gene, complete cds
KP399618.1	KP399618.1	G2a	Porcine epidemic diarrhea virus strain CH-SMC-03-2013 S protein (S) gene, complete cds
KP399620.1	KP399620.1	G2a	Porcine epidemic diarrhea virus strain CH-SBC-01-2013 S protein (S) gene, complete cds
KP399622.1	KP399622.1	G2a	Porcine epidemic diarrhea virus strain CH-LXC-02-2013 S protein (S) gene, complete cds
KP399623.1	KP399623.1	G2a	Porcine epidemic diarrhea virus strain CH-HSYEC-09-2013 S protein (S) gene, complete cds
KP399625.1	KP399625.1	G2a	Porcine epidemic diarrhea virus strain CH-HFEC-08-2013 S protein (S) gene, complete cds
KP399626.1	KP399626.1	G2a	Porcine epidemic diarrhea virus strain CH-HBC-02-2013 S protein (S) gene, complete cds
KP399627.1	KP399627.1	G2a	Porcine epidemic diarrhea virus strain CH-CWC-10-2013 S protein (S) gene, complete cds
KP399629.1	KP399629.1	G2a	Porcine epidemic diarrhea virus strain CH-BPKFC-07-2013 S protein (S) gene, complete cds
KP399630.1	KP399630.1	G2a	Porcine epidemic diarrhea virus strain CH-LNC-12-2012 S protein (S) gene, complete cds
KP399631.1	KP399631.1	G2a	Porcine epidemic diarrhea virus strain CH-ZWC1-12-2011 S protein (S) gene, complete cds
KP399633.1	KP399633.1	G2a	Porcine epidemic diarrhea virus strain CH-SBC-12-2011 S protein (S) gene, complete cds
KP399634.1	KP399634.1	G2a	Porcine epidemic diarrhea virus strain CH-LCC-02-2011 S protein (S) gene, complete cds
KP698751.1	KP698751.1	G2a	Porcine epidemic diarrhea virus isolate GD1 spike gene, complete cds
KP698752.2	KP698752.2	G2a	Porcine epidemic diarrhea virus isolate GD2 spike gene, complete cds
KP698753.1	KP698753.1	G2a	Porcine epidemic diarrhea virus isolate GD3 spike gene, complete cds
KP698754.2	KP698754.2	G2a	Porcine epidemic diarrhea virus isolate GD4 spike gene, complete cds
KP698755.2	KP698755.2	G2a	Porcine epidemic diarrhea virus isolate GD5 spike gene, complete cds
KP698756.2	KP698756.2	G2a	Porcine epidemic diarrhea virus isolate GD6 spike gene, complete cds
KP698757.1	KP698757.1	G2a	Porcine epidemic diarrhea virus isolate GD7 spike gene, complete cds
KP698758.1	KP698758.1	G2a	Porcine epidemic diarrhea virus isolate GD8 spike gene, complete cds
KP698762.2	KP698762.2	G2a	Porcine epidemic diarrhea virus isolate GD12 spike gene, complete cds
KP698764.2	KP698764.2	G2a	Porcine epidemic diarrhea virus isolate GD14 spike gene, complete cds
KP698765.2	KP698765.2	G2a	Porcine epidemic diarrhea virus isolate GD15 spike gene, complete cds
KP698766.2	KP698766.2	G2a	Porcine epidemic diarrhea virus isolate GD16 spike gene, complete cds
KP698768.2	KP698768.2	G2a	Porcine epidemic diarrhea virus isolate GD18 spike gene, complete cds
KP698770.1	KP698770.1	G2a	Porcine epidemic diarrhea virus isolate GD20 spike gene, complete cds
KP870114.1	KP870114.1	G2a	Porcine epidemic diarrhea virus isolate CH/GD-02/2012 spike protein (S) gene, complete cds
KP870116.1	KP870116.1	G2a	Porcine epidemic diarrhea virus isolate CH/GD-04/2012 spike protein (S) gene, complete cds
KP870124.1	KP870124.1	G2a	Porcine epidemic diarrhea virus isolate CH/GD-14/2013 spike protein (S) gene, complete cds
KP870126.1	KP870126.1	G2a	Porcine epidemic diarrhea virus isolate CH/GD-16/2013 spike protein (S) gene, complete cds
KP870133.1	KP870133.1	G2a	Porcine epidemic diarrhea virus isolate CH/GD-23/2014 spike protein (S) gene, complete cds
KP870134.1	KP870134.1	G2a	Porcine epidemic diarrhea virus isolate CH/GD-24/2014 spike protein (S) gene, complete cds
KP870135.1	KP870135.1	G2a	Porcine epidemic diarrhea virus isolate CH/GD-25/2014 spike protein (S) gene, complete cds
KP870137.1	KP870137.1	G2a	Porcine epidemic diarrhea virus isolate CH/GD-27/2014 spike protein (S) gene, complete cds
KP870141.1	KP870141.1	G2a	Porcine epidemic diarrhea virus isolate CH/GD-09/2013 spike protein (S) gene, partial cds
KP890336.1	KP890336.1	G2a	Porcine epidemic diarrhea virus strain CH/HNYF/14, complete genome
KR080551.1	KR080551.1	G2a	Porcine epidemic diarrhea virus isolate HN1303 spike protein (S) gene, complete cds
KR095279.1	KR095279.1	G2a	Porcine epidemic diarrhea virus strain CH/HNQX-3/14, complete genome
KR233256.1	KR233256.1	G2a	Porcine epidemic diarrhea virus strain CH/NMG/BT S protein gene, complete cds
KR233257.1	KR233257.1	G2a	Porcine epidemic diarrhea virus strain CH/NMG/BYNE S protein gene, complete cds
KR296663.1	KR296663.1	G2a	Porcine epidemic diarrhea virus strain CH-GGC-01-2015 S protein (S) gene, complete cds
KR296664.1	KR296664.1	G2a	Porcine epidemic diarrhea virus strain CH-GLC-02-2015 S protein (S) gene, complete cds
KR296665.1	KR296665.1	G2a	Porcine epidemic diarrhea virus strain CH-GLC-12-2014 S protein (S) gene, complete cds
KR296668.1	KR296668.1	G2a	Porcine epidemic diarrhea virus strain CH-HSYKFC-01-2015 S protein (S) gene, complete cds
KR296671.1	KR296671.1	G2a	Porcine epidemic diarrhea virus strain CH-SBC-03-2015 S protein (S) gene, complete cds
KR296672.1	KR296672.1	G2a	Porcine epidemic diarrhea virus strain CH-SFC-12-2014 S protein (S) gene, complete cds
KR296674.1	KR296674.1	G2a	Porcine epidemic diarrhea virus strain CH-STC-12-2014 S protein (S) gene, complete cds
KR296675.1	KR296675.1	G2a	Porcine epidemic diarrhea virus strain CH-TPC-12-2014 S protein (S) gene, complete cds
KR296676.1	KR296676.1	G2a	Porcine epidemic diarrhea virus strain CH-WTC-02-2015 S protein (S) gene, complete cds
KR296679.1	KR296679.1	G2a	Porcine epidemic diarrhea virus strain CH-ZSC-01-2015 S protein (S) gene, complete cds
KR296681.1	KR296681.1	G2a	Porcine epidemic diarrhea virus strain CH-ZWBZb-01-2015 S protein (S) gene, complete cds
KR514318.1	KR514318.1	G2a	Porcine epidemic diarrhea virus isolate CH/NMG/CF spike protein gene, complete cds
KR514319.1	KR514319.1	G2a	Porcine epidemic diarrhea virus isolate CH/NMG/EEDS spike protein gene, complete cds
KR514320.1	KR514320.1	G2a	Porcine epidemic diarrhea virus isolate CH/NMG/HHHT spike protein gene, complete cds
KR514321.1	KR514321.1	G2a	Porcine epidemic diarrhea virus isolate CH/NMG/HLBE spike protein gene, complete cds
KR732651.1	KR732651.1	G2a	Porcine epidemic diarrhea virus isolate SC-ZY-1 S protein gene, complete cds
KR732652.1	KR732652.1	G2a	Porcine epidemic diarrhea virus isolate SC-ZY-2 S protein gene, complete cds
KR818832.1	KR818832.1	G2a	Porcine epidemic diarrhea virus strain XY2013, complete genome
KR818833.1	KR818833.1	G2a	Porcine epidemic diarrhea virus strain JSHA2013, complete genome
KT239506.1	KT239506.1	G2a	UNVERIFIED: Porcine epidemic diarrhea virus strain AHFY-2 spike protein-like gene, complete sequence
KT239508.1	KT239508.1	G2a	UNVERIFIED: Porcine epidemic diarrhea virus strain AHXC-1 spike protein-like gene, complete sequence
KT239509.1	KT239509.1	G2a	UNVERIFIED: Porcine epidemic diarrhea virus strain AHHF-1 spike protein-like gene, complete sequence
KT239510.1	KT239510.1	G2a	UNVERIFIED: Porcine epidemic diarrhea virus strain AHHF-2 spike protein-like gene, complete sequence
KT239514.1	KT239514.1	G2a	UNVERIFIED: Porcine epidemic diarrhea virus strain AHBB-2 spike protein-like gene, complete sequence
KT239515.1	KT239515.1	G2a	UNVERIFIED: Porcine epidemic diarrhea virus strain AHMAS-1 spike protein-like gene, complete sequence
KT239517.1	KT239517.1	G2a	UNVERIFIED: Porcine epidemic diarrhea virus strain AHAQ-1 spike protein-like gene, complete sequence
KT239520.1	KT239520.1	G2a	UNVERIFIED: Porcine epidemic diarrhea virus strain JXJJ-1 spike protein-like gene, complete sequence
KT239521.1	KT239521.1	G2a	UNVERIFIED: Porcine epidemic diarrhea virus strain JXJJ-2 spike protein-like gene, complete sequence
KT239522.1	KT239522.1	G2a	UNVERIFIED: Porcine epidemic diarrhea virus strain JXXY-1 spike protein-like gene, complete sequence
KT239523.1	KT239523.1	G2a	UNVERIFIED: Porcine epidemic diarrhea virus strain JXXY-2 spike protein-like gene, complete sequence
KT266578.1	KT266578.1	G2a	Porcine epidemic diarrhea virus isolate HB-HA2015 spike glycoprotein gene, complete cds
KT313036.1	KT313036.1	G2a	Porcine epidemic diarrhea virus isolate PEDV2-S-5 spike protein (S) gene, complete cds
KT313037.1	KT313037.1	G2a	Porcine epidemic diarrhea virus isolate PEDV3-S-1 spike protein (S) gene, complete cds
KT313038.1	KT313038.1	G2a	Porcine epidemic diarrhea virus isolate PEDV4-S-3 spike protein (S) gene, complete cds
KT313039.1	KT313039.1	G2a	Porcine epidemic diarrhea virus isolate PEDV1-S-4 spike protein (S) gene, complete cds
KT323980.1	KT323980.1	G2a	Porcine epidemic diarrhea virus strain LNCT2, complete genome
KT388411.1	KT388411.1	G2a	Porcine epidemic diarrhea virus isolate CH-XWC-2014 spike glycoprotein gene, complete cds
KT388415.1	KT388415.1	G2a	Porcine epidemic diarrhea virus isolate CH-TPC-2014 spike glycoprotein gene, complete cds
KT388416.1	KT388416.1	G2a	Porcine epidemic diarrhea virus isolate CH-STC-2014 spike glycoprotein gene, complete cds
KT388417.1	KT388417.1	G2a	Porcine epidemic diarrhea virus isolate CH-SBC-2013 spike glycoprotein gene, complete cds
KT388418.1	KT388418.1	G2a	Porcine epidemic diarrhea virus isolate CH-LXC-2014 spike glycoprotein gene, complete cds
KT388419.1	KT388419.1	G2a	Porcine epidemic diarrhea virus isolate CH-HSY-2013 spike glycoprotein gene, complete cds
KT948011.1	KT948011.1	G2a	Porcine epidemic diarrhea virus isolate CH-CWC-2013 spike protein gene, partial cds
KT989352.1	KT989352.1	G2a	Porcine epidemic diarrhea virus isolate CH-HNZK-14.12 spike protein gene, complete cds
KT989353.1	KT989353.1	G2a	Porcine epidemic diarrhea virus isolate CH-HNJZ-15.4 spike protein gene, complete cds
KT989355.1	KT989355.1	G2a	Porcine epidemic diarrhea virus isolate CH-HNKF-14.8 spike protein gene, complete cds
KT989358.1	KT989358.1	G2a	Porcine epidemic diarrhea virus isolate CH-HNXC-14.11 spike protein gene, complete cds
KT989359.1	KT989359.1	G2a	Porcine epidemic diarrhea virus isolate CH-HNXC-14.9 spike protein gene, complete cds
KT989360.1	KT989360.1	G2a	Porcine epidemic diarrhea virus isolate CH-HNJZ-14.8 spike protein gene, complete cds
KT989361.1	KT989361.1	G2a	Porcine epidemic diarrhea virus isolate CH-HNJZ-14.11 spike protein gene, complete cds
KT989364.1	KT989364.1	G2a	Porcine epidemic diarrhea virus isolate CH-HNHB-14.10 spike protein gene, complete cds
KT989365.1	KT989365.1	G2a	Porcine epidemic diarrhea virus isolate CH-HNAY-15.4 spike protein gene, complete cds
KT989366.1	KT989366.1	G2a	Porcine epidemic diarrhea virus isolate CH-HNAY-14.7 spike protein gene, complete cds
KU133232.1	KU133232.1	G2a	Porcine epidemic diarrhea virus isolate CH-SDBZ-1-2015 spike protein (S) gene, complete cds
KU133233.1	KU133233.1	G2a	Porcine epidemic diarrhea virus isolate CH-SDBZ-2-2015 spike protein (S) gene, complete cds
KU133235.1	KU133235.1	G2a	Porcine epidemic diarrhea virus isolate CH-SDCQ-2015 spike protein (S) gene, complete cds
KU133237.1	KU133237.1	G2a	Porcine epidemic diarrhea virus isolate CH-SDDP-2-2014 spike protein (S) gene, complete cds
KU133239.1	KU133239.1	G2a	Porcine epidemic diarrhea virus isolate CH-SDDY-2012 spike protein (S) gene, complete cds
KU133240.1	KU133240.1	G2a	Porcine epidemic diarrhea virus isolate CH-SDDZ-2012 spike protein (S) gene, complete cds
KU133241.1	KU133241.1	G2a	Porcine epidemic diarrhea virus isolate CH-SDHZ-1-2013 spike protein (S) gene, complete cds
KU133242.1	KU133242.1	G2a	Porcine epidemic diarrhea virus isolate CH-SDHZ-2-2013 spike protein (S) gene, complete cds
KU133243.1	KU133243.1	G2a	Porcine epidemic diarrhea virus isolate CH-SDHZ-3-2013 spike protein (S) gene, complete cds
KU133244.1	KU133244.1	G2a	Porcine epidemic diarrhea virus isolate CH-SDHZ-4-2013 spike protein (S) gene, complete cds
KU133245.1	KU133245.1	G2a	Porcine epidemic diarrhea virus isolate CH-SDJY-2012 spike protein (S) gene, complete cds
KU133246.1	KU133246.1	G2a	Porcine epidemic diarrhea virus isolate CH-SDLQ-2015 spike protein (S) gene, complete cds
KU133249.1	KU133249.1	G2a	Porcine epidemic diarrhea virus isolate CH-SDLY-1-2012 spike protein (S) gene, complete cds
KU133252.1	KU133252.1	G2a	Porcine epidemic diarrhea virus isolate CH-SDLY-2-2012 spike protein (S) gene, complete cds
KU133253.1	KU133253.1	G2a	Porcine epidemic diarrhea virus isolate CH-SDLY-2-2013 spike protein (S) gene, complete cds
KU133260.1	KU133260.1	G2a	Porcine epidemic diarrhea virus isolate CH-SDQF-5-2014 spike protein (S) gene, complete cds
KU133261.1	KU133261.1	G2a	Porcine epidemic diarrhea virus isolate CH-SDQH-2014 spike protein (S) gene, complete cds
KU133263.1	KU133263.1	G2a	Porcine epidemic diarrhea virus isolate CH-SDTA-2012 spike protein (S) gene, complete cds
KU133264.1	KU133264.1	G2a	Porcine epidemic diarrhea virus isolate CH-SDWF-2012 spike protein (S) gene, complete cds
KU133265.1	KU133265.1	G2a	Porcine epidemic diarrhea virus isolate CH-SDWF-2015 spike protein (S) gene, complete cds
KU133266.1	KU133266.1	G2a	Porcine epidemic diarrhea virus isolate CH-SDYT-2012 spike protein (S) gene, complete cds
KU133268.1	KU133268.1	G2a	Porcine epidemic diarrhea virus isolate CH-SDZC-2012 spike protein (S) gene, complete cds
KU237213.1	KU237213.1	G2a	UNVERIFIED: Porcine epidemic diarrhea virus strain CG S protein (S) gene, complete cds
KU237214.1	KU237214.1	G2a	Porcine epidemic diarrhea virus strain DF1 S protein (S) gene, complete cds
KU237215.1	KU237215.1	G2a	Porcine epidemic diarrhea virus strain DF2 S protein (S) gene, complete cds
KU237216.1	KU237216.1	G2a	Porcine epidemic diarrhea virus strain DF3 S protein (S) gene, complete cds
KU237218.1	KU237218.1	G2a	Porcine epidemic diarrhea virus strain HY S protein (S) gene, complete cds
KU237221.1	KU237221.1	G2a	Porcine epidemic diarrhea virus strain LY S protein (S) gene, complete cds
KU237228.1	KU237228.1	G2a	Porcine epidemic diarrhea virus strain SS S protein (S) gene, complete cds
KU237232.1	KU237232.1	G2a	Porcine epidemic diarrhea virus strain YY S protein (S) gene, complete cds
KU237234.1	KU237234.1	G2a	Porcine epidemic diarrhea virus strain YZ2 S protein (S) gene, complete cds
KU556282.1	KU556282.1	G2a	UNVERIFIED: Porcine epidemic diarrhea virus isolate LY5-101 S protein-like gene, complete sequence
KU556283.1	KU556283.1	G2a	UNVERIFIED: Porcine epidemic diarrhea virus isolate LY5-107 S protein-like gene, complete sequence
KU556284.1	KU556284.1	G2a	UNVERIFIED: Porcine epidemic diarrhea virus isolate LY5-109 S protein-like gene, complete sequence
KU556285.1	KU556285.1	G2a	UNVERIFIED: Porcine epidemic diarrhea virus isolate LY5-113 S protein-like gene, partial sequence
KU558701.1	KU558701.1	G2a	Porcine epidemic diarrhea virus isolate ZJU/G2/2013, complete genome
KU975389.1	KU975389.1	G2a	Porcine epidemic diarrhea virus strain CH/SCCD/2014, complete genome
KU975403.1	KU975403.1	G2a	Porcine epidemic diarrhea virus isolate CH-SCAY-1-2015 spike protein (S) gene, complete cds
KU975404.1	KU975404.1	G2a	Porcine epidemic diarrhea virus isolate CH-SCAY-2-2015 spike protein (S) gene, complete cds
KU975406.1	KU975406.1	G2a	Porcine epidemic diarrhea virus isolate CH-SCCD-2014 spike protein (S) gene, complete cds
KU975409.1	KU975409.1	G2a	Porcine epidemic diarrhea virus isolate CH-SCJT-2015 spike protein (S) gene, complete cds
KU975410.1	KU975410.1	G2a	Porcine epidemic diarrhea virus isolate CH-SCMY-1-2014 spike protein (S) gene, complete cds
KU975411.1	KU975411.1	G2a	Porcine epidemic diarrhea virus isolate CH-SCMY-2-2014 spike protein (S) gene, complete cds
KU975412.1	KU975412.1	G2a	Porcine epidemic diarrhea virus isolate CH-SCMY-3-2014 spike protein (S) gene, complete cds
KU975413.1	KU975413.1	G2a	Porcine epidemic diarrhea virus isolate CH-SCMY-4-2014 spike protein (S) gene, complete cds
KU975414.1	KU975414.1	G2a	Porcine epidemic diarrhea virus isolate CH-SCNC-1-2015 spike protein (S) gene, complete cds
KU975415.1	KU975415.1	G2a	Porcine epidemic diarrhea virus isolate CH-SCNC-2-2015 spike protein (S) gene, complete cds
KU975416.1	KU975416.1	G2a	Porcine epidemic diarrhea virus isolate CH-SCNC-3-2015 spike protein (S) gene, complete cds
KU975418.1	KU975418.1	G2a	Porcine epidemic diarrhea virus isolate CH-SCXC-1-2015 spike protein (S) gene, complete cds
KU975419.1	KU975419.1	G2a	Porcine epidemic diarrhea virus isolate CH-SCXC-2-2015 spike protein (S) gene, complete cds
KU975420.1	KU975420.1	G2a	Porcine epidemic diarrhea virus isolate CH-SCYA-1-2014 spike protein (S) gene, complete cds
KU975422.1	KU975422.1	G2a	Porcine epidemic diarrhea virus isolate CH-SCZG-2015 spike protein (S) gene, complete cds
KU975423.1	KU975423.1	G2a	Porcine epidemic diarrhea virus isolate CH-SCYA-2-2014 spike protein (S) gene, complete cds
KX064280.1	KX064280.1	G2a	Porcine epidemic diarrhea virus isolate SD2014, complete genome
KX066126.1	KX066126.1	G2a	Porcine epidemic diarrhea virus strain BJ-2011-C, complete genome
KX073607.1	KX073607.1	G2a	Porcine epidemic diarrhea virus isolate GZGL S protein (S) gene, complete cds
KX073608.1	KX073608.1	G2a	Porcine epidemic diarrhea virus isolate GZZY S protein (S) gene, complete cds
KX073610.1	KX073610.1	G2a	Porcine epidemic diarrhea virus isolate GZMR S protein (S) gene, complete cds
KX532180.1	KX532180.1	G2a	Porcine epidemic diarrhea virus strain CH_SXCH11_2015 spike protein (S), ORF3 protein (ORF3), envelope protein (E), membrane protein (M), and nucleocapsid protein (N) genes, complete cds
KX532181.1	KX532181.1	G2a	Porcine epidemic diarrhea virus strain CH_SXHF18_2015 spike protein (S), ORF3 protein (ORF3), envelope protein (E), membrane protein (M), and nucleocapsid protein (N) genes, complete cds
KX532182.1	KX532182.1	G2a	Porcine epidemic diarrhea virus strain CH_SXJZY15_2015 spike protein (S), ORF3 protein (ORF3), envelope protein (E), membrane protein (M), and nucleocapsid protein (N) genes, complete cds
KX532183.1	KX532183.1	G2a	Porcine epidemic diarrhea virus strain CH_SXTLF10_2015 spike protein (S), ORF3 protein (ORF3), envelope protein (E), membrane protein (M), and nucleocapsid protein (N) genes, complete cds
KX550281.1	KX550281.1	G2a	Porcine epidemic diarrhea virus strain ZJ15XS0101 P1, complete genome
KX580953.1	KX580953.1	G2a	Porcine epidemic diarrhea virus strain KB2013-4, complete genome
KX812523.1	KX812523.1	G2a	Porcine epidemic diarrhea virus isolate XM1-2, complete genome
KX981440.1	KX981440.1	G2a	Porcine epidemic diarrhea virus isolate CH/HNZZ47/2016, complete genome
KY007139.1	KY007139.1	G2a	Porcine epidemic diarrhea virus isolate PEDV-Hjms, complete genome
KY007140.1	KY007140.1	G2a	Porcine epidemic diarrhea virus isolate PEDV-LNsy, complete genome
KY070587.1	KY070587.1	G2a	Porcine epidemic diarrhea virus isolate JSCZ1601, complete genome
KY075782.1	KY075782.1	G2a	Porcine epidemic diarrhea virus strain LNfx1/2014 S protein (S) gene, complete cds
KY075783.1	KY075783.1	G2a	Porcine epidemic diarrhea virus strain LNsy1/2014 S protein (S) gene, complete cds
KY075784.1	KY075784.1	G2a	Porcine epidemic diarrhea virus strain LNsy1/2015 S protein (S) gene, complete cds
KY075786.1	KY075786.1	G2a	Porcine epidemic diarrhea virus strain LNfx1/2015 S protein (S) gene, complete cds
KY075787.1	KY075787.1	G2a	Porcine epidemic diarrhea virus strain LNtL1/2015 S protein (S) gene, complete cds
KY075788.1	KY075788.1	G2a	Porcine epidemic diarrhea virus strain LNyk1/2015 S protein (S) gene, complete cds
KY075789.1	KY075789.1	G2a	Porcine epidemic diarrhea virus strain LNdL1/2015 S protein (S) gene, complete cds
KY075790.1	KY075790.1	G2a	Porcine epidemic diarrhea virus strain LNdd1/2015 S protein (S) gene, complete cds
KY211038.1	KY211038.1	G2a	Porcine epidemic diarrhea virus isolate JZ1S spike protein gene, complete cds
KY211039.1	KY211039.1	G2a	Porcine epidemic diarrhea virus isolate LH1S spike protein gene, complete cds
KY211040.1	KY211040.1	G2a	Porcine epidemic diarrhea virus isolate LH2S spike protein gene, complete cds
KY211041.1	KY211041.1	G2a	Porcine epidemic diarrhea virus isolate LY1S spike protein gene, complete cds
KY211042.1	KY211042.1	G2a	Porcine epidemic diarrhea virus isolate NY1S spike protein gene, complete cds
KY211043.1	KY211043.1	G2a	Porcine epidemic diarrhea virus isolate NY2S spike protein gene, complete cds
KY211045.1	KY211045.1	G2a	Porcine epidemic diarrhea virus isolate NY4S nonfunctional spike protein gene, partial sequence
KY211046.1	KY211046.1	G2a	Porcine epidemic diarrhea virus isolate NY5S spike protein gene, complete cds
KY211047.1	KY211047.1	G2a	Porcine epidemic diarrhea virus isolate NY6S spike protein gene, complete cds
KY211048.1	KY211048.1	G2a	Porcine epidemic diarrhea virus isolate NY7S spike protein gene, complete cds
KY211049.1	KY211049.1	G2a	Porcine epidemic diarrhea virus isolate NY8S nonfunctional spike protein gene, partial sequence
KY211051.1	KY211051.1	G2a	Porcine epidemic diarrhea virus isolate NY10S nonfunctional spike protein gene, partial sequence
KY211053.1	KY211053.1	G2a	Porcine epidemic diarrhea virus isolate PDS2S spike protein gene, complete cds
KY211054.1	KY211054.1	G2a	Porcine epidemic diarrhea virus isolate XC1S nonfunctional spike protein gene, partial sequence
KY211055.1	KY211055.1	G2a	Porcine epidemic diarrhea virus isolate XC2S spike protein gene, complete cds
KY211056.1	KY211056.1	G2a	Porcine epidemic diarrhea virus isolate XX1S spike protein gene, complete cds
KY211057.1	KY211057.1	G2a	Porcine epidemic diarrhea virus isolate XY1S spike protein gene, complete cds
KY211060.1	KY211060.1	G2a	Porcine epidemic diarrhea virus isolate XY4S nonfunctional spike protein gene, partial sequence
KY211062.1	KY211062.1	G2a	Porcine epidemic diarrhea virus isolate XY6S spike protein gene, complete cds
KY211063.1	KY211063.1	G2a	Porcine epidemic diarrhea virus isolate XY7S spike protein gene, complete cds
KY211064.1	KY211064.1	G2a	Porcine epidemic diarrhea virus isolate XY8S nonfunctional spike protein gene, partial sequence
KY211065.1	KY211065.1	G2a	Porcine epidemic diarrhea virus isolate XY9S nonfunctional spike protein gene, partial sequence
KY211066.1	KY211066.1	G2a	Porcine epidemic diarrhea virus isolate ZMD2S spike protein gene, complete cds
KY211067.1	KY211067.1	G2a	Porcine epidemic diarrhea virus isolate ZMD3S spike protein gene, complete cds
KY211068.1	KY211068.1	G2a	Porcine epidemic diarrhea virus isolate ZMD4S nonfunctional spike protein gene, partial sequence
KY211069.1	KY211069.1	G2a	Porcine epidemic diarrhea virus isolate ZMD5S nonfunctional spike protein gene, partial sequence
KY211070.1	KY211070.1	G2a	Porcine epidemic diarrhea virus isolate ZMD7S nonfunctional spike protein gene, partial sequence
KY211071.1	KY211071.1	G2a	Porcine epidemic diarrhea virus isolate ZMD8S nonfunctional spike protein gene, partial sequence
KY211072.1	KY211072.1	G2a	Porcine epidemic diarrhea virus isolate ZMD9S nonfunctional spike protein gene, partial sequence
KY211073.1	KY211073.1	G2a	Porcine epidemic diarrhea virus isolate ZMD10S spike protein gene, complete cds
KY211074.1	KY211074.1	G2a	Porcine epidemic diarrhea virus isolate ZMD11S spike protein gene, complete cds
KY211075.1	KY211075.1	G2a	Porcine epidemic diarrhea virus isolate ZMD12S spike protein gene, complete cds
KY496316.1	KY496316.1	G2a	Porcine epidemic diarrhea virus strain CH_lankao_2016 S protein (S) gene, complete cds
KY496317.1	KY496317.1	G2a	Porcine epidemic diarrhea virus strain CH_nanyang_2015 S protein (S) gene, complete cds
KY496318.1	KY496318.1	G2a	Porcine epidemic diarrhea virus strain CH_nanyang_2016 S protein (S) gene, complete cds
KY496319.1	KY496319.1	G2a	Porcine epidemic diarrhea virus strain CH_shanxi_2015 S protein (S) gene, complete cds
KY496321.1	KY496321.1	G2a	Porcine epidemic diarrhea virus strain CH_weishi_2016 S protein (S) gene, complete cds
KY496322.1	KY496322.1	G2a	Porcine epidemic diarrhea virus strain CH_yuanyang_2015 S protein (S) gene, complete cds
KY607767.1	KY607767.1	G2a	Porcine epidemic diarrhea virus isolate JS201603 spike protein gene, complete cds
KY775037.1	KY775037.1	G2a	Porcine epidemic diarrhea virus isolate HBJM3 spike protein (S) gene, complete cds
KY775039.1	KY775039.1	G2a	Porcine epidemic diarrhea virus isolate HBJZ2 spike protein (S) gene, complete cds
KY775043.1	KY775043.1	G2a	Porcine epidemic diarrhea virus isolate HBXY4 spike protein (S) gene, complete cds
KY775044.1	KY775044.1	G2a	Porcine epidemic diarrhea virus isolate HBXY5 spike protein (S) gene, complete cds
KY775049.1	KY775049.1	G2a	Porcine epidemic diarrhea virus isolate HBHG6 spike protein (S) gene, complete cds
KY775051.1	KY775051.1	G2a	Porcine epidemic diarrhea virus isolate HBEZ1 spike protein (S) gene, complete cds
MF038004.1	MF038004.1	G2a	Porcine epidemic diarrhea virus isolate PED-JS-2015-12-3 spike glycoprotein (S) gene, complete cds
MF038005.1	MF038005.1	G2a	Porcine epidemic diarrhea virus isolate PED-JS-2016-12-2 spike glycoprotein (S) gene, complete cds
MF038006.1	MF038006.1	G2a	Porcine epidemic diarrhea virus isolate PED-JS-2016-12-1 spike glycoprotein (S) gene, complete cds
MF038007.1	MF038007.1	G2a	Porcine epidemic diarrhea virus isolate PED-JS-2015-12-4 spike glycoprotein (S) gene, complete cds
MF038008.1	MF038008.1	G2a	Porcine epidemic diarrhea virus isolate PED-JS-2016-05-1 spike glycoprotein (S) gene, complete cds
MF038009.1	MF038009.1	G2a	Porcine epidemic diarrhea virus isolate PED-JS-2016-05-2 spike glycoprotein (S) gene, complete cds
MF038010.1	MF038010.1	G2a	Porcine epidemic diarrhea virus isolate PED-JS-2016-05-3 spike glycoprotein (S) gene, complete cds
MF038011.1	MF038011.1	G2a	Porcine epidemic diarrhea virus isolate PED-JS-2016-05-4 spike glycoprotein (S) gene, complete cds
MF038012.1	MF038012.1	G2a	Porcine epidemic diarrhea virus isolate PED-JS-2016-05-5 spike glycoprotein (S) gene, complete cds
MF038013.1	MF038013.1	G2a	Porcine epidemic diarrhea virus isolate PED-JS-2016-07-1 spike glycoprotein (S) gene, complete cds
MF038014.1	MF038014.1	G2a	Porcine epidemic diarrhea virus isolate PED-JS-2016-07-2 spike glycoprotein (S) gene, complete cds
MF038015.1	MF038015.1	G2a	Porcine epidemic diarrhea virus isolate PED-JS-2016-01 spike glycoprotein (S) gene, complete cds
MF038016.1	MF038016.1	G2a	Porcine epidemic diarrhea virus isolate PED-JS-2015-12-1 spike glycoprotein (S) gene, complete cds
MF152598.1	MF152598.1	G2a	Porcine epidemic diarrhea virus strain CH/GSTS/2016 spike protein gene, complete cds
MF152600.1	MF152600.1	G2a	Porcine epidemic diarrhea virus strain CH/HNCD/2016 spike protein gene, complete cds
MF152601.1	MF152601.1	G2a	Porcine epidemic diarrhea virus strain CH/HNHB/2016 spike protein gene, complete cds
MF152605.1	MF152605.1	G2a	Porcine epidemic diarrhea virus strain CH/SXXY/2017 spike protein gene, complete cds
MF462814.1	MF462814.1	G2a	Porcine epidemic diarrhea virus strain CH/SXYL/2016, complete genome
MF782686.1	MF782686.1	G2a	Porcine epidemic diarrhea virus strain NW17, complete genome
MF782687.1	MF782687.1	G2a	Porcine epidemic diarrhea virus strain NW8, complete genome
MF807952.1	MF807952.1	G2a	Porcine epidemic diarrhea virus strain B5-HB2017, complete genome
MG020540.1	MG020540.1	G2a	Porcine epidemic diarrhea virus isolate CH-AHSZ-1-2016 spike protein (S) gene, complete cds
MG020544.1	MG020544.1	G2a	Porcine epidemic diarrhea virus isolate CH-JSYC-1-2016 spike protein (S) gene, complete cds
MG020548.1	MG020548.1	G2a	Porcine epidemic diarrhea virus isolate CH-JXXY-1-2016 spike protein (S) gene, complete cds
MG020549.1	MG020549.1	G2a	Porcine epidemic diarrhea virus isolate CH-JXXY-2-2016 spike protein (S) gene, complete cds
MG020550.1	MG020550.1	G2a	Porcine epidemic diarrhea virus isolate CH-JXXY-3-2016 spike protein (S) gene, complete cds
MG020554.1	MG020554.1	G2a	Porcine epidemic diarrhea virus isolate CH-ZJQZ-1-2016 spike protein (S) gene, complete cds
MG020555.1	MG020555.1	G2a	Porcine epidemic diarrhea virus isolate CH-ZJQZ-2-2016 spike protein (S) gene, complete cds
MG132631.1	MG132631.1	G2a	Porcine epidemic diarrhea virus isolate HB1601 spike protein mRNA, complete cds
MG132632.1	MG132632.1	G2a	Porcine epidemic diarrhea virus isolate HB1603 spike protein mRNA, complete cds
MG132633.1	MG132633.1	G2a	Porcine epidemic diarrhea virus isolate HB1604 spike protein mRNA, complete cds
MG132634.1	MG132634.1	G2a	Porcine epidemic diarrhea virus isolate HB1605 spike protein mRNA, complete cds
MG132635.1	MG132635.1	G2a	Porcine epidemic diarrhea virus isolate HB16019 spike protein mRNA, complete cds
MG132636.1	MG132636.1	G2a	Porcine epidemic diarrhea virus isolate HB16022 spike protein mRNA, complete cds
MG198639.1	MG198639.1	G2a	Porcine epidemic diarrhea virus isolate JSHA1601 spike protein gene, complete cds
MG198642.1	MG198642.1	G2a	Porcine epidemic diarrhea virus isolate JSCZ1601 spike protein gene, complete cds
MG198643.1	MG198643.1	G2a	Porcine epidemic diarrhea virus isolate JS-D-1503 spike protein gene, complete cds
MG198647.1	MG198647.1	G2a	Porcine epidemic diarrhea virus isolate JSJR1512 spike protein gene, complete cds
MG198648.1	MG198648.1	G2a	Porcine epidemic diarrhea virus isolate JSLYG1603 spike protein gene, complete cds
MG198649.1	MG198649.1	G2a	Porcine epidemic diarrhea virus isolate JSLYG1603-2 spike protein gene, complete cds
MG198660.1	MG198660.1	G2a	Porcine epidemic diarrhea virus isolate JSSQ1602 spike protein gene, complete cds
MG198668.1	MG198668.1	G2a	Porcine epidemic diarrhea virus isolate SCHC1508 spike protein gene, complete cds
MG198669.1	MG198669.1	G2a	Porcine epidemic diarrhea virus isolate SCLC1405 spike protein gene, complete cds
MG198671.1	MG198671.1	G2a	Porcine epidemic diarrhea virus isolate ZJWL1603 spike protein gene, complete cds
MG546687.1	MG546687.1	G2a	Porcine epidemic diarrhea virus strain CH/BJ9/2015, complete genome
MG546689.1	MG546689.1	G2a	UNVERIFIED: Porcine epidemic diarrhea virus strain CH/HB9/2016 genomic sequence
MG706117.1	MG706117.1	G2a	Porcine epidemic diarrhea virus isolate PED-JS-2017-06 spike protein gene, complete cds
MG706118.1	MG706118.1	G2a	Porcine epidemic diarrhea virus isolate PED-JS-2017-07-2 spike protein gene, complete cds
MG706119.1	MG706119.1	G2a	Porcine epidemic diarrhea virus isolate PED-JS-2017-07-1 spike protein gene, complete cds
MG706120.1	MG706120.1	G2a	Porcine epidemic diarrhea virus isolate PED-JS-2017-01-2 spike protein gene, complete cds
MG706121.1	MG706121.1	G2a	Porcine epidemic diarrhea virus isolate PED-JS-2017-01 spike protein gene, complete cds
MG837011.1	MG837011.1	G2a	Porcine epidemic diarrhea virus isolate CHN/SH-2012-5/2012, complete genome
MG837012.1	MG837012.1	G2a	Porcine epidemic diarrhea virus isolate CHN/SH-2016-4/2016, complete genome
MH053414.1	MH053414.1	G2a	Porcine epidemic diarrhea virus isolate CH/SCZJ/2017 spike protein (S) gene, complete cds
MH053415.1	MH053415.1	G2a	Porcine epidemic diarrhea virus isolate CH/SCTJ/2017 spike protein (S) gene, complete cds
MH053416.1	MH053416.1	G2a	Porcine epidemic diarrhea virus isolate CH/SCQX1/2017 spike protein (S) gene, complete cds
MH053417.1	MH053417.1	G2a	Porcine epidemic diarrhea virus isolate CH/SCQX2/2017 spike protein (S) gene, complete cds
MH056657.1	MH056657.1	G2a	Porcine epidemic diarrhea virus strain JSX2014/ATT, complete genome
MH056658.1	MH056658.1	G2a	Porcine epidemic diarrhea virus strain JSX2014, complete genome
MH061342.1	MH061342.1	G2a	Porcine epidemic diarrhea virus strain CH/SCZJ/2018, complete genome
MH107321.1	MH107321.1	G2a	Porcine epidemic diarrhea virus isolate GDS10, complete genome
MH107322.1	MH107322.1	G2a	Porcine epidemic diarrhea virus isolate GDS23, complete genome
MH117940.1	MH117940.1	G2a	Porcine epidemic diarrhea virus isolate SDSX16, complete genome
MH244927.1	MH244927.1	G2a	Porcine epidemic diarrhea virus strain QY2016 S protein (S) gene, complete cds
MH726362.1	MH726362.1	G2a	Porcine epidemic diarrhea virus isolate GDS05, complete genome
MH726363.1	MH726363.1	G2a	Porcine epidemic diarrhea virus isolate GDS20, complete genome
MH726364.1	MH726364.1	G2a	Porcine epidemic diarrhea virus isolate GDS17, complete genome
MH726365.1	MH726365.1	G2a	Porcine epidemic diarrhea virus isolate GDS25, complete genome
MH726366.1	MH726366.1	G2a	Porcine epidemic diarrhea virus isolate GDS24, complete genome
MH726367.1	MH726367.1	G2a	Porcine epidemic diarrhea virus isolate GDS26, complete genome
MH726368.1	MH726368.1	G2a	Porcine epidemic diarrhea virus isolate GDS22, complete genome
MH726369.1	MH726369.1	G2a	Porcine epidemic diarrhea virus isolate GDS30, complete genome
MH726370.1	MH726370.1	G2a	Porcine epidemic diarrhea virus isolate GDS07, complete genome
MH726373.1	MH726373.1	G2a	Porcine epidemic diarrhea virus isolate GDS13, complete genome
MH726374.1	MH726374.1	G2a	Porcine epidemic diarrhea virus isolate GDS11, complete genome
MH726375.1	MH726375.1	G2a	Porcine epidemic diarrhea virus isolate GDS19, complete genome
MH726376.1	MH726376.1	G2a	Porcine epidemic diarrhea virus isolate GDS18, complete genome
MH726377.1	MH726377.1	G2a	Porcine epidemic diarrhea virus isolate GDS29, complete genome
MH726378.1	MH726378.1	G2a	Porcine epidemic diarrhea virus isolate GDS34, complete genome
MH726379.1	MH726379.1	G2a	Porcine epidemic diarrhea virus isolate GDS33, complete genome
MH726380.1	MH726380.1	G2a	Porcine epidemic diarrhea virus isolate GDS27, complete genome
MH726381.1	MH726381.1	G2a	Porcine epidemic diarrhea virus isolate GDS43, complete genome
MH910099.1	MH910099.1	G2a	UNVERIFIED: Porcine epidemic diarrhea virus isolate JS-2013, complete genome
MH991825.1	MH991825.1	G2a	Porcine epidemic diarrhea virus strain A1-HB2016 S protein (S) gene, complete cds
MH991838.1	MH991838.1	G2a	Porcine epidemic diarrhea virus strain M8-HA2017 S protein (S) gene, complete cds
MH991839.1	MH991839.1	G2a	Porcine epidemic diarrhea virus strain M9-HA2017 S protein (S) gene, complete cds
MH991842.1	MH991842.1	G2a	Porcine epidemic diarrhea virus strain N7-GD2017 S protein (S) gene, complete cds
MH991843.1	MH991843.1	G2a	Porcine epidemic diarrhea virus strain O8-HB2017 S protein (S) gene, complete cds
MH991855.1	MH991855.1	G2a	Porcine epidemic diarrhea virus strain V7-HB2018 S protein (S) gene, complete cds
MH991864.1	MH991864.1	G2a	Porcine epidemic diarrhea virus strain Y9-SX2018 S protein (S) gene, complete cds
MH991865.1	MH991865.1	G2a	Porcine epidemic diarrhea virus strain Z11-HA2018 S protein (S) gene, complete cds
MK093253.1	MK093253.1	G2a	Porcine epidemic diarrhea virus isolate CH/HNXC spike protein gene, complete cds
MK111632.1	MK111632.1	G2a	Porcine epidemic diarrhea virus isolate CH/HNHB/2016 spike protein mRNA, complete cds
MK124712.1	MK124712.1	G2a	Porcine epidemic diarrhea virus strain CH/HNXX/2016 spike protein gene, complete cds
MK138516.1	MK138516.1	G2a	Porcine epidemic diarrhea virus strain V7-HB2018, complete genome
MK532983.1	MK532983.1	G2a	Porcine epidemic diarrhea virus strain B1-HB2017 spike protein (S) gene, complete cds
MK532984.1	MK532984.1	G2a	Porcine epidemic diarrhea virus strain B2-HB2017 spike protein (S) gene, complete cds
MK532985.1	MK532985.1	G2a	Porcine epidemic diarrhea virus strain B3-HB2017 spike protein (S) gene, complete cds
MK532986.1	MK532986.1	G2a	Porcine epidemic diarrhea virus strain B6-HB2017 spike protein (S) gene, complete cds
MK532987.1	MK532987.1	G2a	Porcine epidemic diarrhea virus strain B7-HB2017 spike protein (S) gene, complete cds
MK532988.1	MK532988.1	G2a	Porcine epidemic diarrhea virus strain B8-HB2017 spike protein (S) gene, complete cds
MK533002.1	MK533002.1	G2a	Porcine epidemic diarrhea virus strain N1-GD2017 spike protein (S) gene, complete cds
MK533004.1	MK533004.1	G2a	Porcine epidemic diarrhea virus strain N13-GD2017 spike protein (S) gene, complete cds
MK539948.2	MK539948.2	G2a	Porcine epidemic diarrhea virus isolate CT spike glycoprotein (S) gene, complete cds
MK606368.1	MK606368.1	G2a	Porcine epidemic diarrhea virus isolate CH-HB1-2018, complete genome
MK644604.1	MK644604.1	G2a	Porcine epidemic diarrhea virus isolate N7-GD2017, complete genome
MK656504.1	MK656504.1	G2a	Porcine epidemic diarrhea virus strain JN1806-23 S protein gene, partial cds
MK656508.1	MK656508.1	G2a	Porcine epidemic diarrhea virus strain QD1803-2 S protein gene, partial cds
MK656509.1	MK656509.1	G2a	Porcine epidemic diarrhea virus strain QD1803-5 S protein gene, partial cds
MK656510.1	MK656510.1	G2a	Porcine epidemic diarrhea virus strain QD1804-9 S protein gene, partial cds
MK656511.1	MK656511.1	G2a	Porcine epidemic diarrhea virus strain QD1807-65 S protein gene, partial cds
MK656512.1	MK656512.1	G2a	Porcine epidemic diarrhea virus strain QD1807-67 S protein gene, partial cds
MK656513.1	MK656513.1	G2a	Porcine epidemic diarrhea virus strain QD1807-68 S protein gene, partial cds
MK796238.1	MK796238.1	G2a	Porcine epidemic diarrhea virus strain CN/Liaoning25/2018, complete genome
MK841494.1	MK841494.1	G2a	Porcine epidemic diarrhea virus isolate PEDV SH, complete genome
MK841495.1	MK841495.1	G2a	Porcine epidemic diarrhea virus isolate PEDV YZ, complete genome
MN037494.1	MN037494.1	G2a	Porcine epidemic diarrhea virus strain WHLL, complete genome
MN114121.1	MN114121.1	G2a	Porcine epidemic diarrhea virus isolate CT P10, complete genome
MN368662.1	MN368662.1	G2a	Porcine epidemic diarrhea virus isolate JXyc15 spike protein (S) gene, complete cds
MN368663.1	MN368663.1	G2a	Porcine epidemic diarrhea virus isolate FJly15 spike protein (S) gene, complete cds
MN368664.1	MN368664.1	G2a	Porcine epidemic diarrhea virus isolate FJqz15 spike protein (S) gene, complete cds
MN368666.1	MN368666.1	G2a	Porcine epidemic diarrhea virus isolate GDgz15-1 spike protein (S) gene, complete cds
MN368667.1	MN368667.1	G2a	Porcine epidemic diarrhea virus isolate GDgz15-2 spike protein (S) gene, complete cds
MN368671.1	MN368671.1	G2a	Porcine epidemic diarrhea virus isolate GDmm15 spike protein (S) gene, complete cds
MN368673.1	MN368673.1	G2a	Porcine epidemic diarrhea virus isolate GDsg15-2 spike protein (S) gene, complete cds
MN368674.1	MN368674.1	G2a	Porcine epidemic diarrhea virus isolate GDsg15-3 spike protein (S) gene, complete cds
MN368675.1	MN368675.1	G2a	Porcine epidemic diarrhea virus isolate GDzq15-1 spike protein (S) gene, complete cds
MN368676.1	MN368676.1	G2a	Porcine epidemic diarrhea virus isolate GDzq15-2 spike protein (S) gene, complete cds
MN368680.1	MN368680.1	G2a	Porcine epidemic diarrhea virus isolate HBhg15 spike protein (S) gene, complete cds
MN368688.1	MN368688.1	G2a	Porcine epidemic diarrhea virus isolate GDjm16-2 spike protein (S) gene, complete cds
MN368694.1	MN368694.1	G2a	Porcine epidemic diarrhea virus isolate SCmy17 spike protein (S) gene, complete cds
MN368696.1	MN368696.1	G2a	Porcine epidemic diarrhea virus isolate FJfz17-2 spike protein (S) gene, complete cds
MN368697.1	MN368697.1	G2a	Porcine epidemic diarrhea virus isolate FJqz17-1 spike protein (S) gene, complete cds
MN368706.1	MN368706.1	G2a	Porcine epidemic diarrhea virus isolate GDsg17 spike protein (S) gene, complete cds
MN368710.1	MN368710.1	G2a	Porcine epidemic diarrhea virus isolate FJfz18-1 spike protein (S) gene, complete cds
MN368724.1	MN368724.1	G2a	Porcine epidemic diarrhea virus isolate GDzj18-1 spike protein (S) gene, complete cds
MN412558.1	MN412558.1	G2a	Porcine epidemic diarrhea virus strain HN-HB1/2018 S protein (S) gene, complete cds
MN412559.1	MN412559.1	G2a	Porcine epidemic diarrhea virus strain HN-HB2/2018 S protein (S) gene, complete cds
MN412560.1	MN412560.1	G2a	Porcine epidemic diarrhea virus strain HN-XC1/2018 S protein (S) gene, complete cds
MN412561.1	MN412561.1	G2a	Porcine epidemic diarrhea virus strain HN-XC2/2018 S protein (S) gene, complete cds
MN412562.1	MN412562.1	G2a	Porcine epidemic diarrhea virus strain HN-XX1/2016 S protein (S) gene, complete cds
MN412563.1	MN412563.1	G2a	Porcine epidemic diarrhea virus strain HN-XX2/2016 S protein (S) gene, complete cds
MN412564.1	MN412564.1	G2a	Porcine epidemic diarrhea virus strain HN-XX3/2016 S protein (S) gene, complete cds
MN412565.1	MN412565.1	G2a	Porcine epidemic diarrhea virus strain HN-YY1/2018 S protein (S) gene, complete cds
MN412566.1	MN412566.1	G2a	Porcine epidemic diarrhea virus strain HN-YY2/2018 S protein (S) gene, complete cds
MN412568.1	MN412568.1	G2a	Porcine epidemic diarrhea virus strain HN-PY/2016 S protein (S) gene, complete cds
MN412569.1	MN412569.1	G2a	Porcine epidemic diarrhea virus strain HN-XX/2016 S protein (S) gene, complete cds
MN412573.1	MN412573.1	G2a	Porcine epidemic diarrhea virus strain SX-WS1/2018 S protein (S) gene, complete cds
MN594506.1	MN594506.1	G2a	UNVERIFIED: Porcine epidemic diarrhea virus strain SX-WH, complete genome
MN612069.1	MN612069.1	G2a	Porcine epidemic diarrhea virus strain CH-MDJ-NA03 spike protein gene, complete cds
MN612070.1	MN612070.1	G2a	Porcine epidemic diarrhea virus strain CH-AH-HX122 spike protein gene, complete cds
MN612071.1	MN612071.1	G2a	Porcine epidemic diarrhea virus strain CH-SX-CZ01 spike protein gene, complete cds
MN612072.1	MN612072.1	G2a	Porcine epidemic diarrhea virus strain CH-HeB-XT01 spike protein gene, complete cds
MN612073.1	MN612073.1	G2a	Porcine epidemic diarrhea virus strain CH-SD-WF01 spike protein gene, complete cds
MN612074.1	MN612074.1	G2a	Porcine epidemic diarrhea virus strain CH-HuN-SY01 spike protein gene, complete cds
MN612075.1	MN612075.1	G2a	Porcine epidemic diarrhea virus strain CH-FJ-SM01 spike protein gene, complete cds
MN612076.1	MN612076.1	G2a	Porcine epidemic diarrhea virus strain CH-GD-ZQ01 spike protein gene, complete cds
MN612077.1	MN612077.1	G2a	Porcine epidemic diarrhea virus strain CH-HuB-YC01 spike protein gene, complete cds
MN617863.1	MN617863.1	G2a	Porcine epidemic diarrhea virus isolate CH/SCGY-1/2018 spike protein (S) gene, complete cds
MN721360.1	MN721360.1	G2a	Porcine epidemic diarrhea virus isolate CH-SX-YCDZ spike protein gene, complete cds
MN721361.1	MN721361.1	G2a	Porcine epidemic diarrhea virus isolate CH-Tibet-SN22 spike protein gene, complete cds
MN721362.1	MN721362.1	G2a	Porcine epidemic diarrhea virus isolate CH-SX-YL6567 spike protein gene, complete cds
MN721363.1	MN721363.1	G2a	Porcine epidemic diarrhea virus isolate CH-GS-TS01 spike protein gene, complete cds
MN721365.1	MN721365.1	G2a	Porcine epidemic diarrhea virus isolate CH-GZ-GY254 spike protein gene, complete cds
MN721366.1	MN721366.1	G2a	Porcine epidemic diarrhea virus isolate CH-NX-WZ spike protein gene, complete cds
MN721367.1	MN721367.1	G2a	Porcine epidemic diarrhea virus isolate CH-SC-DY01 spike protein gene, complete cds
MN721368.1	MN721368.1	G2a	Porcine epidemic diarrhea virus isolate CH-SX-YL27 spike protein gene, complete cds
MN721369.1	MN721369.1	G2a	Porcine epidemic diarrhea virus isolate CH-JL-BS7 spike protein gene, complete cds
MN721371.1	MN721371.1	G2a	Porcine epidemic diarrhea virus isolate CH-LN-TL01 spike protein gene, complete cds
MN721372.1	MN721372.1	G2a	Porcine epidemic diarrhea virus isolate CH-LN-CY27 spike protein gene, complete cds
MN721373.1	MN721373.1	G2a	Porcine epidemic diarrhea virus isolate CH-GX-GG27 spike protein gene, complete cds
MN893417.1	MN893417.1	G2a	Porcine epidemic diarrhea virus isolate CH-HNSMX-2016 spike glycoprotein gene, complete cds
MN893424.1	MN893424.1	G2a	Porcine epidemic diarrhea virus isolate CH-HNZK-3-2018 spike glycoprotein gene, complete cds
MN893427.1	MN893427.1	G2a	Porcine epidemic diarrhea virus isolate CH-HNZZ-2017 spike glycoprotein gene, complete cds
MT090138.1	MT090138.1	G2a	Porcine epidemic diarrhea virus strain HN/KF/2019 spike protein (S) gene, complete cds
MT090139.1	MT090139.1	G2a	Porcine epidemic diarrhea virus strain HN/XC/2019 spike protein (S) gene, complete cds
MT090145.1	MT090145.1	G2a	Porcine epidemic diarrhea virus strain CH/HNYY/2018, complete genome
MT294130.1	MT294130.1	G2a	Porcine epidemic diarrhea virus isolate JLSD-2018 spike glycoprotein (S) gene, complete cds
MT338517.1	MT338517.1	G2a	Porcine epidemic diarrhea virus strain CH/HNXX/2016, complete genome
MT547179.1	MT547179.1	G2a	Porcine epidemic diarrhea virus strain 17GXCZ-1ORF3d, complete genome
MT547180.1	MT547180.1	G2a	Porcine epidemic diarrhea virus strain 17GXCZ-1ORF3c, complete genome
MT646162.1	MT646162.1	G2a	Porcine epidemic diarrhea virus isolate YJH/2015, complete genome
MT659926.1	MT659926.1	G2a	Porcine epidemic diarrhea virus, complete genome
MT683617.1	MT683617.1	G2a	Porcine epidemic diarrhea virus strain MSCH, complete genome
MT843280.1	MT843280.1	G2a	Porcine epidemic diarrhea virus, complete genome
MW143081.1	MW143081.1	G2a	Porcine epidemic diarrhea virus isolate JSS02, complete genome
MW143082.1	MW143082.1	G2a	Porcine epidemic diarrhea virus isolate JSS03, complete genome
MW143086.1	MW143086.1	G2a	Porcine epidemic diarrhea virus isolate JSS07, complete genome
MW143087.1	MW143087.1	G2a	Porcine epidemic diarrhea virus isolate JSS08, complete genome
MW143088.1	MW143088.1	G2a	Porcine epidemic diarrhea virus isolate JSS09, complete genome
MW143089.1	MW143089.1	G2a	Porcine epidemic diarrhea virus isolate JSS10, complete genome
MW143090.1	MW143090.1	G2a	Porcine epidemic diarrhea virus isolate JSS11, complete genome
MW143093.1	MW143093.1	G2a	Porcine epidemic diarrhea virus isolate JSS15, complete genome
MW478768.1	MW478768.1	G2a	Porcine epidemic diarrhea virus isolate GDsg09 spike protein (S) gene, complete cds
MW478770.1	MW478770.1	G2a	Porcine epidemic diarrhea virus isolate GDsg11 spike protein (S) gene, complete cds
MW478771.1	MW478771.1	G2a	Porcine epidemic diarrhea virus isolate GDsg12 spike protein (S) gene, complete cds
MW478772.1	MW478772.1	G2a	Porcine epidemic diarrhea virus isolate GDsg13 spike protein (S) gene, complete cds
MW561264.1	MW561264.1	G2a	Porcine epidemic diarrhea virus strain CH/HLJ/18, complete genome
MW762534.1	MW762534.1	G2a	Porcine epidemic diarrhea virus isolate GXNN, complete genome
MW826595.1	MW826595.1	G2a	Porcine epidemic diarrhea virus isolate LP/2017 spike protein (S) gene, complete cds
MW826597.1	MW826597.1	G2a	Porcine epidemic diarrhea virus isolate WF/2017 spike protein (S) gene, complete cds
MZ161047.1	MZ161047.1	G2a	Porcine epidemic diarrhea virus strain CH/HNZZ/06/2020 spike protein (S) gene, complete cds
MZ161060.1	MZ161060.1	G2a	Porcine epidemic diarrhea virus strain CH/GXLP/07/2020 spike protein (S) gene, complete cds
MZ380292.1	MZ380292.1	G2a	Porcine epidemic diarrhea virus isolate CHHN2016, complete genome
MZ712170.1	MZ712170.1	G2a	Porcine epidemic diarrhea virus strain PEDV-KB2013-130, complete genome
OL855978.1	OL855978.1	G2a	UNVERIFIED: Porcine epidemic diarrhea virus isolate SX01-2014 sequence
OL855979.1	OL855979.1	G2a	UNVERIFIED: Porcine epidemic diarrhea virus isolate SX02-2015 sequence
OL907256.1	OL907256.1	G2a	Porcine epidemic diarrhea virus strain CH/SXJC-2019 spike protein (S) gene, complete cds
OL907259.1	OL907259.1	G2a	Porcine epidemic diarrhea virus strain CH-GSWW-2019 spike protein (S) gene, complete cds
OM776958.1	OM776958.1	G2a	Porcine epidemic diarrhea virus isolate CH/HLJ-6/2021, complete genome
OM948910.1	OM948910.1	G2a	Porcine epidemic diarrhea virus isolate CH_SCDZ02_2020 spike protein (S), ORF3 (ORF3), envelope protein (E), membrane protein (M), and nucleocapsid protein (N) genes, complete cds
OM948925.1	OM948925.1	G2a	Porcine epidemic diarrhea virus isolate CH_SCDZ01_2020 spike protein (S) gene, complete cds
ON058990.1	ON058990.1	G2a	Porcine epidemic diarrhea virus strain SCLSSWUN02 spike protein (S), complete cds
ON075821.1	ON075821.1	G2a	UNVERIFIED: Porcine epidemic diarrhea virus isolate SXYC, complete genome
ON168795.1	ON168795.1	G2a	Porcine epidemic diarrhea virus strain CH-SD-LS1702-2017 spike protein gene, complete cds
ON417003.1	ON417003.1	G2a	Porcine epidemic diarrhea virus isolate JS2019-4 spike protein gene, complete cds
OP019344.1	OP019344.1	G2a	Porcine epidemic diarrhea virus isolate PEDV/CH/JC1/2021 spike protein (S) gene, partial cds
OP019355.1	OP019355.1	G2a	Porcine epidemic diarrhea virus isolate PEDV/CH/YF2/2021 spike protein (S) gene, partial cds
OP191700.1	OP191700.1	G2a	Porcine epidemic diarrhea virus strain PEDV GD/HZ/2016, complete genome
OP382083.1	OP382083.1	G2a	Porcine epidemic diarrhea virus isolate PEDV-GX4/2021, complete genome
OP529824.1	OP529824.1	G2a	UNVERIFIED: Porcine epidemic diarrhea virus isolate GS2019-109, complete genome
OP603897.1	OP603897.1	G2a	Porcine epidemic diarrhea virus isolate PEDV-GX6/2021, complete genome
OP727263.1	OP727263.1	G2a	UNVERIFIED_ASMBLY: Porcine epidemic diarrhea virus strain LNct2a spike protein (S) gene, complete cds
OP784565.1	OP784565.1	G2a	Porcine epidemic diarrhea virus isolate PEDV HNCADA-2017, complete genome
OQ122102.1	OQ122102.1	G2a	Porcine epidemic diarrhea virus isolate JXYC/2021 spike protein (S) gene, complete cds
OQ122108.1	OQ122108.1	G2a	Porcine epidemic diarrhea virus isolate HNXY-2/2022 spike protein (S) gene, complete cds
OQ122109.1	OQ122109.1	G2a	Porcine epidemic diarrhea virus isolate HBQJ/2022 spike protein (S) gene, complete cds
OQ349201.1	OQ349201.1	G2a	Porcine epidemic diarrhea virus isolate SHdt3(2021), complete genome
OQ349204.1	OQ349204.1	G2a	Porcine epidemic diarrhea virus isolate FJ1312 spike protein (S) gene, complete cds
OQ349205.1	OQ349205.1	G2a	Porcine epidemic diarrhea virus isolate FJ1401 spike protein (S) gene, complete cds
OQ349206.1	OQ349206.1	G2a	Porcine epidemic diarrhea virus isolate FJ1402 spike protein (S) gene, complete cds
OQ349207.1	OQ349207.1	G2a	Porcine epidemic diarrhea virus isolate FJ1410 spike protein (S) gene, complete cds
OQ349208.1	OQ349208.1	G2a	Porcine epidemic diarrhea virus isolate FJ1516 spike protein (S) gene, complete cds
OQ349210.1	OQ349210.1	G2a	Porcine epidemic diarrhea virus isolate FJ1609 spike protein (S) gene, complete cds
OQ349211.1	OQ349211.1	G2a	Porcine epidemic diarrhea virus isolate FJ1617 spike protein (S) gene, complete cds
OQ349213.1	OQ349213.1	G2a	Porcine epidemic diarrhea virus isolate FJ1919 spike protein (S) gene, complete cds
OQ349215.1	OQ349215.1	G2a	Porcine epidemic diarrhea virus isolate FJ2006 spike protein (S) gene, complete cds
OQ349217.1	OQ349217.1	G2a	Porcine epidemic diarrhea virus isolate FJ170524 spike protein (S) gene, complete cds
OQ349224.1	OQ349224.1	G2a	Porcine epidemic diarrhea virus isolate SHdt3 spike protein (S) gene, complete cds
OQ718863.1	OQ718863.1	G2a	Porcine epidemic diarrhea virus isolate CH-HeN27-2023 spike protein gene, complete cds
OQ723792.1	OQ723792.1	G2a	Porcine epidemic diarrhea virus isolate PEDV CHGS20 spike protein gene, complete cds
OQ858592.1	OQ858592.1	G2a	Porcine epidemic diarrhea virus strain SD-LC, complete genome
OQ979201.1	OQ979201.1	G2a	Porcine epidemic diarrhea virus strain HNZK5, complete genome
OR085244.1	OR085244.1	G2a	Porcine epidemic diarrhea virus isolate PEDV-HuN1-2023, complete genome
OR085281.1	OR085281.1	G2a	Porcine epidemic diarrhea virus isolate PEDV-AHWH8-2022, complete genome
OR085282.1	OR085282.1	G2a	Porcine epidemic diarrhea virus isolate PEDV-AHWH12-2022, complete genome
OR085283.1	OR085283.1	G2a	Porcine epidemic diarrhea virus isolate PEDV-AHWH16-2022, complete genome
OR085284.1	OR085284.1	G2a	Porcine epidemic diarrhea virus isolate PEDV-AHWH1-2022, complete genome
OR085285.1	OR085285.1	G2a	Porcine epidemic diarrhea virus isolate PEDV-SXGL2-2022, complete genome
OR090885.1	OR090885.1	G2a	Porcine epidemic diarrhea virus isolate PEDV/CH/XK/2020, complete genome
OR090886.1	OR090886.1	G2a	Porcine epidemic diarrhea virus isolate PEDV/CH/XY/2020, complete genome
OR090887.1	OR090887.1	G2a	Porcine epidemic diarrhea virus isolate PEDV/CH/XU/2020, complete genome
OR090888.1	OR090888.1	G2a	Porcine epidemic diarrhea virus isolate PEDV/CH/XA/2020, complete genome
OR195029.1	OR195029.1	G2a	Porcine epidemic diarrhea virus strain HB2022-4 spike protein (S) gene, complete cds
OR365272.1	OR365272.1	G2a	Porcine epidemic diarrhea virus strain 17GXCZ-1ORF3d-P30 S protein (S), ORF3 protein (ORF3), E protein (E), M protein (M), and N protein (N) genes, complete cds
OR365273.1	OR365273.1	G2a	Porcine epidemic diarrhea virus strain 17GXCZ-1ORF3d-P60 S protein (S), ORF3 protein (ORF3), E protein (E), M protein (M), and N protein (N) genes, complete cds
OR365274.1	OR365274.1	G2a	Porcine epidemic diarrhea virus strain 17GXCZ-1ORF3d-P90 S protein (S), ORF3 protein (ORF3), E protein (E), M protein (M), and N protein (N) genes, complete cds
OR365275.1	OR365275.1	G2a	Porcine epidemic diarrhea virus strain 17GXCZ-1ORF3d-P120 S protein (S), ORF3 protein (ORF3), E protein (E), M protein (M), and N protein (N) genes, complete cds
OR365276.1	OR365276.1	G2a	Porcine epidemic diarrhea virus strain 17GXCZ-1ORF3c-P30 S protein (S), ORF3 protein (ORF3), E protein (E), M protein (M), and N protein (N) genes, complete cds
OR365277.1	OR365277.1	G2a	Porcine epidemic diarrhea virus strain 17GXCZ-1ORF3c-P60 S protein (S), ORF3 protein (ORF3), E protein (E), M protein (M), and N protein (N) genes, complete cds
OR365278.1	OR365278.1	G2a	Porcine epidemic diarrhea virus strain 17GXCZ-1ORF3c-P90 S protein (S), ORF3 protein (ORF3), E protein (E), M protein (M), and N protein (N) genes, complete cds
OR365279.1	OR365279.1	G2a	Porcine epidemic diarrhea virus strain 17GXCZ-1ORF3c-P120 S protein (S), ORF3 protein (ORF3), E protein (E), M protein (M), and N protein (N) genes, complete cds
OR576822.1	OR576822.1	G2a	Porcine epidemic diarrhea virus isolate CH/JS321/2022 spike protein (S) gene, complete cds
OR596889.1	OR596889.1	G2a	UNVERIFIED: Porcine epidemic diarrhea virus isolate YJH141-2015 genomic sequence
OR707084.1	OR707084.1	G2a	UNVERIFIED_ASMBLY: Porcine epidemic diarrhea virus isolate HN2021, complete genome
OR722805.1	OR722805.1	G2a	Porcine epidemic diarrhea virus isolate CHN-HCHL-2021, complete genome
OR992086.1	OR992086.1	G2a	Porcine epidemic diarrhea virus isolate CH/FST-Y/2017 spike protein (S) gene, complete cds
OR992087.1	OR992087.1	G2a	Porcine epidemic diarrhea virus isolate CH/FST-S/2017 spike protein (S) gene, complete cds
PF141447.1	PF141447.1	G2a	KR 1020230109809-A/3: Attenuated Porcine Epidemic Diarrhea CKT-7N Virus and composition for Porcine Epidemic Diarrhea Vaccine comprising the same
PP395578.1	PP395578.1	G2a	Porcine epidemic diarrhea virus strain SC2021MY spike protein (S) gene, complete cds
PP395582.1	PP395582.1	G2a	Porcine epidemic diarrhea virus strain SC2021CD spike protein (S) gene, complete cds
PP395585.1	PP395585.1	G2a	Porcine epidemic diarrhea virus strain SC2022SN spike protein (S) gene, complete cds
PP395588.1	PP395588.1	G2a	Porcine epidemic diarrhea virus strain SC2022NJ spike protein (S) gene, complete cds
PP580806.1	PP580806.1	G2a	Porcine epidemic diarrhea virus isolate SD-RZ2023 spike protein (S) gene, complete cds
PP723329.1	PP723329.1	G2a	Porcine epidemic diarrhea virus isolate CH/Shanxi-G/2022 spike protein (S) gene, complete cds
PP906229.1	PP906229.1	G2a	Porcine epidemic diarrhea virus strain HB-HG spike protein gene, complete cds
PP923928.1	PP923928.1	G2a	UNVERIFIED: Porcine epidemic diarrhea virus strain PEDV/swine/YN-KM-1404/China/2014/Yunnan spike protein-like gene, partial sequence
PP923931.1	PP923931.1	G2a	UNVERIFIED: Porcine epidemic diarrhea virus strain PEDV/swine/YN-KM-1503/China/2015/Yunnan spike protein-like gene, partial sequence
PP923932.1	PP923932.1	G2a	UNVERIFIED: Porcine epidemic diarrhea virus strain PEDV/swine/YN-QJ-1507/China/2015/Yunnan spike protein-like gene, partial sequence
PP998009.1	PP998009.1	G2a	Porcine epidemic diarrhea virus isolate GX4/2023, complete genome
PQ124000.1	PQ124000.1	G2a	Porcine epidemic diarrhea virus strain SCABTC-PEDV-HH S protein gene, complete cds
PQ284568.1	PQ284568.1	G2a	Porcine epidemic diarrhea virus isolate CH-HNLY-2022 spike protein (S) gene, complete cds
PQ284569.1	PQ284569.1	G2a	Porcine epidemic diarrhea virus isolate CH-HNNY-2022 spike protein (S) gene, complete cds
PQ284570.1	PQ284570.1	G2a	Porcine epidemic diarrhea virus isolate CH-HNXC-2022 spike protein (S) gene, complete cds
PV036770.1	PV036770.1	G2a	Porcine epidemic diarrhea virus isolate HLJ1, complete genome
PV036771.1	PV036771.1	G2a	Porcine epidemic diarrhea virus isolate HLJ2, complete genome
PV164722.1	PV164722.1	G2a	Porcine epidemic diarrhea virus isolate PEDV ZJ22QZ0501 spike protein (S) gene, complete cds
PV164727.1	PV164727.1	G2a	Porcine epidemic diarrhea virus isolate PEDV ZJ23SX0401-01 spike protein (S) gene, complete cds
PV167808.1	PV167808.1	G2a	Porcine epidemic diarrhea virus isolate FJPT-07 spike protein (S) gene, complete cds
PV167809.1	PV167809.1	G2a	Porcine epidemic diarrhea virus isolate FJPT-08 spike protein (S) gene, complete cds
PV167810.1	PV167810.1	G2a	Porcine epidemic diarrhea virus isolate FJPT-09 spike protein (S) gene, complete cds
PV167811.1	PV167811.1	G2a	Porcine epidemic diarrhea virus isolate FJPT-10 spike protein (S) gene, complete cds
PV449162.1	PV449162.1	G2a	Porcine epidemic diarrhea virus isolate CH/HLJ-22, complete genome
PV523943.1	PV523943.1	G2a	Porcine epidemic diarrhea virus isolate AH02-10-CN_2021 spike protein (S) gene, complete cds
PV523944.1	PV523944.1	G2a	Porcine epidemic diarrhea virus isolate AH03-05-CN_2022 spike protein (S) gene, complete cds
PV523945.1	PV523945.1	G2a	Porcine epidemic diarrhea virus isolate AH04-12-CN_2021 spike protein (S) gene, complete cds
PV523946.1	PV523946.1	G2a	Porcine epidemic diarrhea virus isolate GX01-02-CN_2022 spike protein (S) gene, complete cds
PV523947.1	PV523947.1	G2a	Porcine epidemic diarrhea virus isolate GX02-04-CN_2022 spike protein (S) gene, complete cds
PV523948.1	PV523948.1	G2a	Porcine epidemic diarrhea virus isolate GX05-11-CN_2022 spike protein (S) gene, complete cds
PV523949.1	PV523949.1	G2a	Porcine epidemic diarrhea virus isolate HeB01-05-CN_2022 spike protein (S) gene, complete cds
PV523950.1	PV523950.1	G2a	Porcine epidemic diarrhea virus isolate HLJ01-05-CN-2024 spike protein (S) gene, complete cds
PV523951.1	PV523951.1	G2a	Porcine epidemic diarrhea virus isolate HLJ01-12-CN_2021 spike protein (S) gene, complete cds
PV523952.1	PV523952.1	G2a	Porcine epidemic diarrhea virus isolate HuB03-07-CN_2021 spike protein (S) gene, complete cds
PV523953.1	PV523953.1	G2a	Porcine epidemic diarrhea virus isolate SD03-11-CN_2021 spike protein (S) gene, complete cds
PV523954.1	PV523954.1	G2a	Porcine epidemic diarrhea virus isolate SD04-12-CN_2021 spike protein (S) gene, complete cds
PV523955.1	PV523955.1	G2a	Porcine epidemic diarrhea virus isolate ZJ01-01-CN_2022 spike protein (S) gene, complete cds
PV523956.1	PV523956.1	G2a	Porcine epidemic diarrhea virus isolate ZJ04-03-CN_2022 spike protein (S) gene, complete cds
PV536108.1	PV536108.1	G2a	Porcine epidemic diarrhea virus isolate PEDV-SXDD1-2023, partial genome
PV536109.1	PV536109.1	G2a	Porcine epidemic diarrhea virus isolate PEDV-SXDD4-2023, partial genome
PV536110.1	PV536110.1	G2a	Porcine epidemic diarrhea virus isolate PEDV-XJCZ16-2024, partial genome
PV536111.1	PV536111.1	G2a	UNVERIFIED_ASMBLY: Porcine epidemic diarrhea virus isolate PEDV-XJCZ24-2024, partial genome
PV609798.1	PV609798.1	G2a	Porcine epidemic diarrhea virus isolate PEDV GY2401 spike protein (S) gene, complete cds
PV890949.1	PV890949.1	G2a	Porcine epidemic diarrhea virus isolate YN-KM 202505 spike protein gene, complete cds
PX475711.1	PX475711.1	G2a	Porcine epidemic diarrhea virus isolate PEDV-HeiHo-2024, complete genome
PX619215.1	PX619215.1	G2a	UNVERIFIED: Porcine epidemic diarrhea virus isolate SHB/2025-02 genomic sequence
PX652412.1	PX652412.1	G2a	Porcine epidemic diarrhea virus strain WH2 spike protein (S) gene, complete cds
AB857234.1	AB857234.1	G2b	Porcine epidemic diarrhea virus S gene for spike protein, complete cds, strain: GDS02
JN980698.1	JN980698.1	G2b	Porcine epidemic diarrhea virus isolate CHGD-01 spike protein (S) gene, complete cds
JQ239429.1	JQ239429.1	G2b	Porcine epidemic diarrhea virus strain CH1 spike protein (S) gene, complete cds
JQ638915.1	JQ638915.1	G2b	Porcine epidemic diarrhea virus strain CH/GD/2011 spike glycoprotein S2 (S) gene, complete cds
JQ638918.1	JQ638918.1	G2b	Porcine epidemic diarrhea virus strain CH/HBBD/2011 spike glycoprotein S2 (S) gene, complete cds
JX018179.1	JX018179.1	G2b	Porcine epidemic diarrhea virus isolate CH/GXNN/2012 spike protein gene, complete cds
JX145339.1	JX145339.1	G2b	Porcine epidemic diarrhea virus strain CH-GDHY-2011 spike protein mRNA, complete cds
JX188454.1	JX188454.1	G2b	Porcine epidemic diarrhea virus strain AJ1102, complete genome
JX242454.1	JX242454.1	G2b	Porcine epidemic diarrhea virus isolate CH-HYC-08-2011 spike protein gene, partial cds
JX242455.1	JX242455.1	G2b	Porcine epidemic diarrhea virus isolate CH-HYC-10-2011 spike protein gene, partial cds
JX242456.1	JX242456.1	G2b	Porcine epidemic diarrhea virus isolate CH-HYC-11-2011 spike protein gene, partial cds
JX242457.1	JX242457.1	G2b	Porcine epidemic diarrhea virus isolate CH-HYC-12-2011 spike protein gene, partial cds
JX242458.1	JX242458.1	G2b	Porcine epidemic diarrhea virus isolate CH-LC-10-2011 spike protein gene, partial cds
JX242460.1	JX242460.1	G2b	Porcine epidemic diarrhea virus isolate CH-YHC-12-2011 spike protein gene, partial cds
JX242463.1	JX242463.1	G2b	Porcine epidemic diarrhea virus isolate CH-LC-12-2011 spike protein gene, partial cds
JX261936.1	JX261936.1	G2b	Porcine epidemic diarrhea virus strain CHGD-01, complete genome
JX489155.1	JX489155.1	G2b	Porcine epidemic diarrhea virus strain LC, complete genome
JX647847.1	JX647847.1	G2b	Porcine epidemic diarrhea virus strain GD-1, complete genome
KC787536.1	KC787536.1	G2b	Porcine epidemic diarrhea virus isolate CH-CCC-01-2013 spike protein gene, partial cds
KF384500.1	KF384500.1	G2b	Porcine epidemic diarrhea virus strain CH/GDGZ/2012, complete genome
KF601197.1	KF601197.1	G2b	Porcine epidemic diarrhea virus isolate HNCZ/2013 spike protein (S) gene, complete cds
KF601199.1	KF601199.1	G2b	Porcine epidemic diarrhea virus isolate GXHZ/2013 spike protein (S) gene, complete cds
KM089829.1	KM089829.1	G2b	Porcine epidemic diarrhea virus strain GDS01, complete genome
KM225247.1	KM225247.1	G2b	Porcine epidemic diarrhea virus strain YN4-15 spike protein (S) gene, complete cds
KM225248.1	KM225248.1	G2b	Porcine epidemic diarrhea virus strain YN4-30 spike protein (S) gene, complete cds
KM225249.1	KM225249.1	G2b	Porcine epidemic diarrhea virus strain YN4-60 spike protein (S) gene, complete cds
KM225250.1	KM225250.1	G2b	Porcine epidemic diarrhea virus strain YN4-90 spike protein (S) gene, complete cds
KM225251.1	KM225251.1	G2b	Porcine epidemic diarrhea virus strain YN4-120 spike protein (S) gene, complete cds
KM225252.1	KM225252.1	G2b	Porcine epidemic diarrhea virus strain YN4-144 spike protein (S) gene, complete cds
KM609204.1	KM609204.1	G2b	Porcine epidemic diarrhea virus strain PEDV-7C, complete genome
KP399607.1	KP399607.1	G2b	Porcine epidemic diarrhea virus strain CH-SCC-05-2014 S protein (S) gene, complete cds
KP399616.1	KP399616.1	G2b	Porcine epidemic diarrhea virus strain CH-TPC-03-2013 S protein (S) gene, complete cds
KP399619.1	KP399619.1	G2b	Porcine epidemic diarrhea virus strain CH-SHC-12-2013 S protein (S) gene, complete cds
KP399621.1	KP399621.1	G2b	Porcine epidemic diarrhea virus strain CH-QTC-11-2013 S protein (S) gene, complete cds
KP399624.1	KP399624.1	G2b	Porcine epidemic diarrhea virus strain CH-HGCP-12-2013 S protein (S) gene, complete cds
KP399628.1	KP399628.1	G2b	Porcine epidemic diarrhea virus strain CH-CCC-05-2013 S protein (S) gene, complete cds
KP698767.1	KP698767.1	G2b	Porcine epidemic diarrhea virus isolate GD17 spike gene, complete cds
KP765609.1	KP765609.1	G2b	Porcine epidemic diarrhea virus strain FL2013, complete genome
KP870115.1	KP870115.1	G2b	Porcine epidemic diarrhea virus isolate CH/GD-03/2012 spike protein (S) gene, complete cds
KP870119.1	KP870119.1	G2b	Porcine epidemic diarrhea virus isolate CH/GD-07/2012 spike protein (S) gene, complete cds
KP870129.1	KP870129.1	G2b	Porcine epidemic diarrhea virus isolate CH/GD-19/2013 spike protein (S) gene, complete cds
KP870130.1	KP870130.1	G2b	Porcine epidemic diarrhea virus isolate CH/GD-20/2013 spike protein (S) gene, complete cds
KP870139.1	KP870139.1	G2b	Porcine epidemic diarrhea virus isolate CH/GD-29/2014 spike protein (S) gene, complete cds
KT021228.1	KT021228.1	G2b	Porcine epidemic diarrhea virus strain YN15, complete genome
KT021229.1	KT021229.1	G2b	Porcine epidemic diarrhea virus strain YN30, complete genome
KT021230.1	KT021230.1	G2b	Porcine epidemic diarrhea virus strain YN60, complete genome
KT021231.1	KT021231.1	G2b	Porcine epidemic diarrhea virus strain YN90, complete genome
KT021233.1	KT021233.1	G2b	Porcine epidemic diarrhea virus strain YN200, complete genome
KT388421.1	KT388421.1	G2b	Porcine epidemic diarrhea virus isolate CH-CCC-2013 spike glycoprotein gene, complete cds
KT989354.1	KT989354.1	G2b	Porcine epidemic diarrhea virus isolate CH-HNKF-14.7 spike protein gene, complete cds
KT989357.1	KT989357.1	G2b	Porcine epidemic diarrhea virus isolate CH-HNLY-15.4 spike protein gene, complete cds
KU133254.1	KU133254.1	G2b	Porcine epidemic diarrhea virus isolate CH-SDLY-2-2014 spike protein (S) gene, complete cds
KU133255.1	KU133255.1	G2b	Porcine epidemic diarrhea virus isolate CH-SDLY-3-2014 spike protein (S) gene, complete cds
KU380331.1	KU380331.1	G2b	Porcine epidemic diarrhea virus isolate CH-SD01, complete genome
KU646831.1	KU646831.1	G2b	Porcine epidemic diarrhea virus isolate AH2012/12, complete genome
KU985230.1	KU985230.1	G2b	Porcine epidemic diarrhea virus strain GDU spike protein gene, complete cds
KX791060.1	KX791060.1	G2b	Porcine epidemic diarrhea virus isolate CHSD2014, complete genome
KY211050.1	KY211050.1	G2b	Porcine epidemic diarrhea virus isolate NY9S spike protein gene, complete cds
KY211052.1	KY211052.1	G2b	Porcine epidemic diarrhea virus isolate PDS1S spike protein gene, complete cds
KY211061.1	KY211061.1	G2b	Porcine epidemic diarrhea virus isolate XY5S spike protein gene, complete cds
KY775035.1	KY775035.1	G2b	Porcine epidemic diarrhea virus isolate HBJM1 spike protein (S) gene, complete cds
KY775036.1	KY775036.1	G2b	Porcine epidemic diarrhea virus isolate HBJM2 spike protein (S) gene, complete cds
MG132637.1	MG132637.1	G2b	Porcine epidemic diarrhea virus isolate HB160123 spike protein mRNA, complete cds
MG132638.1	MG132638.1	G2b	Porcine epidemic diarrhea virus isolate HB160134 spike protein mRNA, complete cds
MG132639.1	MG132639.1	G2b	Porcine epidemic diarrhea virus isolate HB160135 spike protein mRNA, complete cds
MG198632.1	MG198632.1	G2b	Porcine epidemic diarrhea virus isolate JSNJ1602 spike protein gene, complete cds
MG334004.1	MG334004.1	G2b	Porcine epidemic diarrhea virus isolate YnP3 spike glycoprotein (S) gene, complete cds
MH708895.1	MH708895.1	G2b	Porcine epidemic diarrhea virus isolate FJ2011, complete genome
MH726384.1	MH726384.1	G2b	Porcine epidemic diarrhea virus isolate GDS06, complete genome
MH726385.1	MH726385.1	G2b	Porcine epidemic diarrhea virus isolate GDS08, complete genome
MH726386.1	MH726386.1	G2b	Porcine epidemic diarrhea virus isolate GDS16, complete genome
MH726387.1	MH726387.1	G2b	Porcine epidemic diarrhea virus isolate GDS12, complete genome
MH726388.1	MH726388.1	G2b	Porcine epidemic diarrhea virus isolate GDS36, complete genome
MH726389.1	MH726389.1	G2b	Porcine epidemic diarrhea virus isolate GDS39, complete genome
MH726390.1	MH726390.1	G2b	Porcine epidemic diarrhea virus isolate GDS40, complete genome
MH726391.1	MH726391.1	G2b	Porcine epidemic diarrhea virus isolate GDS15, complete genome
MH726392.1	MH726392.1	G2b	Porcine epidemic diarrhea virus isolate GDS44, complete genome
MH726393.1	MH726393.1	G2b	Porcine epidemic diarrhea virus isolate GDS14, complete genome
MH726394.1	MH726394.1	G2b	Porcine epidemic diarrhea virus isolate GDS31, complete genome
MH726395.1	MH726395.1	G2b	Porcine epidemic diarrhea virus isolate GDS32, complete genome
MH726396.1	MH726396.1	G2b	Porcine epidemic diarrhea virus isolate GDS35, complete genome
MH726397.1	MH726397.1	G2b	Porcine epidemic diarrhea virus isolate GDS38, complete genome
MH726398.1	MH726398.1	G2b	Porcine epidemic diarrhea virus isolate GDS37, complete genome
MH726399.1	MH726399.1	G2b	Porcine epidemic diarrhea virus isolate GDS42, complete genome
MH726400.1	MH726400.1	G2b	Porcine epidemic diarrhea virus isolate GDS45, complete genome
MH726401.1	MH726401.1	G2b	Porcine epidemic diarrhea virus isolate GDS41, complete genome
MH748550.1	MH748550.1	G2b	Porcine epidemic diarrhea virus strain PEDV JS-A, complete genome
MK288006.1	MK288006.1	G2b	Porcine epidemic diarrhea virus isolate FJzz1, complete genome
MK392335.1	MK392335.1	G2b	Porcine epidemic diarrhea virus isolate LW/L, complete genome
MK584552.1	MK584552.1	G2b	Porcine epidemic diarrhea virus strain AJ1102(F12), complete genome
MN368700.1	MN368700.1	G2b	Porcine epidemic diarrhea virus isolate GDhz17 spike protein (S) gene, complete cds
MN368702.1	MN368702.1	G2b	Porcine epidemic diarrhea virus isolate GDjm17-2 spike protein (S) gene, complete cds
MN508818.1	MN508818.1	G2b	Porcine epidemic diarrhea virus isolate SHpd/2012 S protein (S) gene, complete cds
MN759311.1	MN759311.1	G2b	Porcine epidemic diarrhea virus strain GD-XL-2019, complete genome
MW145530.1	MW145530.1	G2b	Porcine epidemic diarrhea virus strain CH/SCMY-2/2019 spike protein (S) gene, complete cds
MW145533.1	MW145533.1	G2b	Porcine epidemic diarrhea virus strain CH/SCZY-2/2020 spike protein (S) gene, complete cds
MW386982.1	MW386982.1	G2b	Porcine epidemic diarrhea virus isolate JX2020, complete genome
MZ161006.1	MZ161006.1	G2b	Porcine epidemic diarrhea virus strain CH/JSSZ/12/2020 spike protein (S) gene, complete cds
MZ161014.1	MZ161014.1	G2b	Porcine epidemic diarrhea virus strain CH/GDYD/12/2020 spike protein (S) gene, complete cds
MZ161018.1	MZ161018.1	G2b	Porcine epidemic diarrhea virus strain CH/HBXT/11/2020 spike protein (S) gene, complete cds
MZ161022.1	MZ161022.1	G2b	Porcine epidemic diarrhea virus strain CH/HNXX/11/2020 spike protein (S) gene, complete cds
MZ161023.1	MZ161023.1	G2b	Porcine epidemic diarrhea virus strain CH/GXDX/10/2020 spike protein (S) gene, complete cds
MZ161024.1	MZ161024.1	G2b	Porcine epidemic diarrhea virus strain CH/HBBX/10/2020 spike protein (S) gene, complete cds
MZ161025.1	MZ161025.1	G2b	Porcine epidemic diarrhea virus strain CH/HBSZ/10/2020 spike protein (S) gene, complete cds
MZ161029.1	MZ161029.1	G2b	Porcine epidemic diarrhea virus strain CH/HBHS/10/2020 spike protein (S) gene, complete cds
MZ161030.1	MZ161030.1	G2b	Porcine epidemic diarrhea virus strain CH/AHBZ/10/2020 spike protein (S) gene, complete cds
MZ161032.1	MZ161032.1	G2b	Porcine epidemic diarrhea virus strain CH/JSSQ/10/2020 spike protein (S) gene, complete cds
MZ161033.1	MZ161033.1	G2b	Porcine epidemic diarrhea virus strain CH/JSJH/10/2020 spike protein (S) gene, complete cds
MZ161034.1	MZ161034.1	G2b	Porcine epidemic diarrhea virus strain CH/SCPZ/10/2020 spike protein (S) gene, complete cds
MZ161035.1	MZ161035.1	G2b	Porcine epidemic diarrhea virus strain CH/AHLA/10/2020 spike protein (S) gene, complete cds
MZ161036.1	MZ161036.1	G2b	Porcine epidemic diarrhea virus strain CH/SCLZ/09/2020 spike protein (S) gene, complete cds
MZ161037.1	MZ161037.1	G2b	Porcine epidemic diarrhea virus strain CH/SCCN/08/2020 spike protein (S) gene, complete cds
MZ161041.1	MZ161041.1	G2b	Porcine epidemic diarrhea virus strain CH/JXPY/07/2020 spike protein (S) gene, complete cds
MZ161046.1	MZ161046.1	G2b	Porcine epidemic diarrhea virus strain CH/SCMY/06/2020 spike protein (S) gene, complete cds
MZ161059.1	MZ161059.1	G2b	Porcine epidemic diarrhea virus strain CH/HNLY/03/2020 spike protein (S) gene, complete cds
MZ161078.1	MZ161078.1	G2b	Porcine epidemic diarrhea virus strain CH/SCYT/05/2020 spike protein (S) gene, complete cds
MZ364307.1	MZ364307.1	G2b	Porcine epidemic diarrhea virus strain CH/GX/PEDV/938/2016, complete genome
MZ364308.1	MZ364308.1	G2b	Porcine epidemic diarrhea virus strain CH/GX/PEDV/997/2016, complete genome
MZ364309.1	MZ364309.1	G2b	Porcine epidemic diarrhea virus strain CH/GX/PEDV/1008/2016, complete genome
MZ364314.1	MZ364314.1	G2b	Porcine epidemic diarrhea virus strain CH/GX/PEDV/2373/2018, complete genome
MZ581326.1	MZ581326.1	G2b	Porcine epidemic diarrhea virus strain YN150, complete genome
MZ604716.1	MZ604716.1	G2b	Porcine epidemic diarrhea virus strain YN17, complete genome
OM201218.1	OM201218.1	G2b	Porcine epidemic diarrhea virus isolate PEDV/JL89 spike protein gene, complete cds
ON248872.1	ON248872.1	G2b	Porcine epidemic diarrhea virus strain PEDV/CN/Anhui/Sinder202109-1 spike protein gene, complete cds
ON262797.1	ON262797.1	G2b	Porcine epidemic diarrhea virus strain AH2012/12-P102, complete genome
ON571549.1	ON571549.1	G2b	Porcine epidemic diarrhea virus isolate JS2021, complete genome
ON649885.1	ON649885.1	G2b	Porcine epidemic diarrhea virus strain JS-B, complete genome
OP019333.1	OP019333.1	G2b	Porcine epidemic diarrhea virus isolate PEDV/CH/BZ/2021 spike protein (S) gene, partial cds
OP171888.1	OP171888.1	G2b	Porcine epidemic diarrhea virus isolate FJLY02-2017 spike protein (S) gene, complete cds
OP171891.1	OP171891.1	G2b	Porcine epidemic diarrhea virus isolate FJLY03-2016 spike protein (S) gene, complete cds
OP171892.1	OP171892.1	G2b	Porcine epidemic diarrhea virus isolate FJLY03-2017 spike protein (S) gene, complete cds
OP287015.1	OP287015.1	G2b	Porcine epidemic diarrhea virus isolate JS-A, complete genome
OP374021.1	OP374021.1	G2b	Porcine epidemic diarrhea virus isolate PEDV/CHN/Guizhou/Sinder202206-2 spike gene, complete cds
OP894120.1	OP894120.1	G2b	UNVERIFIED: Porcine epidemic diarrhea virus isolate PEDV SD/2020, complete genome
OP972835.1	OP972835.1	G2b	Porcine epidemic diarrhea virus isolate YNBS/2022, complete genome
OQ122098.1	OQ122098.1	G2b	Porcine epidemic diarrhea virus isolate HBXG/2022 spike protein (S) gene, complete cds
OQ122103.1	OQ122103.1	G2b	Porcine epidemic diarrhea virus isolate HBXT/2021 spike protein (S) gene, complete cds
OQ122105.1	OQ122105.1	G2b	Porcine epidemic diarrhea virus isolate FJLY/2021 spike protein (S) gene, complete cds
OQ122111.1	OQ122111.1	G2b	Porcine epidemic diarrhea virus isolate JXGZ/2022 spike protein (S) gene, complete cds
OQ349221.1	OQ349221.1	G2b	Porcine epidemic diarrhea virus isolate JSyj10 spike protein (S) gene, partial cds
OQ437174.1	OQ437174.1	G2b	Porcine epidemic diarrhea virus strain YNLP/2022, complete genome
OQ589489.1	OQ589489.1	G2b	Porcine epidemic diarrhea virus strain attenuated AJ1102-R, complete genome
OR001817.1	OR001817.1	G2b	Porcine epidemic diarrhea virus isolate A22073101 spike protein (S) gene, complete cds
OR085298.1	OR085298.1	G2b	Porcine epidemic diarrhea virus isolate PEDV-HeNNX12-2022, complete genome
OR085299.1	OR085299.1	G2b	Porcine epidemic diarrhea virus isolate PEDV-NMCL2-2022, complete genome
OR085300.1	OR085300.1	G2b	Porcine epidemic diarrhea virus isolate PEDV-NMBB1-2023, complete genome
OR085309.1	OR085309.1	G2b	Porcine epidemic diarrhea virus isolate PEDV-HuNYF4-2022, complete genome
OR085310.1	OR085310.1	G2b	Porcine epidemic diarrhea virus isolate PEDV-HuNYF3-2022, complete genome
OR085311.1	OR085311.1	G2b	Porcine epidemic diarrhea virus isolate PEDV-HuNYF2-2022, complete genome
OR479072.1	OR479072.1	G2b	Porcine epidemic diarrhea virus isolate CH/GD2101 spike protein (S) gene, complete cds
OR479073.1	OR479073.1	G2b	Porcine epidemic diarrhea virus isolate CH/GD2201 spike protein (S) gene, complete cds
OR479074.1	OR479074.1	G2b	Porcine epidemic diarrhea virus isolate CH/GD2301 spike protein (S) gene, complete cds
OR479075.1	OR479075.1	G2b	Porcine epidemic diarrhea virus isolate CH/GX2101 spike protein (S) gene, complete cds
OR479076.1	OR479076.1	G2b	Porcine epidemic diarrhea virus isolate CH/GX2201 spike protein (S) gene, complete cds
OR479077.1	OR479077.1	G2b	Porcine epidemic diarrhea virus isolate CH/GX2301 spike protein (S) gene, complete cds
OR479078.1	OR479078.1	G2b	Porcine epidemic diarrhea virus isolate CH/JX2101 spike protein (S) gene, complete cds
OR479079.1	OR479079.1	G2b	Porcine epidemic diarrhea virus isolate CH/JX2201 spike protein (S) gene, complete cds
OR576821.1	OR576821.1	G2b	Porcine epidemic diarrhea virus isolate CH/GD441/2022 spike protein (S) gene, complete cds
PP395584.1	PP395584.1	G2b	Porcine epidemic diarrhea virus strain SC2022YA spike protein (S) gene, complete cds
PP580808.1	PP580808.1	G2b	Porcine epidemic diarrhea virus isolate AH-FY2022 spike protein (S) gene, complete cds
PP580811.1	PP580811.1	G2b	Porcine epidemic diarrhea virus isolate SD-TA2022 spike protein (S) gene, complete cds
PP580813.1	PP580813.1	G2b	Porcine epidemic diarrhea virus isolate GD-GZ2020-10 spike protein (S) gene, complete cds
PP723328.1	PP723328.1	G2b	Porcine epidemic diarrhea virus isolate CH/Guangdong-S/2022 spike protein (S) gene, complete cds
PP901935.1	PP901935.1	G2b	Porcine epidemic diarrhea virus isolate PEDV/CN/JLTH spike protein (S) gene, partial cds
PQ284571.1	PQ284571.1	G2b	Porcine epidemic diarrhea virus isolate CH-SX1-2023 spike protein (S) gene, complete cds
PQ284572.1	PQ284572.1	G2b	Porcine epidemic diarrhea virus isolate CH-SX2-2023 spike protein (S) gene, complete cds
PV036769.1	PV036769.1	G2b	Porcine epidemic diarrhea virus isolate HLJ5, complete genome
PV146395.1	PV146395.1	G2b	Porcine epidemic diarrhea virus isolate PEDV/CHN/SW34/2023 S protein (S) gene, partial cds
PV146397.1	PV146397.1	G2b	Porcine epidemic diarrhea virus isolate PEDV/CHN/SW36/2023 S protein (S) gene, partial cds
PV164728.1	PV164728.1	G2b	Porcine epidemic diarrhea virus isolate PEDV ZJ23TZ0201-01 spike protein (S) gene, complete cds
PV523941.1	PV523941.1	G2b	Porcine epidemic diarrhea virus isolate AH02-04-CN_2024 spike protein (S) gene, complete cds
PV523942.1	PV523942.1	G2b	Porcine epidemic diarrhea virus isolate GX03-05-CN_2024 spike protein (S) gene, complete cds
PV536080.1	PV536080.1	G2b	Porcine epidemic diarrhea virus isolate PEDV-GDYL30-2022, partial genome
PV536081.1	PV536081.1	G2b	Porcine epidemic diarrhea virus isolate PEDV-GDYL9-2022, partial genome
PV536106.1	PV536106.1	G2b	Porcine epidemic diarrhea virus isolate PEDV-NMBB15-2023, partial genome
PV609800.1	PV609800.1	G2b	Porcine epidemic diarrhea virus isolate PEDV LZ2401 spike protein (S) gene, partial cds
PV614330.1	PV614330.1	G2b	Porcine epidemic diarrhea virus isolate SN2401 spike protein (S) gene, partial cds
PV641626.1	PV641626.1	G2b	Porcine epidemic diarrhea virus isolate PEDV ZY2402 spike protein (S) gene, partial cds
PV641632.1	PV641632.1	G2b	Porcine epidemic diarrhea virus isolate PEDV CD2404 spike protein (S) gene, complete cds
PV695983.1	PV695983.1	G2b	Porcine epidemic diarrhea virus isolate HB-2024, complete genome
PV844369.1	PV844369.1	G2b	Porcine epidemic diarrhea virus isolate G2b spike protein gene, complete cds
PV844370.1	PV844370.1	G2b	Porcine epidemic diarrhea virus isolate G2b spike protein gene, complete cds
PX229706.1	PX229706.1	G2b	Porcine epidemic diarrhea virus isolate JS-CZYZ202201 spike protein gene, partial cds
PX482649.1	PX482649.1	G2b	Porcine epidemic diarrhea virus isolate CH-SWM-LS, complete genome
PX652413.1	PX652413.1	G2b	Porcine epidemic diarrhea virus strain P2C spike protein (S) gene, complete cds
KF840551.1	KF840551.1	G2c	Porcine epidemic diarrhea virus isolate CH/HuBWHYQ/2012 spike protein (S), hypothetical protein (ORF3), envelope protein (E), membrane protein (M), and nucleocapsid protein (N) genes, complete cds
KM609206.1	KM609206.1	G2c	Porcine epidemic diarrhea virus strain PEDV-10F, complete genome
KM609212.1	KM609212.1	G2c	Porcine epidemic diarrhea virus strain PEDV-LYG, complete genome
KM609213.1	KM609213.1	G2c	Porcine epidemic diarrhea virus strain PEDV-WS, complete genome
KR153326.1	KR153326.1	G2c	Porcine epidemic diarrhea virus strain CH/GDZHDM/1401, complete genome
KR296667.1	KR296667.1	G2c	Porcine epidemic diarrhea virus strain CH-HGC-01-2015 S protein (S) gene, complete cds
KR296670.1	KR296670.1	G2c	Porcine epidemic diarrhea virus strain CH-QTC-01-2015 S protein (S) gene, complete cds
KR296683.1	KR296683.1	G2c	Porcine epidemic diarrhea virus strain CH-CLC-01-2015 S protein (S) gene, complete cds
KR809885.1	KR809885.1	G2c	Porcine epidemic diarrhea virus isolate CH/HNAY/2015, complete genome
KT199103.1	KT199103.1	G2c	Porcine epidemic diarrhea virus isolate CH/HNLH/2015, complete genome
KT239505.1	KT239505.1	G2c	UNVERIFIED: Porcine epidemic diarrhea virus strain AHFY-1 spike protein-like gene, complete sequence
KT239507.1	KT239507.1	G2c	UNVERIFIED: Porcine epidemic diarrhea virus strain AHSZ-1 spike protein-like gene, complete sequence
KT239511.1	KT239511.1	G2c	UNVERIFIED: Porcine epidemic diarrhea virus strain AHHF-3 spike protein-like gene, complete sequence
KT239512.1	KT239512.1	G2c	UNVERIFIED: Porcine epidemic diarrhea virus strain AHCZ-1 spike protein-like gene, complete sequence
KT239516.1	KT239516.1	G2c	UNVERIFIED: Porcine epidemic diarrhea virus strain AHLA-1 spike protein-like gene, complete sequence
KT239518.1	KT239518.1	G2c	UNVERIFIED: Porcine epidemic diarrhea virus strain AHTL-1 spike protein-like gene, complete sequence
KT239519.1	KT239519.1	G2c	UNVERIFIED: Porcine epidemic diarrhea virus strain AHBZ-1 spike protein-like gene, complete sequence
KT388410.1	KT388410.1	G2c	Porcine epidemic diarrhea virus isolate CH-YYC-2025 spike glycoprotein gene, complete cds
KT388413.1	KT388413.1	G2c	Porcine epidemic diarrhea virus isolate CH-XDC-2015 spike glycoprotein gene, complete cds
KT428879.1	KT428879.1	G2c	Porcine epidemic diarrhea virus strain YC2014 spike protein (S) gene, complete cds
KT989356.1	KT989356.1	G2c	Porcine epidemic diarrhea virus isolate CH-HNKF-15.1 spike protein gene, complete cds
KT989362.1	KT989362.1	G2c	Porcine epidemic diarrhea virus isolate CH-HNHB-15.3 spike protein gene, complete cds
KT989363.1	KT989363.1	G2c	Porcine epidemic diarrhea virus isolate CH-HNHB-14.11 spike protein gene, complete cds
KU133236.1	KU133236.1	G2c	Porcine epidemic diarrhea virus isolate CH-SDDP-1-2014 spike protein (S) gene, complete cds
KU133238.1	KU133238.1	G2c	Porcine epidemic diarrhea virus isolate CH-SDDP-3-2014 spike protein (S) gene, complete cds
KU133247.1	KU133247.1	G2c	Porcine epidemic diarrhea virus isolate CH-SDLS-1-2014 spike protein (S) gene, complete cds
KU133248.1	KU133248.1	G2c	Porcine epidemic diarrhea virus isolate CH-SDLS-2-2014 spike protein (S) gene, complete cds
KU133250.1	KU133250.1	G2c	Porcine epidemic diarrhea virus isolate CH-SDLY-1-2013 spike protein (S) gene, complete cds
KU133251.1	KU133251.1	G2c	Porcine epidemic diarrhea virus isolate CH-SDLY-1-2014 spike protein (S) gene, complete cds
KU133259.1	KU133259.1	G2c	Porcine epidemic diarrhea virus isolate CH-SDQF-4-2014 spike protein (S) gene, complete cds
KU133269.1	KU133269.1	G2c	Porcine epidemic diarrhea virus isolate CH-SDZC-2015 spike protein (S) gene, complete cds
KU237217.1	KU237217.1	G2c	Porcine epidemic diarrhea virus strain HJ S protein (S) gene, complete cds
KU237219.1	KU237219.1	G2c	Porcine epidemic diarrhea virus strain JY S protein (S) gene, complete cds
KU237220.1	KU237220.1	G2c	Porcine epidemic diarrhea virus strain KF S protein (S) gene, complete cds
KU237222.1	KU237222.1	G2c	Porcine epidemic diarrhea virus strain MZ S protein (S) gene, complete cds
KU237223.1	KU237223.1	G2c	Porcine epidemic diarrhea virus strain NH S protein (S) gene, complete cds
KU237224.1	KU237224.1	G2c	Porcine epidemic diarrhea virus strain PDS S protein (S) gene, complete cds
KU237225.1	KU237225.1	G2c	Porcine epidemic diarrhea virus strain QX1 S protein (S) gene, complete cds
KU237226.1	KU237226.1	G2c	Porcine epidemic diarrhea virus strain QX2 S protein (S) gene, complete cds
KU237227.1	KU237227.1	G2c	Porcine epidemic diarrhea virus strain QX3 S protein (S) gene, complete cds
KU237229.1	KU237229.1	G2c	Porcine epidemic diarrhea virus strain WZ1 S protein (S) gene, complete cds
KU237230.1	KU237230.1	G2c	Porcine epidemic diarrhea virus strain WZ2 S protein (S) gene, complete cds
KU237231.1	KU237231.1	G2c	Porcine epidemic diarrhea virus strain XX S protein (S) gene, complete cds
KU237233.1	KU237233.1	G2c	UNVERIFIED: Porcine epidemic diarrhea virus strain YZ1 S protein (S) gene, complete cds
KU252649.1	KU252649.1	G2c	Porcine epidemic diarrhea virus strain YC2014, complete genome
KU556276.1	KU556276.1	G2c	UNVERIFIED: Porcine epidemic diarrhea virus isolate HF-90 S protein-like gene, partial sequence
KU556277.1	KU556277.1	G2c	UNVERIFIED: Porcine epidemic diarrhea virus isolate HF-91 S protein-like gene, partial sequence
KU556278.1	KU556278.1	G2c	UNVERIFIED: Porcine epidemic diarrhea virus isolate LY1-27 S protein-like gene, complete sequence
KU556279.1	KU556279.1	G2c	UNVERIFIED: Porcine epidemic diarrhea virus isolate LY2-39 S protein-like gene, complete sequence
KU556280.1	KU556280.1	G2c	UNVERIFIED: Porcine epidemic diarrhea virus isolate LY2-46 S protein-like gene, complete sequence
KU556281.1	KU556281.1	G2c	UNVERIFIED: Porcine epidemic diarrhea virus isolate LY2-51 S protein-like gene, partial sequence
KU556286.1	KU556286.1	G2c	UNVERIFIED: Porcine epidemic diarrhea virus isolate LY4-98 S protein-like gene, partial sequence
KU556287.1	KU556287.1	G2c	UNVERIFIED: Porcine epidemic diarrhea virus isolate LY2-60 S protein-like gene, complete sequence
KU743294.1	KU743294.1	G2c	Porcine epidemic diarrhea virus strain AHCZ-2 spike protein (S) gene, complete cds
KU743295.1	KU743295.1	G2c	Porcine epidemic diarrhea virus strain AHAQ-2 spike protein (S) gene, complete cds
KU743296.1	KU743296.1	G2c	Porcine epidemic diarrhea virus strain AHSZ-2 spike protein (S) gene, complete cds
KU743297.1	KU743297.1	G2c	Porcine epidemic diarrhea virus strain AHHF-4 spike protein (S) gene, complete cds
KU743298.1	KU743298.1	G2c	Porcine epidemic diarrhea virus strain AHHB-1 spike protein (S) gene, complete cds
KU743299.1	KU743299.1	G2c	Porcine epidemic diarrhea virus strain AHCZ-1 spike protein (S) gene, complete cds
KU975405.1	KU975405.1	G2c	Porcine epidemic diarrhea virus isolate CH-SCAY-2014 spike protein (S) gene, complete cds
KX016034.1	KX016034.1	G2c	Porcine epidemic diarrhea virus isolate CH/GDZHDM/1401, complete genome
KX058031.1	KX058031.1	G2c	UNVERIFIED: Porcine epidemic diarrhea virus strain CH/JX/01/P0, complete genome
KX073609.1	KX073609.1	G2c	Porcine epidemic diarrhea virus isolate GZKY S protein (S) gene, complete cds
KX812524.1	KX812524.1	G2c	Porcine epidemic diarrhea virus isolate XM2-4, complete genome
KY211058.1	KY211058.1	G2c	Porcine epidemic diarrhea virus isolate XY2S spike protein gene, complete cds
KY496313.1	KY496313.1	G2c	Porcine epidemic diarrhea virus strain CH_huaiyang_2015 S protein (S) gene, complete cds
KY496315.1	KY496315.1	G2c	Porcine epidemic diarrhea virus strain CH_hubei_2016 S protein (S) gene, complete cds
KY496320.1	KY496320.1	G2c	Porcine epidemic diarrhea virus strain CH_sheqi_2015 S protein (S) gene, complete cds
KY649107.1	KY649107.1	G2c	Porcine epidemic diarrhea virus strain CH-HNKF-16, complete genome
KY679906.1	KY679906.1	G2c	Porcine epidemic diarrhea virus isolate SDSX16 S protein (S) gene, complete cds
KY775038.1	KY775038.1	G2c	Porcine epidemic diarrhea virus isolate BHJZ1 spike protein (S) gene, complete cds
KY775040.1	KY775040.1	G2c	Porcine epidemic diarrhea virus isolate HBXY1 spike protein (S) gene, complete cds
KY775041.1	KY775041.1	G2c	Porcine epidemic diarrhea virus isolate HBXY2 spike protein (S) gene, complete cds
KY775042.1	KY775042.1	G2c	Porcine epidemic diarrhea virus isolate HBXY3 spike protein (S) gene, complete cds
KY775045.1	KY775045.1	G2c	Porcine epidemic diarrhea virus isolate HBHG1 spike protein (S) gene, complete cds
KY775046.1	KY775046.1	G2c	Porcine epidemic diarrhea virus isolate HBHG2 spike protein (S) gene, complete cds
KY775047.1	KY775047.1	G2c	Porcine epidemic diarrhea virus isolate HBHG3 spike protein (S) gene, complete cds
KY775048.1	KY775048.1	G2c	Porcine epidemic diarrhea virus isolate HBHG4 spike protein (S) gene, complete cds
KY775050.1	KY775050.1	G2c	Porcine epidemic diarrhea virus isolate HBHG5 spike protein (S) gene, complete cds
KY793536.1	KY793536.1	G2c	Porcine epidemic diarrhea virus strain CH/GX/2015/750A, complete genome
KY928065.1	KY928065.1	G2c	Porcine epidemic diarrhea virus isolate CH_hubei_2016, complete genome
MF152596.1	MF152596.1	G2c	Porcine epidemic diarrhea virus strain CH/HNXJ/2016 spike protein gene, complete cds
MF152597.1	MF152597.1	G2c	Porcine epidemic diarrhea virus strain CH/HN7/2016 spike protein gene, complete cds
MF152599.1	MF152599.1	G2c	Porcine epidemic diarrhea virus strain CH/HNXY/2016 spike protein gene, complete cds
MF152602.1	MF152602.1	G2c	Porcine epidemic diarrhea virus strain CH/XJKT/2016 spike protein gene, complete cds
MF152603.1	MF152603.1	G2c	Porcine epidemic diarrhea virus strain CH/HNLB/2017 spike protein gene, complete cds
MF152604.1	MF152604.1	G2c	Porcine epidemic diarrhea virus strain CH/HNPJ/2017 spike protein gene, complete cds
MF346935.1	MF346935.1	G2c	Porcine epidemic diarrhea virus isolate CH/JLDH/2016, complete genome
MF375374.1	MF375374.1	G2c	Porcine epidemic diarrhea virus isolate CH/JXJA/2017, complete genome
MF807951.1	MF807951.1	G2c	Porcine epidemic diarrhea virus strain C3-HB2017, complete genome
MG020538.1	MG020538.1	G2c	Porcine epidemic diarrhea virus isolate CH-AHBB-1-2016 spike protein (S) gene, complete cds
MG020539.1	MG020539.1	G2c	Porcine epidemic diarrhea virus isolate CH-AHHX-1-2016 spike protein (S) gene, complete cds
MG020541.1	MG020541.1	G2c	Porcine epidemic diarrhea virus isolate CH-AHXC-1-2016 spike protein (S) gene, complete cds
MG020542.1	MG020542.1	G2c	Porcine epidemic diarrhea virus isolate CH-HBMC-1-2016 spike protein (S) gene, complete cds
MG020543.1	MG020543.1	G2c	Porcine epidemic diarrhea virus isolate CH-HBMC-2-2016 spike protein (S) gene, complete cds
MG020545.1	MG020545.1	G2c	Porcine epidemic diarrhea virus isolate CH-JSZJ-1-2016 spike protein (S) gene, complete cds
MG020546.1	MG020546.1	G2c	Porcine epidemic diarrhea virus isolate CH-JSZJ-2-2016 spike protein (S) gene, complete cds
MG020547.1	MG020547.1	G2c	Porcine epidemic diarrhea virus isolate CH-JXJJ-1-2016 spike protein (S) gene, complete cds
MG020551.1	MG020551.1	G2c	Porcine epidemic diarrhea virus isolate CH-ML-1-2016 spike protein (S) gene, complete cds
MG020552.1	MG020552.1	G2c	Porcine epidemic diarrhea virus isolate CH-ML-2-2016 spike protein (S) gene, complete cds
MG020553.1	MG020553.1	G2c	Porcine epidemic diarrhea virus isolate CH-ZJLS-1-2016 spike protein (S) gene, complete cds
MG198637.1	MG198637.1	G2c	Porcine epidemic diarrhea virus isolate JSYC1601 spike protein gene, complete cds
MG198644.1	MG198644.1	G2c	Porcine epidemic diarrhea virus isolate JSDT1505 spike protein gene, complete cds
MG198646.1	MG198646.1	G2c	Porcine epidemic diarrhea virus isolate JSHA1602 spike protein gene, complete cds
MG198650.1	MG198650.1	G2c	Porcine epidemic diarrhea virus isolate JSPZ1412 spike protein gene, complete cds
MG198652.1	MG198652.1	G2c	Porcine epidemic diarrhea virus isolate JSSH1506 spike protein gene, complete cds
MG198653.1	MG198653.1	G2c	Porcine epidemic diarrhea virus isolate JSSH1603 spike protein gene, complete cds
MG198657.1	MG198657.1	G2c	Porcine epidemic diarrhea virus isolate JSSQ1507 spike protein gene, complete cds
MG198658.1	MG198658.1	G2c	Porcine epidemic diarrhea virus isolate JSSQ1508 spike protein gene, complete cds
MG198661.1	MG198661.1	G2c	Porcine epidemic diarrhea virus isolate JSSQLH15 spike protein gene, complete cds
MG198662.1	MG198662.1	G2c	Porcine epidemic diarrhea virus isolate JSSY1505 spike protein gene, complete cds
MG198663.1	MG198663.1	G2c	Porcine epidemic diarrhea virus isolate JSSY1603 spike protein gene, complete cds
MG198666.1	MG198666.1	G2c	Porcine epidemic diarrhea virus isolate JSTZ1505 spike protein gene, complete cds
MG198667.1	MG198667.1	G2c	Porcine epidemic diarrhea virus isolate JSYZ1511 spike protein gene, complete cds
MG198670.1	MG198670.1	G2c	Porcine epidemic diarrhea virus isolate SHHC2016 spike protein gene, complete cds
MG334002.1	MG334002.1	G2c	Porcine epidemic diarrhea virus isolate YnP1 spike glycoprotein (S) gene, complete cds
MG334003.1	MG334003.1	G2c	Porcine epidemic diarrhea virus isolate YnP2 spike glycoprotein (S) gene, complete cds
MG334007.1	MG334007.1	G2c	Porcine epidemic diarrhea virus isolate YnP6 spike glycoprotein (S) gene, complete cds
MG334008.1	MG334008.1	G2c	Porcine epidemic diarrhea virus isolate YnP7 spike glycoprotein (S) gene, complete cds
MG334009.1	MG334009.1	G2c	Porcine epidemic diarrhea virus isolate YnP8 spike glycoprotein (S) gene, complete cds
MG334010.1	MG334010.1	G2c	Porcine epidemic diarrhea virus isolate YnP9 spike glycoprotein (S) gene, complete cds
MG546688.1	MG546688.1	G2c	UNVERIFIED: Porcine epidemic diarrhea virus strain CH/BJ2/2016 genomic sequence
MG546690.1	MG546690.1	G2c	Porcine epidemic diarrhea virus strain CH/BJ11/2016, complete genome
MG983755.1	MG983755.1	G2c	Porcine epidemic diarrhea virus strain GDgh, complete genome
MH003891.1	MH003891.1	G2c	Porcine epidemic diarrhea virus strain HM2017 spike protein (S) gene, complete cds
MH053412.1	MH053412.1	G2c	Porcine epidemic diarrhea virus isolate CH/SCMZ/2017 spike protein (S) gene, complete cds
MH053413.1	MH053413.1	G2c	Porcine epidemic diarrhea virus isolate CH/SCSH/2018 spike protein (S) gene, complete cds
MH053418.1	MH053418.1	G2c	Porcine epidemic diarrhea virus isolate CH/SCAZ1/2017 spike protein (S) gene, complete cds
MH053419.1	MH053419.1	G2c	Porcine epidemic diarrhea virus isolate CH/SCCZ/2017 spike protein (S) gene, complete cds
MH053420.1	MH053420.1	G2c	Porcine epidemic diarrhea virus isolate CH/SCJY/2018 spike protein (S) gene, complete cds
MH061337.1	MH061337.1	G2c	Porcine epidemic diarrhea virus strain CH/SCZG/2017, complete genome
MH061339.1	MH061339.1	G2c	Porcine epidemic diarrhea virus strain CH/SCAZ10/2017, complete genome
MH061340.1	MH061340.1	G2c	Porcine epidemic diarrhea virus strain CH/SCZY103/2017, complete genome
MH061341.1	MH061341.1	G2c	Porcine epidemic diarrhea virus strain CH/SCLS/2018, complete genome
MH581489.1	MH581489.1	G2c	Porcine epidemic diarrhea virus isolate CH/HBTS/2017, complete genome
MH593139.1	MH593139.1	G2c	Porcine epidemic diarrhea virus isolate CH/SCSH425/2018 spike protein (S) gene, complete cds
MH593140.1	MH593140.1	G2c	Porcine epidemic diarrhea virus isolate CH/SCDY503/2018 spike protein (S) gene, complete cds
MH593142.1	MH593142.1	G2c	Porcine epidemic diarrhea virus isolate CH/SCQL517/2018 spike protein (S) gene, complete cds
MH593143.1	MH593143.1	G2c	Porcine epidemic diarrhea virus isolate CH/SCDL/2018 spike protein (S) gene, complete cds
MH593144.1	MH593144.1	G2c	Porcine epidemic diarrhea virus isolate CH/SCDY523/2018 spike protein (S) gene, complete cds
MH593145.1	MH593145.1	G2c	Porcine epidemic diarrhea virus isolate CH/SCSH525/2018 spike protein (S) gene, complete cds
MH593146.1	MH593146.1	G2c	Porcine epidemic diarrhea virus isolate CH/SCZZ/2018 spike protein (S) gene, complete cds
MH593147.1	MH593147.1	G2c	Porcine epidemic diarrhea virus isolate CH/SCPZ/2018 spike protein (S) gene, complete cds
MH593149.1	MH593149.1	G2c	Porcine epidemic diarrhea virus isolate CH/SCYA/2018 spike protein (S) gene, complete cds
MH593150.1	MH593150.1	G2c	Porcine epidemic diarrhea virus isolate CH/SCLS608/2018 spike protein (S) gene, complete cds
MH593151.1	MH593151.1	G2c	Porcine epidemic diarrhea virus isolate CH/SCXH/2018 spike protein (S) gene, complete cds
MH593153.1	MH593153.1	G2c	Porcine epidemic diarrhea virus isolate CH/SCBC/2018 spike protein (S) gene, complete cds
MH593893.1	MH593893.1	G2c	Porcine epidemic diarrhea virus isolate CH/TP/4-4/2018 spike protein (S) gene, complete cds
MH593895.1	MH593895.1	G2c	Porcine epidemic diarrhea virus isolate CH/TP/D15/2018 spike protein (S) gene, complete cds
MH678638.1	MH678638.1	G2c	Porcine epidemic diarrhea virus isolate CH/SCJY710/2018 spike protein (S) gene, complete cds
MH708243.1	MH708243.1	G2c	Porcine epidemic diarrhea virus strain H11-SD2017, complete genome
MH726371.1	MH726371.1	G2c	Porcine epidemic diarrhea virus isolate GDS21, complete genome
MH726372.1	MH726372.1	G2c	Porcine epidemic diarrhea virus isolate GDS28, complete genome
MH726382.1	MH726382.1	G2c	Porcine epidemic diarrhea virus isolate GDS47, complete genome
MH726383.1	MH726383.1	G2c	Porcine epidemic diarrhea virus isolate GDS50, complete genome
MH726402.1	MH726402.1	G2c	Porcine epidemic diarrhea virus isolate GDS46, complete genome
MH726403.1	MH726403.1	G2c	Porcine epidemic diarrhea virus isolate GDS51, complete genome
MH726404.1	MH726404.1	G2c	Porcine epidemic diarrhea virus isolate GDS53, complete genome
MH726405.1	MH726405.1	G2c	Porcine epidemic diarrhea virus isolate GDS48, complete genome
MH726406.1	MH726406.1	G2c	Porcine epidemic diarrhea virus isolate GDS49, complete genome
MH726407.1	MH726407.1	G2c	Porcine epidemic diarrhea virus isolate GDS52, complete genome
MH816969.1	MH816969.1	G2c	Porcine epidemic diarrhea virus strain CH/HBXT/2018 spike glycoprotein gene, complete cds
MH893764.1	MH893764.1	G2c	Porcine epidemic diarrhea virus isolate HB2016-1 spike protein (S) gene, complete cds
MH991826.1	MH991826.1	G2c	Porcine epidemic diarrhea virus strain A3-GD2016 S protein (S) gene, complete cds
MH991827.1	MH991827.1	G2c	Porcine epidemic diarrhea virus strain B10-GD2017 S protein (S) gene, complete cds
MH991828.1	MH991828.1	G2c	Porcine epidemic diarrhea virus strain E3-SX2017 S protein (S) gene, complete cds
MH991829.1	MH991829.1	G2c	Porcine epidemic diarrhea virus strain E6-SN2017 S protein (S) gene, complete cds
MH991830.1	MH991830.1	G2c	Porcine epidemic diarrhea virus strain F11-HB2017 S protein (S) gene, complete cds
MH991831.1	MH991831.1	G2c	Porcine epidemic diarrhea virus strain F12-HA2017 S protein (S) gene, complete cds
MH991832.1	MH991832.1	G2c	Porcine epidemic diarrhea virus strain G2-HE2017 S protein (S) gene, complete cds
MH991833.1	MH991833.1	G2c	Porcine epidemic diarrhea virus strain G7-SC2017 S protein (S) gene, complete cds
MH991834.1	MH991834.1	G2c	Porcine epidemic diarrhea virus strain H13-HA2017 S protein (S) gene, complete cds
MH991835.1	MH991835.1	G2c	Porcine epidemic diarrhea virus strain J3-HA2017 S protein (S) gene, complete cds
MH991836.1	MH991836.1	G2c	Porcine epidemic diarrhea virus strain L6-HB2017 S protein (S) gene, complete cds
MH991837.1	MH991837.1	G2c	Porcine epidemic diarrhea virus strain M3-SX2017 S protein (S) gene, complete cds
MH991840.1	MH991840.1	G2c	Porcine epidemic diarrhea virus strain N14-ZJ2017 S protein (S) gene, complete cds
MH991841.1	MH991841.1	G2c	Porcine epidemic diarrhea virus strain N5-ZJ2017 S protein (S) gene, complete cds
MH991844.1	MH991844.1	G2c	Porcine epidemic diarrhea virus strain P12-HB2017 S protein (S) gene, complete cds
MH991845.1	MH991845.1	G2c	Porcine epidemic diarrhea virus strain PA2-HB2018 S protein (S) gene, complete cds
MH991846.1	MH991846.1	G2c	Porcine epidemic diarrhea virus strain PA3-GD2018 S protein (S) gene, complete cds
MH991847.1	MH991847.1	G2c	Porcine epidemic diarrhea virus strain Q10-HB2017 S protein (S) gene, complete cds
MH991848.1	MH991848.1	G2c	Porcine epidemic diarrhea virus strain Q1-AH2017 S protein (S) gene, complete cds
MH991849.1	MH991849.1	G2c	Porcine epidemic diarrhea virus strain R3-GD2017 S protein (S) gene, complete cds
MH991850.1	MH991850.1	G2c	Porcine epidemic diarrhea virus strain S1-GD2018 S protein (S) gene, complete cds
MH991851.1	MH991851.1	G2c	Porcine epidemic diarrhea virus strain T10-HB2018 S protein (S) gene, complete cds
MH991852.1	MH991852.1	G2c	Porcine epidemic diarrhea virus strain T5-HA2018 S protein (S) gene, complete cds
MH991853.1	MH991853.1	G2c	Porcine epidemic diarrhea virus strain U2-HA2018 S protein (S) gene, complete cds
MH991854.1	MH991854.1	G2c	Porcine epidemic diarrhea virus strain V1-HB2018 S protein (S) gene, complete cds
MH991856.1	MH991856.1	G2c	Porcine epidemic diarrhea virus strain W3-AH2018 S protein (S) gene, complete cds
MH991857.1	MH991857.1	G2c	Porcine epidemic diarrhea virus strain W6-HB2018 S protein (S) gene, complete cds
MH991858.1	MH991858.1	G2c	Porcine epidemic diarrhea virus strain W8-JS2018 S protein (S) gene, complete cds
MH991859.1	MH991859.1	G2c	Porcine epidemic diarrhea virus strain X2-GD2018 S protein (S) gene, complete cds
MH991860.1	MH991860.1	G2c	Porcine epidemic diarrhea virus strain Y11-FJ2018 S protein (S) gene, complete cds
MH991861.1	MH991861.1	G2c	Porcine epidemic diarrhea virus strain Y17-ZJ2018 S protein (S) gene, complete cds
MH991862.1	MH991862.1	G2c	Porcine epidemic diarrhea virus strain Y1-HA2018 S protein (S) gene, complete cds
MH991863.1	MH991863.1	G2c	Porcine epidemic diarrhea virus strain Y2-HA2018 S protein (S) gene, complete cds
MH991866.1	MH991866.1	G2c	Porcine epidemic diarrhea virus strain Z1-HB2018 S protein (S) gene, complete cds
MH991867.1	MH991867.1	G2c	Porcine epidemic diarrhea virus strain Z7-HA2018 S protein (S) gene, complete cds
MH991868.1	MH991868.1	G2c	Porcine epidemic diarrhea virus strain Z8-HB2018 S protein (S) gene, complete cds
MK111633.1	MK111633.1	G2c	Porcine epidemic diarrhea virus isolate CH/HNAY/2016 spike protein gene, complete cds
MK138353.1	MK138353.1	G2c	Porcine epidemic diarrhea virus strain G2, complete genome
MK140814.1	MK140814.1	G2c	Porcine epidemic diarrhea virus isolate CH/TP-4-4/2018, complete genome
MK250953.1	MK250953.1	G2c	Porcine epidemic diarrhea virus strain ZJ/ZX2018-C10, complete genome
MK532982.1	MK532982.1	G2c	Porcine epidemic diarrhea virus strain A2-GD2016 spike protein (S) gene, complete cds
MK532989.1	MK532989.1	G2c	Porcine epidemic diarrhea virus strain B9-GD2017 spike protein (S) gene, complete cds
MK532990.1	MK532990.1	G2c	Porcine epidemic diarrhea virus strain C1-GD2017 spike protein (S) gene, complete cds
MK532991.1	MK532991.1	G2c	Porcine epidemic diarrhea virus strain C2-HB2017 spike protein (S) gene, complete cds
MK532992.1	MK532992.1	G2c	Porcine epidemic diarrhea virus strain E5-SN2017 spike protein (S) gene, complete cds
MK532993.1	MK532993.1	G2c	Porcine epidemic diarrhea virus strain F14-HA2017 spike protein (S) gene, complete cds
MK532994.1	MK532994.1	G2c	Porcine epidemic diarrhea virus strain H1-SD2017 spike protein (S) gene, complete cds
MK532995.1	MK532995.1	G2c	Porcine epidemic diarrhea virus strain L1-HB2017 spike protein (S) gene, complete cds
MK532996.1	MK532996.1	G2c	Porcine epidemic diarrhea virus strain M5-SX2017 spike protein (S) gene, complete cds
MK532997.1	MK532997.1	G2c	Porcine epidemic diarrhea virus strain M6-SX2017 spike protein (S) gene, complete cds
MK532998.1	MK532998.1	G2c	Porcine epidemic diarrhea virus strain M11-SX2017 spike protein (S) gene, complete cds
MK532999.1	MK532999.1	G2c	Porcine epidemic diarrhea virus strain M12-SX2017 spike protein (S) gene, complete cds
MK533000.1	MK533000.1	G2c	Porcine epidemic diarrhea virus strain M13-SX2017 spike protein (S) gene, complete cds
MK533001.1	MK533001.1	G2c	Porcine epidemic diarrhea virus strain M16-SX2017 spike protein (S) gene, complete cds
MK533003.1	MK533003.1	G2c	Porcine epidemic diarrhea virus strain N12-GD2017 spike protein (S) gene, complete cds
MK533005.1	MK533005.1	G2c	Porcine epidemic diarrhea virus strain P13-HB2017 spike protein (S) gene, complete cds
MK533006.1	MK533006.1	G2c	Porcine epidemic diarrhea virus strain PA4-GD2018 spike protein (S) gene, complete cds
MK533007.1	MK533007.1	G2c	Porcine epidemic diarrhea virus strain PB1-SD2018 spike protein (S) gene, complete cds
MK533008.1	MK533008.1	G2c	Porcine epidemic diarrhea virus strain Q2-AH2017 spike protein (S) gene, complete cds
MK533009.1	MK533009.1	G2c	Porcine epidemic diarrhea virus strain S2-GD2018 spike protein (S) gene, complete cds
MK533010.1	MK533010.1	G2c	Porcine epidemic diarrhea virus strain V15-HB2018 spike protein (S) gene, complete cds
MK592415.1	MK592415.1	G2c	Porcine epidemic diarrhea virus isolate SWUN19/CH/SCZY/2018 spike protein (S) gene, complete cds
MK592416.1	MK592416.1	G2c	Porcine epidemic diarrhea virus isolate SWUN2/CH/SCXC/2018 spike protein (S) gene, complete cds
MK598819.1	MK598819.1	G2c	Porcine epidemic diarrhea virus isolate CH/SCZY/2018 spike protein (S) gene, complete cds
MK598820.1	MK598820.1	G2c	Porcine epidemic diarrhea virus isolate CH/SCXC/2018 spike protein (S) gene, complete cds
MK598821.1	MK598821.1	G2c	Porcine epidemic diarrhea virus isolate CH/SCXC/2018 spike protein (S) gene, complete cds
MK606369.1	MK606369.1	G2c	Porcine epidemic diarrhea virus isolate CH-HB2-2018, complete genome
MK628688.1	MK628688.1	G2c	Porcine epidemic diarrhea virus spike protein gene, complete cds
MK644601.1	MK644601.1	G2c	Porcine epidemic diarrhea virus isolate G2-HE2017, complete genome
MK644602.1	MK644602.1	G2c	Porcine epidemic diarrhea virus isolate L6-HB2017, complete genome
MK644603.1	MK644603.1	G2c	Porcine epidemic diarrhea virus isolate M3-SX2017, complete genome
MK644605.1	MK644605.1	G2c	Porcine epidemic diarrhea virus isolate T10-HB2018, complete genome
MK656505.1	MK656505.1	G2c	Porcine epidemic diarrhea virus strain JN1806-24 S protein gene, partial cds
MK656506.1	MK656506.1	G2c	Porcine epidemic diarrhea virus strain JN1806-28 S protein gene, partial cds
MK656507.1	MK656507.1	G2c	Porcine epidemic diarrhea virus strain JN1806-31 S protein gene, complete cds
MK685665.1	MK685665.1	G2c	Porcine epidemic diarrhea virus isolate CH-SCNJ-2019 spike protein (S) gene, complete cds
MK690502.1	MK690502.1	G2c	Porcine epidemic diarrhea virus isolate HM2017, complete genome
MK702008.1	MK702008.1	G2c	Porcine epidemic diarrhea virus isolate SNJ-P, complete genome
MK726310.1	MK726310.1	G2c	Porcine epidemic diarrhea virus strain CH/HNZK/201709 spike protein gene, complete cds
MK820037.1	MK820037.1	G2c	Porcine epidemic diarrhea virus isolate swun-18-CH-SCLS-2019 spike protein (S) gene, complete cds
MK820038.1	MK820038.1	G2c	Porcine epidemic diarrhea virus isolate swun-3CH-CH-SCZG-2019 spike protein (S) gene, complete cds
MK820039.1	MK820039.1	G2c	Porcine epidemic diarrhea virus isolate swun-MY-CH-SCMY-2019 spike protein (S) gene, complete cds
MK820040.1	MK820040.1	G2c	Porcine epidemic diarrhea virus isolate swun-H1-CH-SCYA-2019 spike protein (S) gene, complete cds
MK820041.1	MK820041.1	G2c	Porcine epidemic diarrhea virus isolate swun-Y1-CH-SCCQ-2019 spike protein (S) gene, complete cds
MK862249.1	MK862249.1	G2c	Porcine epidemic diarrhea virus strain HeN170821, complete genome
MN161584.1	MN161584.1	G2c	Porcine epidemic diarrhea virus strain SWUN-C6-CH-SCYA-2019 spike protein (S) gene, complete cds
MN213154.1	MN213154.1	G2c	Porcine epidemic diarrhea virus isolate CH/SCXM/2019 spike protein gene, complete cds
MN368665.1	MN368665.1	G2c	Porcine epidemic diarrhea virus isolate FJzz15 spike protein (S) gene, complete cds
MN368668.1	MN368668.1	G2c	Porcine epidemic diarrhea virus isolate GDhy15 spike protein (S) gene, complete cds
MN368669.1	MN368669.1	G2c	Porcine epidemic diarrhea virus isolate GDhz15 spike protein (S) gene, complete cds
MN368670.1	MN368670.1	G2c	Porcine epidemic diarrhea virus isolate GDjm15 spike protein (S) gene, complete cds
MN368672.1	MN368672.1	G2c	Porcine epidemic diarrhea virus isolate GDsg15-1 spike protein (S) gene, complete cds
MN368677.1	MN368677.1	G2c	Porcine epidemic diarrhea virus isolate GDzq15-3 spike protein (S) gene, complete cds
MN368678.1	MN368678.1	G2c	Porcine epidemic diarrhea virus isolate GXnn15 spike protein (S) gene, complete cds
MN368679.1	MN368679.1	G2c	Porcine epidemic diarrhea virus isolate GZgy15 spike protein (S) gene, complete cds
MN368681.1	MN368681.1	G2c	Porcine epidemic diarrhea virus isolate JXgz15 spike protein (S) gene, complete cds
MN368682.1	MN368682.1	G2c	Porcine epidemic diarrhea virus isolate GDzq16 spike protein (S) gene, complete cds
MN368683.1	MN368683.1	G2c	Porcine epidemic diarrhea virus isolate FJqz16 spike protein (S) gene, complete cds
MN368684.1	MN368684.1	G2c	Porcine epidemic diarrhea virus isolate GDfs16 spike protein (S) gene, complete cds
MN368685.1	MN368685.1	G2c	Porcine epidemic diarrhea virus isolate GDhy16 spike protein (S) gene, complete cds
MN368686.1	MN368686.1	G2c	Porcine epidemic diarrhea virus isolate GDhz16 spike protein (S) gene, complete cds
MN368687.1	MN368687.1	G2c	Porcine epidemic diarrhea virus isolate GDjm16-1 spike protein (S) gene, complete cds
MN368689.1	MN368689.1	G2c	Porcine epidemic diarrhea virus isolate GDjx16 spike protein (S) gene, complete cds
MN368690.1	MN368690.1	G2c	Porcine epidemic diarrhea virus isolate GDsg16-1 spike protein (S) gene, complete cds
MN368691.1	MN368691.1	G2c	Porcine epidemic diarrhea virus isolate GDsg16-2 spike protein (S) gene, complete cds
MN368692.1	MN368692.1	G2c	Porcine epidemic diarrhea virus isolate GDyj16 spike protein (S) gene, complete cds
MN368693.1	MN368693.1	G2c	Porcine epidemic diarrhea virus isolate GDdg17 spike protein (S) gene, complete cds
MN368695.1	MN368695.1	G2c	Porcine epidemic diarrhea virus isolate FJfz17-1 spike protein (S) gene, complete cds
MN368698.1	MN368698.1	G2c	Porcine epidemic diarrhea virus isolate FJqz17-2 spike protein (S) gene, complete cds
MN368699.1	MN368699.1	G2c	Porcine epidemic diarrhea virus isolate GDhy17 spike protein (S) gene, complete cds
MN368703.1	MN368703.1	G2c	Porcine epidemic diarrhea virus isolate GDjm17-3 spike protein (S) gene, complete cds
MN368704.1	MN368704.1	G2c	Porcine epidemic diarrhea virus isolate GDmm17-1 spike protein (S) gene, complete cds
MN368705.1	MN368705.1	G2c	Porcine epidemic diarrhea virus isolate GDmm17-2 spike protein (S) gene, complete cds
MN368707.1	MN368707.1	G2c	Porcine epidemic diarrhea virus isolate HNcz17 spike protein (S) gene, complete cds
MN368708.1	MN368708.1	G2c	Porcine epidemic diarrhea virus isolate JXnc17 spike protein (S) gene, complete cds
MN368709.1	MN368709.1	G2c	Porcine epidemic diarrhea virus isolate SDbz18 spike protein (S) gene, complete cds
MN368711.1	MN368711.1	G2c	Porcine epidemic diarrhea virus isolate FJfz18-2 spike protein (S) gene, complete cds
MN368712.1	MN368712.1	G2c	Porcine epidemic diarrhea virus isolate FJqz18 spike protein (S) gene, complete cds
MN368713.1	MN368713.1	G2c	Porcine epidemic diarrhea virus isolate GDhy18-1 spike protein (S) gene, complete cds
MN368714.1	MN368714.1	G2c	Porcine epidemic diarrhea virus isolate GDhy18-2 spike protein (S) gene, complete cds
MN368715.1	MN368715.1	G2c	Porcine epidemic diarrhea virus isolate GDhy18-3 spike protein (S) gene, complete cds
MN368716.1	MN368716.1	G2c	Porcine epidemic diarrhea virus isolate GDhz18 spike protein (S) gene, complete cds
MN368717.1	MN368717.1	G2c	Porcine epidemic diarrhea virus isolate GDjm18-1 spike protein (S) gene, complete cds
MN368719.1	MN368719.1	G2c	Porcine epidemic diarrhea virus isolate GDmm18-1 spike protein (S) gene, complete cds
MN368720.1	MN368720.1	G2c	Porcine epidemic diarrhea virus isolate GDmm18-2 spike protein (S) gene, complete cds
MN368721.1	MN368721.1	G2c	Porcine epidemic diarrhea virus isolate GDsg18-1 spike protein (S) gene, complete cds
MN368722.1	MN368722.1	G2c	Porcine epidemic diarrhea virus isolate GDsg18-2 spike protein (S) gene, complete cds
MN368723.1	MN368723.1	G2c	Porcine epidemic diarrhea virus isolate GDst18 spike protein (S) gene, complete cds
MN368725.1	MN368725.1	G2c	Porcine epidemic diarrhea virus isolate GDzj18-2 spike protein (S) gene, complete cds
MN412557.1	MN412557.1	G2c	Porcine epidemic diarrhea virus strain HN-JY/2018 S protein (S) gene, complete cds
MN412567.1	MN412567.1	G2c	Porcine epidemic diarrhea virus strain HN-KF/2017 S protein (S) gene, complete cds
MN412570.1	MN412570.1	G2c	Porcine epidemic diarrhea virus strain HN-XZ/2017 S protein (S) gene, complete cds
MN412571.1	MN412571.1	G2c	Porcine epidemic diarrhea virus strain SX-TY1/2017 S protein (S) gene, complete cds
MN412572.1	MN412572.1	G2c	Porcine epidemic diarrhea virus strain SX-TY2/2017 S protein (S) gene, complete cds
MN412574.1	MN412574.1	G2c	Porcine epidemic diarrhea virus strain SX-WS2/2018 S protein (S) gene, complete cds
MN617858.1	MN617858.1	G2c	Porcine epidemic diarrhea virus isolate CH/SCCD-1/2018 spike protein (S) gene, complete cds
MN617859.1	MN617859.1	G2c	Porcine epidemic diarrhea virus isolate CH/SCCD-2/2018 spike protein (S) gene, complete cds
MN617860.1	MN617860.1	G2c	Porcine epidemic diarrhea virus isolate CH/SCMS-1/2018 spike protein (S) gene, complete cds
MN617861.1	MN617861.1	G2c	Porcine epidemic diarrhea virus isolate CH/SCZY-1/2018 spike protein (S) gene, complete cds
MN617862.1	MN617862.1	G2c	Porcine epidemic diarrhea virus isolate CH/SCMY-1/2018 spike protein (S) gene, complete cds
MN617864.1	MN617864.1	G2c	Porcine epidemic diarrhea virus isolate CH/SCLS-1/2018 spike protein (S) gene, complete cds
MN617865.1	MN617865.1	G2c	Porcine epidemic diarrhea virus isolate CH/SCYB-1/2018 spike protein (S) gene, complete cds
MN617866.1	MN617866.1	G2c	Porcine epidemic diarrhea virus isolate CH/SCQL-1/2018 spike protein (S) gene, complete cds
MN617867.1	MN617867.1	G2c	Porcine epidemic diarrhea virus isolate CH/SCQL-2/2018 spike protein (S) gene, complete cds
MN841671.1	MN841671.1	G2c	Porcine epidemic diarrhea virus strain SHXX1902, complete genome
MN893406.1	MN893406.1	G2c	Porcine epidemic diarrhea virus isolate CH-HNAY-2016 spike glycoprotein gene, complete cds
MN893407.1	MN893407.1	G2c	Porcine epidemic diarrhea virus isolate CH-HNAY-2017 spike glycoprotein gene, complete cds
MN893411.1	MN893411.1	G2c	Porcine epidemic diarrhea virus isolate CH-HNLH-2016 spike glycoprotein gene, complete cds
MN893412.1	MN893412.1	G2c	Porcine epidemic diarrhea virus isolate CH-HNLH-2017 spike glycoprotein gene, complete cds
MN893413.1	MN893413.1	G2c	Porcine epidemic diarrhea virus isolate CH-HNNY-2017 spike glycoprotein gene, complete cds
MN893416.1	MN893416.1	G2c	Porcine epidemic diarrhea virus isolate CH-HNPY-2016 spike glycoprotein gene, complete cds
MN893418.1	MN893418.1	G2c	Porcine epidemic diarrhea virus isolate CH-HNXX-2017 spike glycoprotein gene, complete cds
MN893419.1	MN893419.1	G2c	Porcine epidemic diarrhea virus isolate CH-HNXY-1-2017 spike glycoprotein gene, complete cds
MN893420.1	MN893420.1	G2c	Porcine epidemic diarrhea virus isolate CH-HNXY-2-2017 spike glycoprotein gene, complete cds
MN893421.1	MN893421.1	G2c	Porcine epidemic diarrhea virus isolate CH-HNXY-3-2018 spike glycoprotein gene, complete cds
MN893422.1	MN893422.1	G2c	Porcine epidemic diarrhea virus isolate CH-HNZK-1-2017 spike glycoprotein gene, complete cds
MN893423.1	MN893423.1	G2c	Porcine epidemic diarrhea virus isolate CH-HNZK-2-2018 spike glycoprotein gene, complete cds
MN893425.1	MN893425.1	G2c	Porcine epidemic diarrhea virus isolate CH-HNZK-4-2017 spike glycoprotein gene, complete cds
MT031819.1	MT031819.1	G2c	Porcine epidemic diarrhea virus strain CH/CC-1/2018 spike protein (S) gene, complete cds
MT031820.1	MT031820.1	G2c	Porcine epidemic diarrhea virus strain CH/CC-2/2018 spike protein (S) gene, complete cds
MT090137.1	MT090137.1	G2c	Porcine epidemic diarrhea virus strain HN/HX/2019 spike protein (S) gene, complete cds
MT090140.1	MT090140.1	G2c	Porcine epidemic diarrhea virus strain SX/YC/2019 spike protein (S) gene, complete cds
MT090146.1	MT090146.1	G2c	Porcine epidemic diarrhea virus strain CH/SXWS/2018, complete genome
MT166307.1	MT166307.1	G2c	Porcine epidemic diarrhea virus strain HB2018, complete genome
MT263014.1	MT263014.1	G2c	Porcine epidemic diarrhea virus isolate SC-YB73, partial genome
MT294128.1	MT294128.1	G2c	Porcine epidemic diarrhea virus isolate HBGJ-2018 spike glycoprotein (S) gene, complete cds
MT294129.1	MT294129.1	G2c	Porcine epidemic diarrhea virus isolate HLJYTX-2018 spike glycoprotein (S) gene, complete cds
MT294131.1	MT294131.1	G2c	Porcine epidemic diarrhea virus isolate JSCF-2018 spike glycoprotein (S) gene, complete cds
MT294132.1	MT294132.1	G2c	Porcine epidemic diarrhea virus isolate LNBX-2018 spike glycoprotein (S) gene, complete cds
MT294133.1	MT294133.1	G2c	Porcine epidemic diarrhea virus isolate LNHD-2018 spike glycoprotein (S) gene, complete cds
MT294134.1	MT294134.1	G2c	Porcine epidemic diarrhea virus isolate NMTL-2018 spike glycoprotein (S) gene, complete cds
MT294135.1	MT294135.1	G2c	Porcine epidemic diarrhea virus isolate TJLT-2018 spike glycoprotein (S) gene, complete cds
MT303066.1	MT303066.1	G2c	Porcine epidemic diarrhea virus strain shxx1902, complete genome
MT338518.1	MT338518.1	G2c	Porcine epidemic diarrhea virus strain HNAY2016, complete genome
MT625963.1	MT625963.1	G2c	Porcine epidemic diarrhea virus strain CH/JSXZ/2015, complete genome
MT683905.1	MT683905.1	G2c	Porcine epidemic diarrhea virus isolate CH/SCLS-2/2019 spike protein gene, complete cds
MT683906.1	MT683906.1	G2c	Porcine epidemic diarrhea virus isolate CH/SCLS-3/2019 spike protein gene, complete cds
MT683907.1	MT683907.1	G2c	Porcine epidemic diarrhea virus isolate CH/SCYA-1/2019 spike protein gene, complete cds
MT683908.1	MT683908.1	G2c	Porcine epidemic diarrhea virus isolate CH/SCYA-2/2019 spike protein gene, complete cds
MT787025.1	MT787025.1	G2c	Porcine epidemic diarrhea virus strain PEDV CH/SX/2016, complete genome
MT843278.1	MT843278.1	G2c	Porcine epidemic diarrhea virus, complete genome
MW143083.1	MW143083.1	G2c	Porcine epidemic diarrhea virus isolate JSS04, complete genome
MW143084.1	MW143084.1	G2c	Porcine epidemic diarrhea virus isolate JSS05, complete genome
MW143085.1	MW143085.1	G2c	Porcine epidemic diarrhea virus isolate JSS06, complete genome
MW143091.1	MW143091.1	G2c	Porcine epidemic diarrhea virus isolate JSS13, complete genome
MW143092.1	MW143092.1	G2c	Porcine epidemic diarrhea virus isolate JSS14, complete genome
MW143094.1	MW143094.1	G2c	Porcine epidemic diarrhea virus isolate JSS16, complete genome
MW145532.1	MW145532.1	G2c	Porcine epidemic diarrhea virus strain CH/SCDY-1/2020 spike protein (S) gene, complete cds
MW145534.1	MW145534.1	G2c	Porcine epidemic diarrhea virus strain CH/SCMS-2/2020 spike protein (S) gene, complete cds
MW145535.1	MW145535.1	G2c	Porcine epidemic diarrhea virus strain CH/SCNJ-1/2020 spike protein (S) gene, complete cds
MW398867.1	MW398867.1	G2c	Porcine epidemic diarrhea virus strain CH/SCNC-1/2020 spike protein gene, complete cds
MW413556.1	MW413556.1	G2c	Porcine epidemic diarrhea virus strain HB/HEBEU/2020, complete genome
MW452940.1	MW452940.1	G2c	Porcine epidemic diarrhea virus strain CH/SCDZ-1/2020 spike protein (S) gene, complete cds
MW478760.1	MW478760.1	G2c	Porcine epidemic diarrhea virus isolate GDsg01 spike protein (S) gene, complete cds
MW478761.1	MW478761.1	G2c	Porcine epidemic diarrhea virus isolate GDsg02 spike protein (S) gene, complete cds
MW478762.1	MW478762.1	G2c	Porcine epidemic diarrhea virus isolate GDsg03 spike protein (S) gene, complete cds
MW478763.1	MW478763.1	G2c	Porcine epidemic diarrhea virus isolate GDsg04 spike protein (S) gene, complete cds
MW478764.1	MW478764.1	G2c	Porcine epidemic diarrhea virus isolate GDsg05 spike protein (S) gene, complete cds
MW478765.1	MW478765.1	G2c	Porcine epidemic diarrhea virus isolate GDsg06 spike protein (S) gene, complete cds
MW478766.1	MW478766.1	G2c	Porcine epidemic diarrhea virus isolate GDsg07 spike protein (S) gene, complete cds
MW478767.1	MW478767.1	G2c	Porcine epidemic diarrhea virus isolate GDsg08 spike protein (S) gene, complete cds
MW478769.1	MW478769.1	G2c	Porcine epidemic diarrhea virus isolate GDsg10 spike protein (S) gene, complete cds
MW826593.1	MW826593.1	G2c	Porcine epidemic diarrhea virus isolate FY/2017 spike protein (S) gene, complete cds
MW826594.1	MW826594.1	G2c	Porcine epidemic diarrhea virus isolate HH/2017 spike protein (S) gene, complete cds
MW826596.1	MW826596.1	G2c	Porcine epidemic diarrhea virus isolate TQ/2017 spike protein (S) gene, complete cds
MW826598.1	MW826598.1	G2c	Porcine epidemic diarrhea virus isolate XT/2017 spike protein (S) gene, complete cds
MW826599.1	MW826599.1	G2c	Porcine epidemic diarrhea virus isolate ZJC/2017 spike protein (S) gene, complete cds
MW915419.1	MW915419.1	G2c	Porcine epidemic diarrhea virus isolate FH/2017 spike protein (S) gene, complete cds
MZ161001.1	MZ161001.1	G2c	Porcine epidemic diarrhea virus strain CH/GDHG/12/2020 spike protein (S) gene, complete cds
MZ161002.1	MZ161002.1	G2c	Porcine epidemic diarrhea virus strain CH/GDSG/12/2020 spike protein (S) gene, complete cds
MZ161003.1	MZ161003.1	G2c	Porcine epidemic diarrhea virus strain CH/SCYBZH/12/2020 spike protein (S) gene, complete cds
MZ161004.1	MZ161004.1	G2c	Porcine epidemic diarrhea virus strain CH/GXGG/12/2020 spike protein (S) gene, complete cds
MZ161005.1	MZ161005.1	G2c	Porcine epidemic diarrhea virus strain CH/JSHA/12/2020 spike protein (S) gene, complete cds
MZ161007.1	MZ161007.1	G2c	Porcine epidemic diarrhea virus strain CH/HBSY/12/2020 spike protein (S) gene, complete cds
MZ161008.1	MZ161008.1	G2c	Porcine epidemic diarrhea virus strain CH/GDMM/12/2020 spike protein (S) gene, complete cds
MZ161009.1	MZ161009.1	G2c	Porcine epidemic diarrhea virus strain CH/SCCD/12/2020 spike protein (S) gene, complete cds
MZ161010.1	MZ161010.1	G2c	Porcine epidemic diarrhea virus strain CH/JSXZGS/12/2020 spike protein (S) gene, complete cds
MZ161011.1	MZ161011.1	G2c	Porcine epidemic diarrhea virus strain CH/HNCD/12/2020 spike protein (S) gene, complete cds
MZ161012.1	MZ161012.1	G2c	Porcine epidemic diarrhea virus strain CH/SCMY/12/2020 spike protein (S) gene, complete cds
MZ161013.1	MZ161013.1	G2c	Porcine epidemic diarrhea virus strain CH/AHBB/12/2020 spike protein (S) gene, complete cds
MZ161015.1	MZ161015.1	G2c	Porcine epidemic diarrhea virus strain CH/SDNW/11/2020 spike protein (S) gene, complete cds
MZ161016.1	MZ161016.1	G2c	Porcine epidemic diarrhea virus strain CH/JXXG/11/2020 spike protein (S) gene, complete cds
MZ161017.1	MZ161017.1	G2c	Porcine epidemic diarrhea virus strain CH/SXXY/11/2020 spike protein (S) gene, complete cds
MZ161019.1	MZ161019.1	G2c	Porcine epidemic diarrhea virus strain CH/YNDL/11/2020 spike protein (S) gene, complete cds
MZ161020.1	MZ161020.1	G2c	Porcine epidemic diarrhea virus strain CH/SDNW-2/11/2020 spike protein (S) gene, complete cds
MZ161021.1	MZ161021.1	G2c	Porcine epidemic diarrhea virus strain CH/JXGZ/11/2020 spike protein (S) gene, complete cds
MZ161026.1	MZ161026.1	G2c	Porcine epidemic diarrhea virus strain CH/HBMZ/10/2020 spike protein (S) gene, complete cds
MZ161027.1	MZ161027.1	G2c	Porcine epidemic diarrhea virus strain CH/GXLZ/10/2020 spike protein (S) gene, complete cds
MZ161028.1	MZ161028.1	G2c	Porcine epidemic diarrhea virus strain CH/HBHG/10/2020 spike protein (S) gene, complete cds
MZ161031.1	MZ161031.1	G2c	Porcine epidemic diarrhea virus strain CH/HBTS/10/2020 spike protein (S) gene, complete cds
MZ161038.1	MZ161038.1	G2c	Porcine epidemic diarrhea virus strain CH/JXHY/09/2020 spike protein (S) gene, complete cds
MZ161039.1	MZ161039.1	G2c	Porcine epidemic diarrhea virus strain CH/LNFS/09/2020 spike protein (S) gene, complete cds
MZ161040.1	MZ161040.1	G2c	Porcine epidemic diarrhea virus strain CH/GXLA/07/2020 spike protein (S) gene, complete cds
MZ161042.1	MZ161042.1	G2c	Porcine epidemic diarrhea virus strain CH/SDZH/07/2020 spike protein (S) gene, complete cds
MZ161043.1	MZ161043.1	G2c	Porcine epidemic diarrhea virus strain CH/HBCZ/07/2020 spike protein (S) gene, complete cds
MZ161044.1	MZ161044.1	G2c	Porcine epidemic diarrhea virus strain CH/AHMJ/07/2020 spike protein (S) gene, complete cds
MZ161045.1	MZ161045.1	G2c	Porcine epidemic diarrhea virus strain CH/GDCY/06/2020 spike protein (S) gene, complete cds
MZ161048.1	MZ161048.1	G2c	Porcine epidemic diarrhea virus strain CH/LNPJ/05/2020 spike protein (S) gene, complete cds
MZ161049.1	MZ161049.1	G2c	Porcine epidemic diarrhea virus strain CH/SCPL/05/2020 spike protein (S) gene, complete cds
MZ161050.1	MZ161050.1	G2c	Porcine epidemic diarrhea virus strain CH/GXNN/04/2020 spike protein (S) gene, complete cds
MZ161051.1	MZ161051.1	G2c	Porcine epidemic diarrhea virus strain CH/GXLB/04/2020 spike protein (S) gene, complete cds
MZ161052.1	MZ161052.1	G2c	Porcine epidemic diarrhea virus strain CH/JXJJ/04/2020 spike protein (S) gene, complete cds
MZ161053.1	MZ161053.1	G2c	Porcine epidemic diarrhea virus strain CH/GDCY/04/2020 spike protein (S) gene, complete cds
MZ161054.1	MZ161054.1	G2c	Porcine epidemic diarrhea virus strain CH/FJDH/04/2020 spike protein (S) gene, complete cds
MZ161055.1	MZ161055.1	G2c	Porcine epidemic diarrhea virus strain CH/JXGZ/04/2020 spike protein (S) gene, complete cds
MZ161056.1	MZ161056.1	G2c	Porcine epidemic diarrhea virus strain CH/HNCC/03/2020 spike protein (S) gene, complete cds
MZ161057.1	MZ161057.1	G2c	Porcine epidemic diarrhea virus strain CH/HBZL/03/2020 spike protein (S) gene, complete cds
MZ161058.1	MZ161058.1	G2c	Porcine epidemic diarrhea virus strain CH/SCJS/03/2020 spike protein (S) gene, complete cds
MZ161061.1	MZ161061.1	G2c	Porcine epidemic diarrhea virus strain CH/HBZJC/11/2020 spike protein (S) gene, complete cds
MZ161062.1	MZ161062.1	G2c	Porcine epidemic diarrhea virus strain CH/AHXC/12/2020 spike protein (S) gene, complete cds
MZ161063.1	MZ161063.1	G2c	Porcine epidemic diarrhea virus strain CH/GZZY/12/2020 spike protein (S) gene, complete cds
MZ161064.1	MZ161064.1	G2c	Porcine epidemic diarrhea virus strain CH/JXPY/12/2020 spike protein (S) gene, complete cds
MZ161065.1	MZ161065.1	G2c	Porcine epidemic diarrhea virus strain CH/HNLX/12/2020 spike protein (S) gene, complete cds
MZ161066.1	MZ161066.1	G2c	Porcine epidemic diarrhea virus strain CH/HBXY/12/2020 spike protein (S) gene, complete cds
MZ161068.1	MZ161068.1	G2c	Porcine epidemic diarrhea virus strain CH/JSXZ/01/2021 spike protein (S) gene, complete cds
MZ161071.1	MZ161071.1	G2c	Porcine epidemic diarrhea virus strain CH/HBHA/01/2021 spike protein (S) gene, complete cds
MZ161072.1	MZ161072.1	G2c	Porcine epidemic diarrhea virus strain CH/JSLYG/02/2021 spike protein (S) gene, complete cds
MZ161073.1	MZ161073.1	G2c	Porcine epidemic diarrhea virus strain CH/HBSY/02/2021 spike protein (S) gene, complete cds
MZ161075.1	MZ161075.1	G2c	Porcine epidemic diarrhea virus strain CH/GDYJ/03/2021 spike protein (S) gene, complete cds
MZ161077.1	MZ161077.1	G2c	Porcine epidemic diarrhea virus strain CH/SDLY/12/2020 spike protein (S) gene, complete cds
MZ161079.1	MZ161079.1	G2c	Porcine epidemic diarrhea virus strain CH/SCDY/05/2020 spike protein (S) gene, complete cds
MZ161082.1	MZ161082.1	G2c	Porcine epidemic diarrhea virus strain CH/JSHY/09/2020 spike protein (S) gene, complete cds
MZ161083.1	MZ161083.1	G2c	Porcine epidemic diarrhea virus strain CH/HBTS/09/2020 spike protein (S) gene, complete cds
MZ161084.1	MZ161084.1	G2c	Porcine epidemic diarrhea virus strain CH/JSXZLD/10/2020 spike protein (S) gene, complete cds
MZ161085.1	MZ161085.1	G2c	Porcine epidemic diarrhea virus strain CH/SDLQ/09/2020 spike protein (S) gene, complete cds
MZ161086.1	MZ161086.1	G2c	Porcine epidemic diarrhea virus strain CH/GXLB/05/2020 spike protein (S) gene, complete cds
MZ161087.1	MZ161087.1	G2c	Porcine epidemic diarrhea virus strain CH/NMGTL/04/2020 spike protein (S) gene, complete cds
MZ161088.1	MZ161088.1	G2c	Porcine epidemic diarrhea virus strain CH/SCLZ/12/2020 spike protein (S) gene, complete cds
MZ161089.1	MZ161089.1	G2c	Porcine epidemic diarrhea virus strain CH/SDJN/07/2020 spike protein (S) gene, complete cds
MZ241108.1	MZ241108.1	G2c	Porcine epidemic diarrhea virus isolate SXSL, complete genome
MZ342899.1	MZ342899.1	G2c	Porcine epidemic diarrhea virus isolate PEDV HM, complete genome
MZ364310.1	MZ364310.1	G2c	Porcine epidemic diarrhea virus strain CH/GX/PEDV/1401/2016, complete genome
MZ364311.1	MZ364311.1	G2c	Porcine epidemic diarrhea virus strain CH/GX/PEDV/1902/2017, complete genome
MZ364312.1	MZ364312.1	G2c	Porcine epidemic diarrhea virus strain CH/GX/PEDV/1939/2018, complete genome
MZ364313.1	MZ364313.1	G2c	Porcine epidemic diarrhea virus strain CH/GX/PEDV/1984/2018, complete genome
MZ364315.1	MZ364315.1	G2c	Porcine epidemic diarrhea virus strain CH/GX/PEDV/2467/2019, complete genome
MZ364316.1	MZ364316.1	G2c	Porcine epidemic diarrhea virus strain CH/GX/PEDV/2473/2019, complete genome
MZ570133.1	MZ570133.1	G2c	Porcine epidemic diarrhea virus isolate CH/HNKF-01/2020 spike protein (S) gene, complete cds
MZ570134.1	MZ570134.1	G2c	Porcine epidemic diarrhea virus isolate CH/HNXX-01/2020 spike protein (S) gene, complete cds
MZ570135.1	MZ570135.1	G2c	Porcine epidemic diarrhea virus isolate CH/HNXX-02/2020 spike protein (S) gene, complete cds
MZ570136.1	MZ570136.1	G2c	Porcine epidemic diarrhea virus isolate CH/HNXY-01/2020 spike protein (S) gene, complete cds
MZ570137.1	MZ570137.1	G2c	Porcine epidemic diarrhea virus isolate CH/HNLH-01/2020 spike protein (S) gene, complete cds
MZ570138.1	MZ570138.1	G2c	Porcine epidemic diarrhea virus isolate CH/HNJZ-01/2020 spike protein (S) gene, complete cds
MZ570139.1	MZ570139.1	G2c	Porcine epidemic diarrhea virus isolate CH/HNXC-01/2020 spike protein (S) gene, complete cds
MZ570140.1	MZ570140.1	G2c	Porcine epidemic diarrhea virus isolate CH/HNLH-02/2020 spike protein (S) gene, complete cds
MZ570141.1	MZ570141.1	G2c	Porcine epidemic diarrhea virus isolate CH/HNKF-02/2020 spike protein (S) gene, complete cds
MZ570142.1	MZ570142.1	G2c	Porcine epidemic diarrhea virus isolate CH/HNXC-02/2020 spike protein (S) gene, complete cds
MZ570143.1	MZ570143.1	G2c	Porcine epidemic diarrhea virus isolate CH/HNSMX-01/2020 spike protein (S) gene, complete cds
MZ570144.1	MZ570144.1	G2c	Porcine epidemic diarrhea virus isolate CH/HNAY-01/2020 spike protein (S) gene, complete cds
MZ570145.1	MZ570145.1	G2c	Porcine epidemic diarrhea virus isolate CH/HNKF-03/2020 spike protein (S) gene, complete cds
MZ570146.1	MZ570146.1	G2c	Porcine epidemic diarrhea virus isolate CH/HNSQ-01/2020 spike protein (S) gene, complete cds
MZ570147.1	MZ570147.1	G2c	Porcine epidemic diarrhea virus isolate CH/HNXC-03/2020 spike protein (S) gene, complete cds
MZ570148.1	MZ570148.1	G2c	Porcine epidemic diarrhea virus isolate CH/HNXC-04/2020 spike protein (S) gene, complete cds
MZ570149.1	MZ570149.1	G2c	Porcine epidemic diarrhea virus isolate CH/HNNY-01/2020 spike protein (S) gene, complete cds
MZ669834.1	MZ669834.1	G2c	Porcine epidemic diarrhea virus strain CH-GXNN-1-2018 spike protein gene, complete cds
MZ669835.1	MZ669835.1	G2c	Porcine epidemic diarrhea virus strain CH-GXNN-2-2018 spike protein gene, partial cds
MZ669836.1	MZ669836.1	G2c	Porcine epidemic diarrhea virus strain CH-GXNN-3-2018 spike protein gene, partial cds
MZ669837.1	MZ669837.1	G2c	Porcine epidemic diarrhea virus strain CH-GXNN-4-2018 spike protein gene, partial cds
MZ669838.1	MZ669838.1	G2c	Porcine epidemic diarrhea virus strain CH-GXNN-5-2018 spike protein gene, partial cds
MZ669839.1	MZ669839.1	G2c	Porcine epidemic diarrhea virus strain CH-GXNN-6-2018 spike protein gene, partial cds
MZ669840.1	MZ669840.1	G2c	Porcine epidemic diarrhea virus strain CH-GXNN-7-2018 spike protein gene, partial cds
MZ669841.1	MZ669841.1	G2c	Porcine epidemic diarrhea virus strain CH-GXLZ-1-2017 spike protein gene, partial cds
MZ669842.1	MZ669842.1	G2c	Porcine epidemic diarrhea virus strain CH-GXLZ-2-2018 spike protein gene, partial cds
MZ669843.1	MZ669843.1	G2c	Porcine epidemic diarrhea virus strain CH-GXLZ-3-2018 spike protein gene, partial cds
MZ669844.1	MZ669844.1	G2c	Porcine epidemic diarrhea virus strain CH-GXBH-1-2018 spike protein gene, partial cds
MZ669845.1	MZ669845.1	G2c	Porcine epidemic diarrhea virus strain CH-GXBH-2-2018 spike protein gene, partial cds
MZ740469.1	MZ740469.1	G2c	Porcine epidemic diarrhea virus strain CH-HNLH-03 spike protein (S) gene, complete cds
MZ740470.1	MZ740470.1	G2c	Porcine epidemic diarrhea virus strain CH-HNJY-01 spike protein (S) gene, complete cds
MZ740471.1	MZ740471.1	G2c	Porcine epidemic diarrhea virus strain CH-HNPDS-01 spike protein (S) gene, complete cds
MZ740472.1	MZ740472.1	G2c	Porcine epidemic diarrhea virus strain CH-HNNY-02 spike protein (S) gene, complete cds
MZ977202.1	MZ977202.1	G2c	Porcine epidemic diarrhea virus strain CH/2018, complete genome
OK584017.1	OK584017.1	G2c	Porcine epidemic diarrhea virus isolate HN2021, complete genome
OK642747.1	OK642747.1	G2c	Porcine epidemic diarrhea virus isolate XJ1904-34 spike (S) gene, complete cds
OL347994.1	OL347994.1	G2c	Porcine epidemic diarrhea virus isolate CMMZH2110, complete genome
OL348059.1	OL348059.1	G2c	Porcine epidemic diarrhea virus strain XJ1904-34, complete genome
OL361788.1	OL361788.1	G2c	Porcine epidemic diarrhea virus strain JSXC, complete genome
OL446966.1	OL446966.1	G2c	UNVERIFIED: Porcine epidemic diarrhea virus isolate CH/HNKF/2020, complete genome
OL446967.1	OL446967.1	G2c	Porcine epidemic diarrhea virus isolate CH/HNPDS/2021, complete genome
OL762456.1	OL762456.1	G2c	Porcine epidemic diarrhea virus strain PEDV SD2020, complete genome
OL762457.1	OL762457.1	G2c	Porcine epidemic diarrhea virus strain PEDV HK2021, complete genome
OL762458.1	OL762458.1	G2c	Porcine epidemic diarrhea virus strain PEDV SDLY2020, complete genome
OL762459.1	OL762459.1	G2c	Porcine epidemic diarrhea virus strain PEDV SD2021, complete genome
OL762460.1	OL762460.1	G2c	Porcine epidemic diarrhea virus strain PEDV JX2020, complete genome
OL762461.1	OL762461.1	G2c	Porcine epidemic diarrhea virus strain PEDV TRS2021, complete genome
OL841533.1	OL841533.1	G2c	UNVERIFIED: Porcine epidemic diarrhea virus isolate CH/HB/BD01 spike-like (S) gene, complete sequence
OL841534.1	OL841534.1	G2c	UNVERIFIED: Porcine epidemic diarrhea virus isolate CH/HB/BD02 spike-like (S) gene, complete sequence
OL841535.1	OL841535.1	G2c	UNVERIFIED: Porcine epidemic diarrhea virus isolate CH/HB/BD03 spike-like (S) gene, complete sequence
OL841536.1	OL841536.1	G2c	UNVERIFIED: Porcine epidemic diarrhea virus isolate CH/HB/HD01 spike-like (S) gene, complete sequence
OL841537.1	OL841537.1	G2c	UNVERIFIED: Porcine epidemic diarrhea virus isolate CH/HB/HD02 spike-like (S) gene, complete sequence
OL841538.1	OL841538.1	G2c	UNVERIFIED: Porcine epidemic diarrhea virus isolate CH/HB/XT01 spike-like (S) gene, complete sequence
OL855980.1	OL855980.1	G2c	UNVERIFIED: Porcine epidemic diarrhea virus isolate SX03-2018 sequence
OL855981.1	OL855981.1	G2c	UNVERIFIED: Porcine epidemic diarrhea virus isolate SX04-2018 sequence
OL855982.1	OL855982.1	G2c	UNVERIFIED: Porcine epidemic diarrhea virus isolate SX05-2019 sequence
OL855983.1	OL855983.1	G2c	UNVERIFIED: Porcine epidemic diarrhea virus isolate SX06-2019 sequence
OL855984.1	OL855984.1	G2c	UNVERIFIED: Porcine epidemic diarrhea virus isolate SX07-2020 sequence
OL855985.1	OL855985.1	G2c	UNVERIFIED: Porcine epidemic diarrhea virus isolate SX08-2020 sequence
OL855986.1	OL855986.1	G2c	UNVERIFIED: Porcine epidemic diarrhea virus isolate SX09-2021 sequence
OL855987.1	OL855987.1	G2c	UNVERIFIED: Porcine epidemic diarrhea virus isolate SX10-2021 sequence
OL870433.1	OL870433.1	G2c	Porcine epidemic diarrhea virus isolate CH/HB/CZ01 spike (S) gene, complete cds
OL870434.1	OL870434.1	G2c	Porcine epidemic diarrhea virus isolate CH/HB/CZ02 spike (S) gene, complete cds
OL870435.1	OL870435.1	G2c	Porcine epidemic diarrhea virus isolate CH/HB/ZJK01 spike (S) gene, complete cds
OL870436.1	OL870436.1	G2c	Porcine epidemic diarrhea virus isolate CH/HB/ZJK02 spike (S) gene, complete cds
OL907257.1	OL907257.1	G2c	Porcine epidemic diarrhea virus strain PEDV-SXBJ-1 spike protein (S) gene, complete cds
OL907258.1	OL907258.1	G2c	Porcine epidemic diarrhea virus strain PEDV-SXBJ-2 spike protein (S) gene, complete cds
OL944723.1	OL944723.1	G2c	Porcine epidemic diarrhea virus strain SCGYSWUN02 spike protein (S) gene, complete cds
OM201219.1	OM201219.1	G2c	Porcine epidemic diarrhea virus isolate PEDV/S007 spike protein gene, complete cds
OM201220.1	OM201220.1	G2c	Porcine epidemic diarrhea virus isolate PEDV/S009 spike protein gene, complete cds
OM201221.1	OM201221.1	G2c	Porcine epidemic diarrhea virus isolate PEDV/S001 spike protein gene, complete cds
OM393722.1	OM393722.1	G2c	Porcine epidemic diarrhea virus isolate PEDV/CH/XC/2020, complete genome
OM505025.1	OM505025.1	G2c	Porcine epidemic diarrhea virus isolate CHN-SC2021, complete genome
OM863585.1	OM863585.1	G2c	Porcine epidemic diarrhea virus isolate CH_SCZY01_2020 spike protein (S) gene, complete cds
OM914738.1	OM914738.1	G2c	Porcine epidemic diarrhea virus isolate CH/HLJBQL/2022, complete genome
OM948904.1	OM948904.1	G2c	Porcine epidemic diarrhea virus isolate CH_GZ01_2020 spike protein (S), ORF3 (ORF3), envelope protein (E), membrane protein (M), and nucleocapsid protein (N) genes, complete cds
OM948905.1	OM948905.1	G2c	Porcine epidemic diarrhea virus isolate CH_GZ02_2020 spike protein (S), ORF3 (ORF3), envelope protein (E), membrane protein (M), and nucleocapsid protein (N) genes, complete cds
OM948906.1	OM948906.1	G2c	Porcine epidemic diarrhea virus isolate CH_NM_2020 spike protein (S), ORF3 (ORF3), envelope protein (E), membrane protein (M), and nucleocapsid protein (N) genes, complete cds
OM948907.1	OM948907.1	G2c	Porcine epidemic diarrhea virus isolate CH_GX_2020 spike protein (S), ORF3 (ORF3), envelope protein (E), membrane protein (M), and nucleocapsid protein (N) genes, complete cds
OM948908.1	OM948908.1	G2c	Porcine epidemic diarrhea virus isolate CH_GXNN_2021 spike protein (S), ORF3 (ORF3), envelope protein (E), membrane protein (M), and nucleocapsid protein (N) genes, complete cds
OM948909.1	OM948909.1	G2c	Porcine epidemic diarrhea virus isolate CH_HN_2021 spike protein (S), ORF3 (ORF3), envelope protein (E), membrane protein (M), and nucleocapsid protein (N) genes, complete cds
OM948911.1	OM948911.1	G2c	Porcine epidemic diarrhea virus isolate CH_SCPZ_2020 spike protein (S), ORF3 (ORF3), envelope protein (E), membrane protein (M), and nucleocapsid protein (N) genes, complete cds
OM948912.1	OM948912.1	G2c	Porcine epidemic diarrhea virus isolate CH_SCCZ01_2020 spike protein (S), ORF3 (ORF3), envelope protein (E), membrane protein (M), and nucleocapsid protein (N) genes, complete cds
OM948913.1	OM948913.1	G2c	Porcine epidemic diarrhea virus isolate CH_SCZY02_2020 spike protein (S), ORF3 (ORF3), envelope protein (E), membrane protein (M), and nucleocapsid protein (N) genes, complete cds
OM948914.1	OM948914.1	G2c	Porcine epidemic diarrhea virus isolate CH_SCZY03_2020 spike protein (S), ORF3 (ORF3), envelope protein (E), membrane protein (M), and nucleocapsid protein (N) genes, complete cds
OM948915.1	OM948915.1	G2c	Porcine epidemic diarrhea virus isolate CH_SCYB01_2020 spike protein (S), ORF3 (ORF3), envelope protein (E), membrane protein (M), and nucleocapsid protein (N) genes, complete cds
OM948916.1	OM948916.1	G2c	Porcine epidemic diarrhea virus isolate CH_SCYB02_2020 spike protein (S), ORF3 (ORF3), envelope protein (E), membrane protein (M), and nucleocapsid protein (N) genes, complete cds
OM948917.1	OM948917.1	G2c	Porcine epidemic diarrhea virus isolate CH_SCZY04_2020 spike protein (S), ORF3 (ORF3), envelope protein (E), membrane protein (M), and nucleocapsid protein (N) genes, complete cds
OM948918.1	OM948918.1	G2c	Porcine epidemic diarrhea virus isolate CH_SCZY05_2020 spike protein (S), ORF3 (ORF3), envelope protein (E), membrane protein (M), and nucleocapsid protein (N) genes, complete cds
OM948919.1	OM948919.1	G2c	Porcine epidemic diarrhea virus isolate CH_SCLS03_2021 spike protein (S), ORF3 (ORF3), envelope protein (E), membrane protein (M), and nucleocapsid protein (N) genes, complete cds
OM948923.1	OM948923.1	G2c	Porcine epidemic diarrhea virus isolate CH_SCLS02_2021 spike protein (S) gene, complete cds
OM948924.1	OM948924.1	G2c	Porcine epidemic diarrhea virus isolate CH_SCLS01_2021 spike protein (S) gene, complete cds
OM948926.1	OM948926.1	G2c	Porcine epidemic diarrhea virus isolate CH_SCLS04_2021 spike protein (S) gene, complete cds
OM948927.1	OM948927.1	G2c	Porcine epidemic diarrhea virus isolate CH_CQ_2021 spike protein (S) gene, complete cds
OM974565.1	OM974565.1	G2c	Porcine epidemic diarrhea virus strain CH/GX1/F-5/2020 spike protein gene, complete cds
OM974566.1	OM974566.1	G2c	Porcine epidemic diarrhea virus strain CH/GX1/S-1/2020 spike protein gene, complete cds
OM974567.1	OM974567.1	G2c	Porcine epidemic diarrhea virus strain CH/XF1/C-3/2020 spike protein gene, complete cds
OM974570.1	OM974570.1	G2c	Porcine epidemic diarrhea virus strain CH/XF1/C-4/2019 spike protein gene, complete cds
OM974572.1	OM974572.1	G2c	Porcine epidemic diarrhea virus strain CH/GX2/FS-1/2020 spike protein gene, complete cds
OM974574.1	OM974574.1	G2c	Porcine epidemic diarrhea virus strain CH/GX2/FS-7/2021 spike protein gene, complete cds
OM974575.1	OM974575.1	G2c	Porcine epidemic diarrhea virus strain CH/GX2/FS-11/2021 spike protein gene, complete cds
OM974576.1	OM974576.1	G2c	Porcine epidemic diarrhea virus strain CH/GX2/FS-13/2021 spike protein gene, complete cds
OM974577.1	OM974577.1	G2c	Porcine epidemic diarrhea virus strain CH/GX2/FS-18/2021 spike protein gene, complete cds
OM974578.1	OM974578.1	G2c	Porcine epidemic diarrhea virus strain CH/MM1/FS-12/2021 spike protein gene, complete cds
OM974579.1	OM974579.1	G2c	Porcine epidemic diarrhea virus strain CH/MM1/FS-13/2021 spike protein gene, complete cds
OM974580.1	OM974580.1	G2c	Porcine epidemic diarrhea virus strain CH/MM1/FS-14/2021 spike protein gene, complete cds
ON058991.1	ON058991.1	G2c	Porcine epidemic diarrhea virus strain SCMYSWUN03 spike protein (S), complete cds
ON058992.1	ON058992.1	G2c	Porcine epidemic diarrhea virus strain SCNCSWUN01 spike protein (S), complete cds
ON068583.1	ON068583.1	G2c	UNVERIFIED_ASMBLY: Porcine epidemic diarrhea virus isolate JS02/2018, complete genome
ON168803.1	ON168803.1	G2c	Porcine epidemic diarrhea virus strain NH-TA2020 spike protein gene, complete cds
ON248873.1	ON248873.1	G2c	Porcine epidemic diarrhea virus strain PEDV/CN/Guizhou/Sinder202109-2 spike protein gene, complete cds
ON248875.1	ON248875.1	G2c	Porcine epidemic diarrhea virus strain PEDV/CN/Shandong/Sinder202112-2 spike protein gene, complete cds
ON248876.1	ON248876.1	G2c	Porcine epidemic diarrhea virus strain PEDV/CN/Hainan/Sinder202112-3 spike protein gene, complete cds
ON248877.1	ON248877.1	G2c	Porcine epidemic diarrhea virus strain PEDV/CN/Hainan/Sinder202112-4 spike protein gene, complete cds
ON248878.1	ON248878.1	G2c	Porcine epidemic diarrhea virus strain PEDV/CN/Hebei/Sinder202201 spike protein gene, complete cds
ON248879.1	ON248879.1	G2c	Porcine epidemic diarrhea virus strain PEDV/CN/Sichuan/Sinder202202-1 spike protein gene, complete cds
ON248882.1	ON248882.1	G2c	Porcine epidemic diarrhea virus strain PEDV/CN/Fujian/Sinder202203 spike protein gene, complete cds
ON417000.1	ON417000.1	G2c	Porcine epidemic diarrhea virus isolate JS2019-1 spike protein gene, complete cds
ON417001.1	ON417001.1	G2c	Porcine epidemic diarrhea virus isolate JS2019-2 spike protein gene, complete cds
ON417002.1	ON417002.1	G2c	Porcine epidemic diarrhea virus isolate JS2019-3 spike protein gene, complete cds
ON417004.1	ON417004.1	G2c	Porcine epidemic diarrhea virus isolate JS2019-5 spike protein gene, complete cds
ON745405.1	ON745405.1	G2c	Porcine epidemic diarrhea virus strain GDqy2017 spike (S) gene, complete cds
ON960076.1	ON960076.1	G2c	Porcine epidemic diarrhea virus strain CH/HNLYL/2021, complete genome
ON960077.1	ON960077.1	G2c	Porcine epidemic diarrhea virus strain CH/HNWMB/2021, complete genome
ON964511.1	ON964511.1	G2c	Porcine epidemic diarrhea virus isolate GDGZ-2020, complete genome
ON968723.1	ON968723.1	G2c	Porcine epidemic diarrhea virus isolate CH/HLJJS/2022, complete genome
ON988085.1	ON988085.1	G2c	Porcine epidemic diarrhea virus isolate SDHY_DY spike protein (S) gene, partial cds
ON988086.1	ON988086.1	G2c	Porcine epidemic diarrhea virus isolate SDHY_ZB spike protein (S) gene, partial cds
ON988087.1	ON988087.1	G2c	Porcine epidemic diarrhea virus isolate SDHY_YT spike protein (S) gene, partial cds
ON988088.1	ON988088.1	G2c	Porcine epidemic diarrhea virus isolate SDHY_TA03 spike protein (S) gene, partial cds
ON988089.1	ON988089.1	G2c	Porcine epidemic diarrhea virus isolate SDHY_TA02 spike protein (S) gene, partial cds
ON988090.1	ON988090.1	G2c	Porcine epidemic diarrhea virus isolate SDHY_TA01 spike protein (S) gene, partial cds
ON988091.1	ON988091.1	G2c	Porcine epidemic diarrhea virus isolate SDHY_QD spike protein (S) gene, partial cds
ON988092.1	ON988092.1	G2c	Porcine epidemic diarrhea virus isolate SDHY_LW spike protein (S) gene, partial cds
ON988093.1	ON988093.1	G2c	Porcine epidemic diarrhea virus isolate SDHY_LC spike protein (S) gene, partial cds
ON988094.1	ON988094.1	G2c	Porcine epidemic diarrhea virus isolate SDHY_JN02 spike protein (S) gene, partial cds
ON988095.1	ON988095.1	G2c	Porcine epidemic diarrhea virus isolate SDHY_JN01 spike protein (S) gene, partial cds
ON988096.1	ON988096.1	G2c	Porcine epidemic diarrhea virus isolate SDHY_BZ spike protein (S) gene, partial cds
OP019335.1	OP019335.1	G2c	Porcine epidemic diarrhea virus isolate PEDV/CH/FJ/2022 spike protein (S) gene, partial cds
OP019336.1	OP019336.1	G2c	Porcine epidemic diarrhea virus isolate PEDV/CH/GU/2021 spike protein (S) gene, partial cds
OP019338.1	OP019338.1	G2c	Porcine epidemic diarrhea virus isolate PEDV/CH/GZ/TN/2021 spike protein (S) gene, partial cds
OP019340.1	OP019340.1	G2c	Porcine epidemic diarrhea virus isolate PEDV/CH/HN/NK1/2021 spike protein (S) gene, partial cds
OP019341.1	OP019341.1	G2c	Porcine epidemic diarrhea virus isolate PEDV/CH/HN/NK/2021 spike protein (S) gene, partial cds
OP019350.1	OP019350.1	G2c	Porcine epidemic diarrhea virus isolate PEDV/CH/SC/CY/2022 spike protein (S) gene, partial cds
OP019351.1	OP019351.1	G2c	Porcine epidemic diarrhea virus isolate PEDV/CH/TS/J/2022 spike protein (S) gene, partial cds
OP019352.1	OP019352.1	G2c	Porcine epidemic diarrhea virus isolate PEDV/CH/WF/RZ1/2021 spike protein (S) gene, partial cds
OP171886.1	OP171886.1	G2c	Porcine epidemic diarrhea virus isolate FJLY01-2019 spike protein (S) gene, complete cds
OP171889.1	OP171889.1	G2c	Porcine epidemic diarrhea virus isolate FJLY02-2018 spike protein (S) gene, complete cds
OP171890.1	OP171890.1	G2c	Porcine epidemic diarrhea virus isolate FJLY02-2019 spike protein (S) gene, complete cds
OP171893.1	OP171893.1	G2c	Porcine epidemic diarrhea virus isolate FJLY01-2021 spike protein (S) gene, complete cds
OP171894.1	OP171894.1	G2c	Porcine epidemic diarrhea virus isolate FJLY01-2022 spike protein (S) gene, complete cds
OP171895.1	OP171895.1	G2c	Porcine epidemic diarrhea virus isolate FJLY02-2021 spike protein (S) gene, complete cds
OP171897.1	OP171897.1	G2c	Porcine epidemic diarrhea virus isolate FJLY03-2021 spike protein (S) gene, complete cds
OP235511.1	OP235511.1	G2c	Porcine epidemic diarrhea virus strain FJLY03-2022 spike protein (S) gene, complete cds
OP245917.1	OP245917.1	G2c	Porcine epidemic diarrhea virus strain SDTA13-2020, complete genome
OP374016.1	OP374016.1	G2c	Porcine epidemic diarrhea virus isolate PEDV/CHN/Hainan/Sinder202205-1 spike gene, complete cds
OP374017.1	OP374017.1	G2c	Porcine epidemic diarrhea virus isolate PEDV/CHN/Chongqing/Sinder202205-2 spike gene, complete cds
OP374023.1	OP374023.1	G2c	Porcine epidemic diarrhea virus isolate PEDV/CHN/Shandong/Sinder202207-1 spike gene, complete cds
OP433730.1	OP433730.1	G2c	Porcine epidemic diarrhea virus isolate S-GDDL spike protein (S) gene, complete cds
OP433731.1	OP433731.1	G2c	Porcine epidemic diarrhea virus isolate S-GDRY spike protein (S) gene, complete cds
OP433732.1	OP433732.1	G2c	Porcine epidemic diarrhea virus isolate S-GDYD spike protein (S) gene, complete cds
OP433733.1	OP433733.1	G2c	Porcine epidemic diarrhea virus isolate S-GDHP spike protein (S) gene, complete cds
OP433734.1	OP433734.1	G2c	Porcine epidemic diarrhea virus isolate S-GDBQ spike protein (S) gene, complete cds
OP433735.1	OP433735.1	G2c	Porcine epidemic diarrhea virus isolate S-GDXF spike protein (S) gene, complete cds
OP433737.1	OP433737.1	G2c	Porcine epidemic diarrhea virus isolate S-GDQT spike protein (S) gene, complete cds
OP433738.1	OP433738.1	G2c	Porcine epidemic diarrhea virus isolate S-GDYH spike protein (S) gene, complete cds
OP433739.1	OP433739.1	G2c	Porcine epidemic diarrhea virus isolate S-GDDM spike protein (S) gene, complete cds
OP433740.1	OP433740.1	G2c	Porcine epidemic diarrhea virus isolate S-GDENP spike protein (S) gene, complete cds
OP433741.1	OP433741.1	G2c	Porcine epidemic diarrhea virus isolate S-GDYX spike protein (S) gene, complete cds
OP433742.1	OP433742.1	G2c	Porcine epidemic diarrhea virus isolate S-GDSL spike protein (S) gene, complete cds
OP433743.1	OP433743.1	G2c	Porcine epidemic diarrhea virus isolate S-GDCW spike protein (S) gene, complete cds
OP433744.1	OP433744.1	G2c	Porcine epidemic diarrhea virus isolate S-GDGZ spike protein (S) gene, complete cds
OP433745.1	OP433745.1	G2c	Porcine epidemic diarrhea virus isolate S-GDDH spike protein (S) gene, complete cds
OP480878.1	OP480878.1	G2c	Porcine epidemic diarrhea virus isolate CH/Yinchuan/2021, complete genome
OP529823.1	OP529823.1	G2c	UNVERIFIED: Porcine epidemic diarrhea virus isolate GS2019-513, complete genome
OP852657.1	OP852657.1	G2c	Porcine epidemic diarrhea virus isolate FJLY04-2022 spike protein (S) gene, complete cds
OP852658.1	OP852658.1	G2c	Porcine epidemic diarrhea virus isolate FJLY05-2022 spike protein (S) gene, complete cds
OP852659.1	OP852659.1	G2c	Porcine epidemic diarrhea virus isolate FJLY06-2022 spike protein (S) gene, complete cds
OQ122084.1	OQ122084.1	G2c	Porcine epidemic diarrhea virus isolate JSYC/2021 spike protein (S) gene, complete cds
OQ122085.1	OQ122085.1	G2c	Porcine epidemic diarrhea virus isolate GSJQ/2022 spike protein (S) gene, complete cds
OQ122086.1	OQ122086.1	G2c	Porcine epidemic diarrhea virus isolate HBXN/2022 spike protein (S) gene, complete cds
OQ122087.1	OQ122087.1	G2c	Porcine epidemic diarrhea virus isolate HBXY/2022 spike protein (S) gene, complete cds
OQ122088.1	OQ122088.1	G2c	Porcine epidemic diarrhea virus isolate HNNY/2022 spike protein (S) gene, complete cds
OQ122089.1	OQ122089.1	G2c	Porcine epidemic diarrhea virus isolate SDLY/2022 spike protein (S) gene, complete cds
OQ122090.1	OQ122090.1	G2c	Porcine epidemic diarrhea virus isolate SXSZ-2/2022 spike protein (S) gene, complete cds
OQ122091.1	OQ122091.1	G2c	Porcine epidemic diarrhea virus isolate SXSZ-1/2022 spike protein (S) gene, complete cds
OQ122093.1	OQ122093.1	G2c	Porcine epidemic diarrhea virus isolate HNXY-1/2022 spike protein (S) gene, complete cds
OQ122094.1	OQ122094.1	G2c	Porcine epidemic diarrhea virus isolate GDFS/2022 spike protein (S) gene, complete cds
OQ122095.1	OQ122095.1	G2c	Porcine epidemic diarrhea virus isolate HBYC-4/2022 spike protein (S) gene, complete cds
OQ122096.1	OQ122096.1	G2c	Porcine epidemic diarrhea virus isolate JXJA/2022 spike protein (S) gene, complete cds
OQ122097.1	OQ122097.1	G2c	Porcine epidemic diarrhea virus isolate SCMY/2022 spike protein (S) gene, complete cds
OQ122099.1	OQ122099.1	G2c	Porcine epidemic diarrhea virus isolate GXGL/2022 spike protein (S) gene, complete cds
OQ122101.1	OQ122101.1	G2c	Porcine epidemic diarrhea virus isolate ZJWZ/2021 spike protein (S) gene, complete cds
OQ122107.1	OQ122107.1	G2c	Porcine epidemic diarrhea virus isolate HBJZ/2022 spike protein (S) gene, complete cds
OQ122110.1	OQ122110.1	G2c	Porcine epidemic diarrhea virus isolate GZQXN-2/2022 spike protein (S) gene, complete cds
OQ122112.1	OQ122112.1	G2c	Porcine epidemic diarrhea virus isolate GZQXN-1/2022 spike protein (S) gene, complete cds
OQ122113.1	OQ122113.1	G2c	Porcine epidemic diarrhea virus isolate GZBJ/2021 spike protein (S) gene, complete cds
OQ122114.1	OQ122114.1	G2c	Porcine epidemic diarrhea virus isolate HBYC/2021 spike protein (S) gene, complete cds
OQ122115.1	OQ122115.1	G2c	Porcine epidemic diarrhea virus isolate HNZK/2021 spike protein (S) gene, complete cds
OQ122116.1	OQ122116.1	G2c	Porcine epidemic diarrhea virus isolate SDJN/2021 spike protein (S) gene, complete cds
OQ122117.1	OQ122117.1	G2c	Porcine epidemic diarrhea virus isolate JSSQ/2021 spike protein (S) gene, complete cds
OQ269588.1	OQ269588.1	G2c	Porcine epidemic diarrhea virus isolate XJ1904-700, complete genome
OQ269590.1	OQ269590.1	G2c	Porcine epidemic diarrhea virus isolate FJFZ2004-1017, complete genome
OQ269591.1	OQ269591.1	G2c	Porcine epidemic diarrhea virus isolate JSNT2112-1248, complete genome
OQ269592.1	OQ269592.1	G2c	Porcine epidemic diarrhea virus isolate HNZMD2202-1405, complete genome
OQ288925.1	OQ288925.1	G2c	Porcine epidemic diarrhea virus isolate CZ01 spike protein (S) gene, complete cds
OQ349200.1	OQ349200.1	G2c	Porcine epidemic diarrhea virus isolate SD1(2021), complete genome
OQ349202.1	OQ349202.1	G2c	Porcine epidemic diarrhea virus isolate ZJ3(2021), complete genome
OQ349203.1	OQ349203.1	G2c	Porcine epidemic diarrhea virus isolate FJ1207 spike protein (S) gene, complete cds
OQ349209.1	OQ349209.1	G2c	Porcine epidemic diarrhea virus isolate FJ1607 spike protein (S) gene, complete cds
OQ349212.1	OQ349212.1	G2c	Porcine epidemic diarrhea virus isolate FJ1912 spike protein (S) gene, complete cds
OQ349214.1	OQ349214.1	G2c	Porcine epidemic diarrhea virus isolate FJ2002 spike protein (S) gene, complete cds
OQ349216.1	OQ349216.1	G2c	Porcine epidemic diarrhea virus isolate FJ2015 spike protein (S) gene, complete cds
OQ349218.1	OQ349218.1	G2c	Porcine epidemic diarrhea virus isolate JSdf10 spike protein (S) gene, complete cds
OQ349219.1	OQ349219.1	G2c	Porcine epidemic diarrhea virus isolate JSyj5 spike protein (S) gene, partial cds
OQ349220.1	OQ349220.1	G2c	Porcine epidemic diarrhea virus isolate JSyj8 spike protein (S) gene, complete cds
OQ349222.1	OQ349222.1	G2c	Porcine epidemic diarrhea virus isolate SD1 spike protein (S) gene, complete cds
OQ349223.1	OQ349223.1	G2c	Porcine epidemic diarrhea virus isolate SDyt12 spike protein (S) gene, complete cds
OQ349226.1	OQ349226.1	G2c	Porcine epidemic diarrhea virus isolate ZJ3 spike protein (S) gene, complete cds
OQ349228.1	OQ349228.1	G2c	Porcine epidemic diarrhea virus isolate CN/Jiangsu002/2022, complete genome
OQ412638.1	OQ412638.1	G2c	Porcine epidemic diarrhea virus strain ECQ1, complete genome
OQ412639.1	OQ412639.1	G2c	Porcine epidemic diarrhea virus strain EHuB2, complete genome
OQ504178.1	OQ504178.1	G2c	Porcine epidemic diarrhea virus strain PEDV-01/JS/2022 spike protein (S) gene, complete cds
OQ504179.1	OQ504179.1	G2c	Porcine epidemic diarrhea virus strain PEDV-02/JS/2022 spike protein (S) gene, complete cds
OQ504180.1	OQ504180.1	G2c	Porcine epidemic diarrhea virus strain PEDV-03/JS/2022 spike protein (S) gene, complete cds
OQ504181.1	OQ504181.1	G2c	Porcine epidemic diarrhea virus strain PEDV-04/JS/2022 spike protein (S) gene, complete cds
OQ504182.1	OQ504182.1	G2c	Porcine epidemic diarrhea virus strain PEDV-05/JS/2022 spike protein (S) gene, complete cds
OQ504183.1	OQ504183.1	G2c	Porcine epidemic diarrhea virus strain PEDV-06/JS/2022 spike protein (S) gene, complete cds
OQ504184.1	OQ504184.1	G2c	Porcine epidemic diarrhea virus strain PEDV-07/JS/2022 spike protein (S) gene, complete cds
OQ504185.1	OQ504185.1	G2c	Porcine epidemic diarrhea virus strain PEDV-08/JS/2022 spike protein (S) gene, complete cds
OQ657291.1	OQ657291.1	G2c	Porcine epidemic diarrhea virus strain HNZK1 spike protein (S) gene, complete cds
OQ657292.1	OQ657292.1	G2c	Porcine epidemic diarrhea virus strain HNZK2 spike protein (S) gene, complete cds
OQ657293.1	OQ657293.1	G2c	Porcine epidemic diarrhea virus strain HNZK3 spike protein (S) gene, complete cds
OQ657294.1	OQ657294.1	G2c	Porcine epidemic diarrhea virus strain HNZK5 spike protein (S) gene, complete cds
OQ657295.1	OQ657295.1	G2c	Porcine epidemic diarrhea virus strain HNLY spike protein (S) gene, complete cds
OQ657296.1	OQ657296.1	G2c	Porcine epidemic diarrhea virus strain HNXH spike protein (S) gene, complete cds
OQ657297.1	OQ657297.1	G2c	Porcine epidemic diarrhea virus strain HNYZ spike protein (S) gene, complete cds
OQ703966.1	OQ703966.1	G2c	Porcine epidemic diarrhea virus isolate CH-HeN-ZLH-2022, complete genome
OQ718883.1	OQ718883.1	G2c	Porcine epidemic diarrhea virus isolate CH-HeN01-2021 spike protein (S) gene, complete cds
OQ718884.1	OQ718884.1	G2c	Porcine epidemic diarrhea virus isolate CH-HeN03-2021 spike protein (S) gene, complete cds
OQ718885.1	OQ718885.1	G2c	Porcine epidemic diarrhea virus isolate CH-HeN04-2021 spike protein (S) gene, complete cds
OQ718886.1	OQ718886.1	G2c	Porcine epidemic diarrhea virus isolate CH-HeN05-2021 spike protein (S) gene, complete cds
OQ718887.1	OQ718887.1	G2c	Porcine epidemic diarrhea virus isolate CH-HeN07-2021 spike protein (S) gene, complete cds
OQ718888.1	OQ718888.1	G2c	Porcine epidemic diarrhea virus isolate CH-HeN08-2021 spike protein (S) gene, complete cds
OQ718889.1	OQ718889.1	G2c	Porcine epidemic diarrhea virus isolate CH-HeN09-2021 spike protein (S) gene, complete cds
OQ718890.1	OQ718890.1	G2c	Porcine epidemic diarrhea virus isolate CH-HeN10-2021 spike protein (S) gene, complete cds
OQ718891.1	OQ718891.1	G2c	Porcine epidemic diarrhea virus isolate CH-HeN11-2021 spike protein (S) gene, complete cds
OQ718892.1	OQ718892.1	G2c	Porcine epidemic diarrhea virus isolate CH-HeN13-2021 spike protein (S) gene, complete cds
OQ718893.1	OQ718893.1	G2c	Porcine epidemic diarrhea virus isolate CH-HeN12-2022 spike protein (S) gene, complete cds
OQ718894.1	OQ718894.1	G2c	Porcine epidemic diarrhea virus isolate CH-HeN14-2022 spike protein (S) gene, complete cds
OQ718895.1	OQ718895.1	G2c	Porcine epidemic diarrhea virus isolate CH-HeN15-2022 spike protein (S) gene, complete cds
OQ718896.1	OQ718896.1	G2c	Porcine epidemic diarrhea virus isolate CH-HeN16-2022 spike protein (S) gene, complete cds
OQ718897.1	OQ718897.1	G2c	Porcine epidemic diarrhea virus isolate CH-HeN17-2022 spike protein (S) gene, complete cds
OQ718898.1	OQ718898.1	G2c	Porcine epidemic diarrhea virus isolate CH-HeN18-2022 spike protein (S) gene, complete cds
OQ718899.1	OQ718899.1	G2c	Porcine epidemic diarrhea virus isolate CH-HeN19-2022 spike protein (S) gene, complete cds
OQ718900.1	OQ718900.1	G2c	Porcine epidemic diarrhea virus isolate CH-HeN20-2022 spike protein (S) gene, complete cds
OQ718901.1	OQ718901.1	G2c	Porcine epidemic diarrhea virus isolate CH-HeN21-2022 spike protein (S) gene, complete cds
OQ718902.1	OQ718902.1	G2c	Porcine epidemic diarrhea virus isolate CH-HeN22-2022 spike protein (S) gene, complete cds
OQ718903.1	OQ718903.1	G2c	Porcine epidemic diarrhea virus isolate CH-HeN23-2022 spike protein (S) gene, complete cds
OQ718904.1	OQ718904.1	G2c	Porcine epidemic diarrhea virus isolate CH-HeN24-2023 spike protein (S) gene, complete cds
OQ718905.1	OQ718905.1	G2c	Porcine epidemic diarrhea virus isolate CH-HeN25-2023 spike protein (S) gene, complete cds
OQ718906.1	OQ718906.1	G2c	Porcine epidemic diarrhea virus isolate CH-HeN26-2023 spike protein (S) gene, complete cds
OQ718907.1	OQ718907.1	G2c	Porcine epidemic diarrhea virus isolate CH-HeN28-2023 spike protein (S) gene, complete cds
OQ718908.1	OQ718908.1	G2c	Porcine epidemic diarrhea virus isolate CH-HeN29-2023 spike protein (S) gene, complete cds
OQ718909.1	OQ718909.1	G2c	Porcine epidemic diarrhea virus isolate CH-HeN30-2023 spike protein (S) gene, complete cds
OQ718910.1	OQ718910.1	G2c	Porcine epidemic diarrhea virus isolate CH-HeN31-2023 spike protein (S) gene, complete cds
OQ718911.1	OQ718911.1	G2c	Porcine epidemic diarrhea virus isolate CH-HeN32-2023 spike protein (S) gene, complete cds
OQ731918.1	OQ731918.1	G2c	Porcine epidemic diarrhea virus isolate PEDV-GX02/2022, complete genome
OQ915150.1	OQ915150.1	G2c	Porcine epidemic diarrhea virus strain ZJ2022, complete genome
OQ979198.1	OQ979198.1	G2c	Porcine epidemic diarrhea virus strain HNYZ, complete genome
OQ979199.1	OQ979199.1	G2c	Porcine epidemic diarrhea virus strain HNXH, complete genome
OQ979200.1	OQ979200.1	G2c	Porcine epidemic diarrhea virus strain HNZK1, complete genome
OR001815.1	OR001815.1	G2c	Porcine epidemic diarrhea virus isolate A2021014 spike protein (S) gene, complete cds
OR001816.1	OR001816.1	G2c	Porcine epidemic diarrhea virus isolate A2021015 spike protein (S) gene, complete cds
OR001818.1	OR001818.1	G2c	Porcine epidemic diarrhea virus isolate A2021016 spike protein (S) gene, complete cds
OR001819.1	OR001819.1	G2c	Porcine epidemic diarrhea virus isolate A2021018 spike protein (S) gene, complete cds
OR001820.1	OR001820.1	G2c	Porcine epidemic diarrhea virus isolate A22073102 spike protein (S) gene, complete cds
OR001821.1	OR001821.1	G2c	Porcine epidemic diarrhea virus isolate LY02 spike protein (S) gene, complete cds
OR001822.1	OR001822.1	G2c	Porcine epidemic diarrhea virus isolate LY03 spike protein (S) gene, complete cds
OR001823.1	OR001823.1	G2c	Porcine epidemic diarrhea virus isolate A2021017 spike protein (S) gene, complete cds
OR061129.1	OR061129.1	G2c	Porcine epidemic diarrhea virus isolate ZQ2022, complete genome
OR085228.1	OR085228.1	G2c	Porcine epidemic diarrhea virus isolate PEDV-AHCZ10-2022, complete genome
OR085229.1	OR085229.1	G2c	Porcine epidemic diarrhea virus isolate PEDV-AHCZ8-2022, complete genome
OR085230.1	OR085230.1	G2c	Porcine epidemic diarrhea virus isolate PEDV-AHCZ1-2022, complete genome
OR085231.1	OR085231.1	G2c	Porcine epidemic diarrhea virus isolate PEDV-AHCZ3-2022, complete genome
OR085232.1	OR085232.1	G2c	Porcine epidemic diarrhea virus isolate PEDV-FJNL4-2023, complete genome
OR085233.1	OR085233.1	G2c	Porcine epidemic diarrhea virus isolate PEDV-FJNL8-2023, complete genome
OR085234.1	OR085234.1	G2c	Porcine epidemic diarrhea virus isolate PEDV-FJNL1-2023, complete genome
OR085245.1	OR085245.1	G2c	Porcine epidemic diarrhea virus isolate PEDV-AHBZ16-2022, complete genome
OR085246.1	OR085246.1	G2c	Porcine epidemic diarrhea virus isolate PEDV-AHBZ35-2022, complete genome
OR085247.1	OR085247.1	G2c	Porcine epidemic diarrhea virus isolate PEDV-AHBZ1-2022, complete genome
OR085248.1	OR085248.1	G2c	Porcine epidemic diarrhea virus isolate PEDV-SDBR1-2022, complete genome
OR085249.1	OR085249.1	G2c	Porcine epidemic diarrhea virus isolate PEDV-GDYJ3-2022, complete genome
OR085250.1	OR085250.1	G2c	Porcine epidemic diarrhea virus isolate PEDV-HuN6-2023, complete genome
OR085251.1	OR085251.1	G2c	Porcine epidemic diarrhea virus isolate PEDV-HuNLH1-2023, complete genome
OR085253.1	OR085253.1	G2c	Porcine epidemic diarrhea virus isolate PEDV-SCPM49-2022, complete genome
OR085254.1	OR085254.1	G2c	Porcine epidemic diarrhea virus isolate PEDV-SCPM48-2022, complete genome
OR085255.1	OR085255.1	G2c	Porcine epidemic diarrhea virus isolate PEDV-SXDHYJ1-2022, complete genome
OR085257.1	OR085257.1	G2c	Porcine epidemic diarrhea virus isolate PEDV-SXSH49-2022, complete genome
OR085258.1	OR085258.1	G2c	Porcine epidemic diarrhea virus isolate PEDV-SXSH52-2022, complete genome
OR085259.1	OR085259.1	G2c	Porcine epidemic diarrhea virus isolate PEDV-SXSH20-2022, complete genome
OR085260.1	OR085260.1	G2c	Porcine epidemic diarrhea virus isolate PEDV-SXSH10-2022, complete genome
OR085261.1	OR085261.1	G2c	Porcine epidemic diarrhea virus isolate PEDV-AHHT2-2022, complete genome
OR085267.1	OR085267.1	G2c	Porcine epidemic diarrhea virus isolate PEDV-FJZZ3-2022, complete genome
OR085268.1	OR085268.1	G2c	Porcine epidemic diarrhea virus isolate PEDV-FJZZ1-2022, complete genome
OR085269.1	OR085269.1	G2c	Porcine epidemic diarrhea virus isolate PEDV-GDJM3-2022, complete genome
OR085270.1	OR085270.1	G2c	Porcine epidemic diarrhea virus isolate PEDV-GDYJ5-2022, complete genome
OR085271.1	OR085271.1	G2c	Porcine epidemic diarrhea virus isolate PEDV-HeNNX9-2022, complete genome
OR085272.1	OR085272.1	G2c	Porcine epidemic diarrhea virus isolate PEDV-GDHB1-2023, complete genome
OR085273.1	OR085273.1	G2c	Porcine epidemic diarrhea virus isolate PEDV-GDHB2-2023, complete genome
OR085274.1	OR085274.1	G2c	Porcine epidemic diarrhea virus isolate PEDV-GXXS1-2023, complete genome
OR085275.1	OR085275.1	G2c	Porcine epidemic diarrhea virus isolate PEDV-GXXX1-2023, complete genome
OR085277.1	OR085277.1	G2c	Porcine epidemic diarrhea virus isolate PEDV-YNKX14-2022, complete genome
OR085278.1	OR085278.1	G2c	Porcine epidemic diarrhea virus isolate PEDV-YNKX13-2022, complete genome
OR085279.1	OR085279.1	G2c	Porcine epidemic diarrhea virus isolate PEDV-YNKX15-2022, complete genome
OR085286.1	OR085286.1	G2c	Porcine epidemic diarrhea virus isolate PEDV-XJJY14-2023, complete genome
OR085287.1	OR085287.1	G2c	Porcine epidemic diarrhea virus isolate PEDV-XJJY6-2023, complete genome
OR085288.1	OR085288.1	G2c	Porcine epidemic diarrhea virus isolate PEDV-XJJY5-2023, complete genome
OR085289.1	OR085289.1	G2c	Porcine epidemic diarrhea virus isolate PEDV-XJJY7-2023, complete genome
OR085290.1	OR085290.1	G2c	Porcine epidemic diarrhea virus isolate PEDV-XJJY17-2023, complete genome
OR085291.1	OR085291.1	G2c	Porcine epidemic diarrhea virus isolate PEDV-XJTK1-2022, complete genome
OR085292.1	OR085292.1	G2c	Porcine epidemic diarrhea virus isolate PEDV-XJTK3-2022, complete genome
OR085293.1	OR085293.1	G2c	Porcine epidemic diarrhea virus isolate PEDV-XJWL1-2022, complete genome
OR085294.1	OR085294.1	G2c	Porcine epidemic diarrhea virus isolate PEDV-XJWL2-2022, complete genome
OR085296.1	OR085296.1	G2c	Porcine epidemic diarrhea virus isolate PEDV-YNPJ5-2022, complete genome
OR085297.1	OR085297.1	G2c	Porcine epidemic diarrhea virus isolate PEDV-YNPJ1-2022, complete genome
OR085312.1	OR085312.1	G2c	Porcine epidemic diarrhea virus isolate PEDV-JLYH1-2023, complete genome
OR089086.1	OR089086.1	G2c	Porcine epidemic diarrhea virus isolate LS-23 spike gene, complete cds
OR123893.1	OR123893.1	G2c	Porcine epidemic diarrhea virus strain HB2022, complete genome
OR195026.1	OR195026.1	G2c	Porcine epidemic diarrhea virus strain HB2022-1 spike protein (S) gene, complete cds
OR195027.1	OR195027.1	G2c	Porcine epidemic diarrhea virus strain HB2022-2 spike protein (S) gene, complete cds
OR195028.1	OR195028.1	G2c	Porcine epidemic diarrhea virus strain HB2022-3 spike protein (S) gene, complete cds
OR195030.1	OR195030.1	G2c	Porcine epidemic diarrhea virus strain HB2022-5 spike protein (S) gene, complete cds
OR195031.1	OR195031.1	G2c	Porcine epidemic diarrhea virus strain HB2022-6 spike protein (S) gene, complete cds
OR195032.1	OR195032.1	G2c	Porcine epidemic diarrhea virus strain HB2022-7 spike protein (S) gene, complete cds
OR195033.1	OR195033.1	G2c	Porcine epidemic diarrhea virus strain HB2022-8 spike protein (S) gene, complete cds
OR195036.1	OR195036.1	G2c	Porcine epidemic diarrhea virus strain HB2022-11 spike protein (S) gene, complete cds
OR195038.1	OR195038.1	G2c	Porcine epidemic diarrhea virus strain HB2022-13 spike protein (S) gene, complete cds
OR234022.1	OR234022.1	G2c	Porcine epidemic diarrhea virus isolate SXXY, complete genome
OR240110.1	OR240110.1	G2c	Porcine epidemic diarrhea virus isolate CHN/TZ2023 spike protein (S) gene, complete cds
OR418363.1	OR418363.1	G2c	Porcine epidemic diarrhea virus strain FS202201, complete genome
OR418364.1	OR418364.1	G2c	Porcine epidemic diarrhea virus strain JY202201, complete genome
OR472492.1	OR472492.1	G2c	Porcine epidemic diarrhea virus isolate SXXY-1 spike protein gene, complete cds
OR479080.1	OR479080.1	G2c	Porcine epidemic diarrhea virus isolate CH/JX2301 spike protein (S) gene, complete cds
OR501721.1	OR501721.1	G2c	Porcine epidemic diarrhea virus strain FJS1-3 spike protein (S) gene, complete cds
OR501722.1	OR501722.1	G2c	Porcine epidemic diarrhea virus strain FJS1-5 spike protein (S) gene, complete cds
OR501723.1	OR501723.1	G2c	Porcine epidemic diarrhea virus strain FJS1-7 spike protein (S) gene, complete cds
OR526953.1	OR526953.1	G2c	Porcine epidemic diarrhea virus isolate PEDV-LN-P15 spike protein gene, complete cds
OR567503.1	OR567503.1	G2c	Porcine epidemic diarrhea virus isolate CHN/HuB-202201 spike protein gene, complete cds
OR567504.1	OR567504.1	G2c	Porcine epidemic diarrhea virus isolate CHN/HuB-202202 spike protein gene, complete cds
OR567505.1	OR567505.1	G2c	Porcine epidemic diarrhea virus isolate CHN/HuN-202201 spike protein gene, complete cds
OR567506.1	OR567506.1	G2c	Porcine epidemic diarrhea virus isolate CHN/HuN-202202 spike protein gene, complete cds
OR567507.1	OR567507.1	G2c	Porcine epidemic diarrhea virus isolate CHN/JX-202202 spike protein gene, complete cds
OR567508.1	OR567508.1	G2c	Porcine epidemic diarrhea virus isolate CHN/JX-202203 spike protein gene, complete cds
OR567509.1	OR567509.1	G2c	Porcine epidemic diarrhea virus isolate CHN/JX-202204 spike protein gene, complete cds
OR576823.1	OR576823.1	G2c	Porcine epidemic diarrhea virus isolate CH/GD442/2022 spike protein (S) gene, complete cds
OR576824.1	OR576824.1	G2c	Porcine epidemic diarrhea virus isolate CH/GD443/2022 spike protein (S) gene, complete cds
OR576825.1	OR576825.1	G2c	Porcine epidemic diarrhea virus isolate CH/GD444/2022 spike protein (S) gene, complete cds
OR576826.1	OR576826.1	G2c	Porcine epidemic diarrhea virus isolate CH/GD445/2022 spike protein (S) gene, complete cds
OR587951.1	OR587951.1	G2c	Porcine epidemic diarrhea virus isolate CH/HLJGS/2023, complete genome
OR601542.1	OR601542.1	G2c	Porcine epidemic diarrhea virus isolate GS/YD17/2022, complete genome
OR601543.1	OR601543.1	G2c	Porcine epidemic diarrhea virus isolate GS/YD37/2022, complete genome
OR684450.1	OR684450.1	G2c	Porcine epidemic diarrhea virus strain HN-1/2023, complete genome
OR684451.1	OR684451.1	G2c	Porcine epidemic diarrhea virus strain HN-2/2023, complete genome
OR684452.1	OR684452.1	G2c	UNVERIFIED: Porcine epidemic diarrhea virus strain SC/2023, complete genome
OR734225.1	OR734225.1	G2c	Porcine epidemic diarrhea virus isolate DY2020, complete genome
OR804100.1	OR804100.1	G2c	Porcine epidemic diarrhea virus strain CH/HNNY/2022 spike protein gene, complete cds
OR808014.1	OR808014.1	G2c	Porcine epidemic diarrhea virus isolate JSxz2021 spike protein (S) gene, complete cds
OR808015.1	OR808015.1	G2c	Porcine epidemic diarrhea virus isolate JSxz2023 spike protein (S) gene, complete cds
OR808016.1	OR808016.1	G2c	Porcine epidemic diarrhea virus isolate JSyc2021 spike protein (S) gene, complete cds
OR808017.1	OR808017.1	G2c	Porcine epidemic diarrhea virus isolate AHbz2022 spike protein (S) gene, complete cds
OR808020.1	OR808020.1	G2c	Porcine epidemic diarrhea virus isolate AHfy2023 spike protein (S) gene, complete cds
OR992088.1	OR992088.1	G2c	Porcine epidemic diarrhea virus isolate CH/FST-H/2017 spike protein (S) gene, complete cds
PP003006.1	PP003006.1	G2c	Porcine epidemic diarrhea virus isolate SX2023 spike protein (S) gene, complete cds
PP083729.1	PP083729.1	G2c	Porcine epidemic diarrhea virus isolate PED/swine/JS/SJ-2022 spike protein (S) gene, complete cds
PP198349.1	PP198349.1	G2c	Porcine epidemic diarrhea virus strain CHN/JX-202201, complete genome
PP373526.1	PP373526.1	G2c	Porcine epidemic diarrhea virus strain LZ202401 spike protein (S) gene, complete cds
PP395568.1	PP395568.1	G2c	Porcine epidemic diarrhea virus strain SC2020LS spike protein (S) gene, complete cds
PP395573.1	PP395573.1	G2c	Porcine epidemic diarrhea virus strain SC2020NC spike protein (S) gene, complete cds
PP395574.1	PP395574.1	G2c	Porcine epidemic diarrhea virus strain SC2020CD spike protein (S) gene, complete cds
PP395575.1	PP395575.1	G2c	Porcine epidemic diarrhea virus strain SC2020GY spike protein (S) gene, complete cds
PP395577.1	PP395577.1	G2c	Porcine epidemic diarrhea virus strain SC2021BZ spike protein (S) gene, complete cds
PP395579.1	PP395579.1	G2c	Porcine epidemic diarrhea virus strain SC2021ZG spike protein (S) gene, complete cds
PP395580.1	PP395580.1	G2c	Porcine epidemic diarrhea virus strain SC2021GA spike protein (S) gene, complete cds
PP395581.1	PP395581.1	G2c	Porcine epidemic diarrhea virus strain SC2021YA spike protein (S) gene, complete cds
PP395583.1	PP395583.1	G2c	Porcine epidemic diarrhea virus strain SC2022LS spike protein (S) gene, complete cds
PP395586.1	PP395586.1	G2c	Porcine epidemic diarrhea virus strain SC2022MS spike protein (S) gene, complete cds
PP395587.1	PP395587.1	G2c	Porcine epidemic diarrhea virus strain SC2022ZG spike protein (S) gene, complete cds
PP395589.1	PP395589.1	G2c	Porcine epidemic diarrhea virus strain SC2022CD spike protein (S) gene, complete cds
PP395590.1	PP395590.1	G2c	Porcine epidemic diarrhea virus strain SC2022NC spike protein (S) gene, complete cds
PP395591.1	PP395591.1	G2c	Porcine epidemic diarrhea virus strain SC2022GY spike protein (S) gene, complete cds
PP395592.1	PP395592.1	G2c	Porcine epidemic diarrhea virus strain SC2022DZ spike protein (S) gene, complete cds
PP395593.1	PP395593.1	G2c	Porcine epidemic diarrhea virus strain SC2022GZ spike protein (S) gene, complete cds
PP442050.1	PP442050.1	G2c	UNVERIFIED: Porcine epidemic diarrhea virus isolate LS-23, complete genome
PP461398.1	PP461398.1	G2c	Porcine epidemic diarrhea virus isolate JMS S protein gene, complete cds
PP472642.1	PP472642.1	G2c	Porcine epidemic diarrhea virus isolate JSYC/2021, complete genome
PP472643.1	PP472643.1	G2c	Porcine epidemic diarrhea virus isolate HNNY/2022, complete genome
PP472644.1	PP472644.1	G2c	Porcine epidemic diarrhea virus isolate GXGL/2022, complete genome
PP472646.1	PP472646.1	G2c	Porcine epidemic diarrhea virus isolate ZJWZ/2021, complete genome
PP501550.1	PP501550.1	G2c	Porcine epidemic diarrhea virus strain FJ-NP spike protein gene, complete cds
PP537163.1	PP537163.1	G2c	Porcine epidemic diarrhea virus isolate MLS-23 spike protein gene, complete cds
PP554573.1	PP554573.1	G2c	Porcine epidemic diarrhea virus isolate GS/2020/04 S protein gene, complete cds
PP580800.1	PP580800.1	G2c	Porcine epidemic diarrhea virus isolate SD-WF2023 spike protein (S) gene, complete cds
PP580802.1	PP580802.1	G2c	Porcine epidemic diarrhea virus isolate JS-NT2023 spike protein (S) gene, complete cds
PP580803.1	PP580803.1	G2c	Porcine epidemic diarrhea virus isolate SD-QD2023 spike protein (S) gene, complete cds
PP580810.1	PP580810.1	G2c	Porcine epidemic diarrhea virus isolate HN-ZZ2022 spike protein (S) gene, complete cds
PP580812.1	PP580812.1	G2c	Porcine epidemic diarrhea virus isolate GD-GZ2020-1 spike protein (S) gene, complete cds
PP580814.1	PP580814.1	G2c	Porcine epidemic diarrhea virus isolate GD-GZ2020-11 spike protein (S) gene, complete cds
PP580815.1	PP580815.1	G2c	Porcine epidemic diarrhea virus isolate GD-GZ2020-12 spike protein (S) gene, complete cds
PP580816.1	PP580816.1	G2c	Porcine epidemic diarrhea virus isolate GD-GZ2020-13 spike protein (S) gene, complete cds
PP580817.1	PP580817.1	G2c	Porcine epidemic diarrhea virus isolate GD-GZ2020-14 spike protein (S) gene, complete cds
PP580818.1	PP580818.1	G2c	Porcine epidemic diarrhea virus isolate GD-GZ2020-15 spike protein (S) gene, complete cds
PP580819.1	PP580819.1	G2c	Porcine epidemic diarrhea virus isolate GD-GZ2020-2 spike protein (S) gene, complete cds
PP580820.1	PP580820.1	G2c	Porcine epidemic diarrhea virus isolate GD-GZ2020-3 spike protein (S) gene, complete cds
PP580821.1	PP580821.1	G2c	Porcine epidemic diarrhea virus isolate GD-GZ2020-4 spike protein (S) gene, complete cds
PP580822.1	PP580822.1	G2c	Porcine epidemic diarrhea virus isolate GD-GZ2020-5 spike protein (S) gene, complete cds
PP580823.1	PP580823.1	G2c	Porcine epidemic diarrhea virus isolate GD-GZ2020-6 spike protein (S) gene, complete cds
PP580824.1	PP580824.1	G2c	Porcine epidemic diarrhea virus isolate GD-GZ2020-7 spike protein (S) gene, complete cds
PP580825.1	PP580825.1	G2c	Porcine epidemic diarrhea virus isolate GD-GZ2020-8 spike protein (S) gene, complete cds
PP580826.1	PP580826.1	G2c	Porcine epidemic diarrhea virus isolate GD-GZ2020-9 spike protein (S) gene, complete cds
PP580827.1	PP580827.1	G2c	Porcine epidemic diarrhea virus isolate HN-ZZ2020 spike protein (S) gene, complete cds
PP580828.1	PP580828.1	G2c	Porcine epidemic diarrhea virus isolate XJ2020 spike protein (S) gene, complete cds
PP580829.1	PP580829.1	G2c	Porcine epidemic diarrhea virus isolate HN-ZZ2021 spike protein (S) gene, complete cds
PP595924.1	PP595924.1	G2c	Porcine epidemic diarrhea virus strain XJ-KT-1 spike protein (S) gene, complete cds
PP623116.1	PP623116.1	G2c	Porcine epidemic diarrhea virus isolate SCABTC-GA, complete genome
PP690527.1	PP690527.1	G2c	Porcine epidemic diarrhea virus isolate SCCD-P05, complete genome
PP723330.1	PP723330.1	G2c	Porcine epidemic diarrhea virus isolate CH/Sichuan-T/2022 spike protein (S) gene, complete cds
PP723331.1	PP723331.1	G2c	Porcine epidemic diarrhea virus isolate CH/Sichuan-LSZ/2023 spike protein (S) gene, complete cds
PP842666.1	PP842666.1	G2c	Porcine epidemic diarrhea virus isolate GX2021-20 spike glycoprotein gene, complete cds
PP901932.1	PP901932.1	G2c	Porcine epidemic diarrhea virus isolate PEDV/CN/FJQZ spike protein (S) gene, partial cds
PP901933.1	PP901933.1	G2c	Porcine epidemic diarrhea virus isolate PEDV/CN/GSQY spike protein (S) gene, partial cds
PP901934.1	PP901934.1	G2c	Porcine epidemic diarrhea virus isolate PEDV/CN/GSTS spike protein (S) gene, partial cds
PP901936.1	PP901936.1	G2c	Porcine epidemic diarrhea virus isolate PEDV/CN/JSYC spike protein (S) gene, partial cds
PP901937.1	PP901937.1	G2c	Porcine epidemic diarrhea virus isolate PEDV/CN/JXNC/01 spike protein (S) gene, partial cds
PP901938.1	PP901938.1	G2c	Porcine epidemic diarrhea virus isolate PEDV/CN/JXNC/02 spike protein (S) gene, partial cds
PP901939.1	PP901939.1	G2c	Porcine epidemic diarrhea virus isolate PEDV/CN/LNDL/01 spike protein (S) gene, partial cds
PP901940.1	PP901940.1	G2c	Porcine epidemic diarrhea virus isolate PEDV/CN/LNLD/02 spike protein (S) gene, partial cds
PP901941.1	PP901941.1	G2c	Porcine epidemic diarrhea virus isolate PEDV/CN/NMGTL spike protein (S) gene, partial cds
PP901942.1	PP901942.1	G2c	Porcine epidemic diarrhea virus isolate PEDV/CN/NMTL spike protein (S) gene, partial cds
PP901943.1	PP901943.1	G2c	Porcine epidemic diarrhea virus isolate PEDV/CN/SXYC spike protein (S) gene, partial cds
PP901944.1	PP901944.1	G2c	Porcine epidemic diarrhea virus isolate PEDV/CN/XJCJ spike protein (S) gene, partial cds
PP901945.1	PP901945.1	G2c	Porcine epidemic diarrhea virus isolate PEDV/CN/XJFS spike protein (S) gene, partial cds
PP901946.1	PP901946.1	G2c	Porcine epidemic diarrhea virus isolate PEDV/CN/XJHTB spike protein (S) gene, partial cds
PP901947.1	PP901947.1	G2c	Porcine epidemic diarrhea virus isolate PEDV/CN/XJJM spike protein (S) gene, partial cds
PP901948.1	PP901948.1	G2c	Porcine epidemic diarrhea virus isolate PEDV/CN/XJTK spike protein (S) gene, partial cds
PP901949.1	PP901949.1	G2c	Porcine epidemic diarrhea virus isolate PEDV/CN/XJWJQ/01 spike protein (S) gene, partial cds
PP901950.1	PP901950.1	G2c	Porcine epidemic diarrhea virus isolate PEDV/CN/XJWJQ/02 spike protein (S) gene, partial cds
PP901951.1	PP901951.1	G2c	Porcine epidemic diarrhea virus isolate PEDV/CN/XJZS spike protein (S) gene, partial cds
PP901952.1	PP901952.1	G2c	Porcine epidemic diarrhea virus isolate PEDV/CN/YNYX spike protein (S) gene, partial cds
PP906225.1	PP906225.1	G2c	Porcine epidemic diarrhea virus strain GD-QY spike protein gene, complete cds
PP906226.1	PP906226.1	G2c	Porcine epidemic diarrhea virus strain GD-CZ spike protein gene, complete cds
PP906227.1	PP906227.1	G2c	Porcine epidemic diarrhea virus strain GD-ZQ spike protein gene, complete cds
PP906230.1	PP906230.1	G2c	Porcine epidemic diarrhea virus strain HLJ-CY spike protein gene, complete cds
PP911340.1	PP911340.1	G2c	Porcine epidemic diarrhea virus isolate CH-SXXY-2024, partial genome
PP923930.1	PP923930.1	G2c	UNVERIFIED: Porcine epidemic diarrhea virus strain PEDV/swine/YN-SM-1508/China/2015/Yunnan spike protein-like gene, partial sequence
PP923936.1	PP923936.1	G2c	UNVERIFIED: Porcine epidemic diarrhea virus strain PEDV/swine/YN-KM-1705/China/2017/Yunnan spike protein-like gene, partial sequence
PP923937.1	PP923937.1	G2c	UNVERIFIED: Porcine epidemic diarrhea virus strain PEDV/swine/YN-KM-1706/China/2017/Yunnan spike protein-like gene, partial sequence
PP923940.1	PP923940.1	G2c	UNVERIFIED: Porcine epidemic diarrhea virus strain PEDV/swine/YN-BS-1912/China/2019/Yunnan spike protein-like gene, partial sequence
PP923949.1	PP923949.1	G2c	UNVERIFIED: Porcine epidemic diarrhea virus strain PEDV/swine/YN-WD-22062/China/2022/Yunnan spike protein-like gene, partial sequence
PP923950.1	PP923950.1	G2c	UNVERIFIED: Porcine epidemic diarrhea virus strain PEDV/swine/YN-YM-2206/China/2022/Yunnan spike protein-like gene, partial sequence
PP923951.1	PP923951.1	G2c	UNVERIFIED: Porcine epidemic diarrhea virus strain PEDV/swine/YN-YM-22061/China/2022/Yunnan spike protein-like gene, partial sequence
PP958821.1	PP958821.1	G2c	Porcine epidemic diarrhea virus isolate PEDV-SD/2020, complete genome
PP987385.1	PP987385.1	G2c	Porcine epidemic diarrhea virus isolate VRL 27-Apr-2023, complete genome
PP999774.1	PP999774.1	G2c	Porcine epidemic diarrhea virus isolate LZ202401, complete genome
PQ014389.1	PQ014389.1	G2c	Porcine epidemic diarrhea virus strain CH-JX-2024, complete genome
PQ119498.1	PQ119498.1	G2c	Porcine epidemic diarrhea virus isolate PEDV/QD/2024 spike protein (S) gene, complete cds
PQ123997.1	PQ123997.1	G2c	Porcine epidemic diarrhea virus strain SCABTC-PEDV-CY S protein gene, complete cds
PQ123998.1	PQ123998.1	G2c	Porcine epidemic diarrhea virus strain SCABTC-PEDV-DK S protein gene, complete cds
PQ124001.1	PQ124001.1	G2c	Porcine epidemic diarrhea virus strain SCABTC-PEDV-HT S protein gene, complete cds
PQ124002.1	PQ124002.1	G2c	Porcine epidemic diarrhea virus strain SCABTC-PEDV-JC S protein gene, complete cds
PQ124003.1	PQ124003.1	G2c	Porcine epidemic diarrhea virus strain SCABTC-PEDV-JL S protein gene, complete cds
PQ124004.1	PQ124004.1	G2c	Porcine epidemic diarrhea virus strain SCABTC-PEDV-M6 S protein gene, complete cds
PQ124005.1	PQ124005.1	G2c	Porcine epidemic diarrhea virus strain SCABTC-PEDV-M7 S protein gene, complete cds
PQ124006.1	PQ124006.1	G2c	Porcine epidemic diarrhea virus strain SCABTC-PEDV-M8 S protein gene, complete cds
PQ124008.1	PQ124008.1	G2c	Porcine epidemic diarrhea virus strain SCABTC-PEDV-SL S protein gene, complete cds
PQ124009.1	PQ124009.1	G2c	Porcine epidemic diarrhea virus strain SCABTC-PEDV-T S protein gene, complete cds
PQ124010.1	PQ124010.1	G2c	Porcine epidemic diarrhea virus strain SCABTC-PEDV-XN S protein gene, complete cds
PQ124011.1	PQ124011.1	G2c	Porcine epidemic diarrhea virus strain SCABTC-PEDV-ZY S protein gene, complete cds
PQ124012.1	PQ124012.1	G2c	Porcine epidemic diarrhea virus strain SCABTC-PEDV-ZYC S protein gene, complete cds
PQ179480.1	PQ179480.1	G2c	Porcine epidemic diarrhea virus strain SX0818-2022, complete genome
PQ284566.1	PQ284566.1	G2c	Porcine epidemic diarrhea virus isolate CH-HNF1-2023 spike protein (S) gene, complete cds
PQ284567.1	PQ284567.1	G2c	Porcine epidemic diarrhea virus isolate CH-HNF3-2023 spike protein (S) gene, complete cds
PQ284573.1	PQ284573.1	G2c	Porcine epidemic diarrhea virus isolate CH-SX3-2023 spike protein (S) gene, complete cds
PQ316088.1	PQ316088.1	G2c	Porcine epidemic diarrhea virus isolate CH/HNDZ/2022, complete genome
PQ316090.1	PQ316090.1	G2c	Porcine epidemic diarrhea virus isolate CH/GDJM2023, complete genome
PQ316091.1	PQ316091.1	G2c	Porcine epidemic diarrhea virus isolate CH/HBJL2023, complete genome
PQ316092.1	PQ316092.1	G2c	Porcine epidemic diarrhea virus isolate CH/ShXXY2-2023, complete genome
PQ349477.1	PQ349477.1	G2c	Porcine epidemic diarrhea virus isolate HN-YZ spike protein gene, complete cds
PQ349478.1	PQ349478.1	G2c	Porcine epidemic diarrhea virus isolate SN-WN spike protein gene, complete cds
PQ349479.1	PQ349479.1	G2c	Porcine epidemic diarrhea virus isolate GZ-QN spike protein gene, complete cds
PQ349480.1	PQ349480.1	G2c	Porcine epidemic diarrhea virus isolate YN-DL spike protein gene, complete cds
PQ507869.1	PQ507869.1	G2c	Porcine epidemic diarrhea virus isolate SC/CD/2024 spike protein gene, complete cds
PQ507870.1	PQ507870.1	G2c	Porcine epidemic diarrhea virus isolate SC/MY/2023 spike protein gene, complete cds
PQ507871.1	PQ507871.1	G2c	Porcine epidemic diarrhea virus isolate SC/SN/2023 spike protein gene, complete cds
PQ507872.1	PQ507872.1	G2c	Porcine epidemic diarrhea virus isolate SC/LS/2023 spike protein gene, complete cds
PQ631046.1	PQ631046.1	G2c	Porcine epidemic diarrhea virus isolate PEDV HLJHG, complete genome
PQ642131.1	PQ642131.1	G2c	Porcine epidemic diarrhea virus isolate GD1S spike protein (S) gene, complete cds
PQ682538.1	PQ682538.1	G2c	Porcine epidemic diarrhea virus strain AHCZ02, complete genome
PQ846960.1	PQ846960.1	G2c	Porcine epidemic diarrhea virus isolate GZ/2024, complete genome
PQ870875.1	PQ870875.1	G2c	Porcine epidemic diarrhea virus strain SC-JG spike protein gene, complete cds
PQ870876.1	PQ870876.1	G2c	Porcine epidemic diarrhea virus strain YN-QJ spike protein gene, complete cds
PQ870877.1	PQ870877.1	G2c	Porcine epidemic diarrhea virus strain FJ-NP spike protein gene, complete cds
PV036764.1	PV036764.1	G2c	Porcine epidemic diarrhea virus isolate HLJ10, complete genome
PV036765.1	PV036765.1	G2c	Porcine epidemic diarrhea virus isolate HLJ8, complete genome
PV036767.1	PV036767.1	G2c	Porcine epidemic diarrhea virus isolate HLJ6, complete genome
PV036768.1	PV036768.1	G2c	Porcine epidemic diarrhea virus isolate SSX1, complete genome
PV036772.1	PV036772.1	G2c	Porcine epidemic diarrhea virus isolate SSX1-1, complete genome
PV036773.1	PV036773.1	G2c	Porcine epidemic diarrhea virus isolate HB1, complete genome
PV036776.1	PV036776.1	G2c	Porcine epidemic diarrhea virus isolate HB4, complete genome
PV036777.1	PV036777.1	G2c	Porcine epidemic diarrhea virus isolate HB5, complete genome
PV036778.1	PV036778.1	G2c	Porcine epidemic diarrhea virus isolate HLJ13, complete genome
PV036779.1	PV036779.1	G2c	Porcine epidemic diarrhea virus isolate HLJ14, complete genome
PV036780.1	PV036780.1	G2c	Porcine epidemic diarrhea virus isolate HLJ11, complete genome
PV036781.1	PV036781.1	G2c	Porcine epidemic diarrhea virus isolate HB6, complete genome
PV098397.1	PV098397.1	G2c	Porcine epidemic diarrhea virus isolate PEDV-BJ-2023, complete genome
PV098398.1	PV098398.1	G2c	Porcine epidemic diarrhea virus isolate PEDV-ZY-2023, complete genome
PV107499.1	PV107499.1	G2c	Porcine epidemic diarrhea virus isolate EHuB4_2021_Swine_HB, complete genome
PV125746.1	PV125746.1	G2c	Porcine epidemic diarrhea virus isolate 23GXNN-1, complete genome
PV146387.1	PV146387.1	G2c	Porcine epidemic diarrhea virus isolate PEDV/CHN/SW26/2022 S protein (S) gene, partial cds
PV146388.1	PV146388.1	G2c	Porcine epidemic diarrhea virus isolate PEDV/CHN/SW27/2022 S protein (S) gene, partial cds
PV146389.1	PV146389.1	G2c	Porcine epidemic diarrhea virus isolate PEDV/CHN/SW28/2022 S protein (S) gene, partial cds
PV146390.1	PV146390.1	G2c	Porcine epidemic diarrhea virus isolate PEDV/CHN/SW29/2022 S protein (S) gene, partial cds
PV146391.1	PV146391.1	G2c	Porcine epidemic diarrhea virus isolate PEDV/CHN/SW30/2023 S protein (S) gene, partial cds
PV146392.1	PV146392.1	G2c	Porcine epidemic diarrhea virus isolate PEDV/CHN/SW31/2023 S protein (S) gene, partial cds
PV146393.1	PV146393.1	G2c	Porcine epidemic diarrhea virus isolate PEDV/CHN/SW32/2023 S protein (S) gene, partial cds
PV146394.1	PV146394.1	G2c	Porcine epidemic diarrhea virus isolate PEDV/CHN/SW33/2023 S protein (S) gene, partial cds
PV146398.1	PV146398.1	G2c	Porcine epidemic diarrhea virus isolate PEDV/CHN/SW15/2024 S protein (S) gene, partial cds
PV146399.1	PV146399.1	G2c	Porcine epidemic diarrhea virus isolate PEDV/CHN/SW37/2024 S protein (S) gene, partial cds
PV146401.1	PV146401.1	G2c	UNVERIFIED: Porcine epidemic diarrhea virus isolate PEDV-CHN-SW37-2024, partial genome
PV164718.1	PV164718.1	G2c	Porcine epidemic diarrhea virus isolate PEDV HN22HN1101 spike protein (S) gene, complete cds
PV164719.1	PV164719.1	G2c	Porcine epidemic diarrhea virus isolate PEDV JS22SQ0301-02 spike protein (S) gene, complete cds
PV164723.1	PV164723.1	G2c	Porcine epidemic diarrhea virus isolate PEDV YN23YN0501-01 spike protein (S) gene, complete cds
PV164724.1	PV164724.1	G2c	Porcine epidemic diarrhea virus isolate PEDV ZJ23HZ0201 spike protein (S) gene, complete cds
PV164725.1	PV164725.1	G2c	Porcine epidemic diarrhea virus isolate PEDV ZJ23HZ0401-01 spike protein (S) gene, complete cds
PV164726.1	PV164726.1	G2c	Porcine epidemic diarrhea virus isolate PEDV ZJ23LS0201-02 spike protein (S) gene, complete cds
PV164730.1	PV164730.1	G2c	Porcine epidemic diarrhea virus isolate PEDV AH24AH0501-01 spike protein (S) gene, complete cds
PV164731.1	PV164731.1	G2c	Porcine epidemic diarrhea virus isolate PEDV HN24HN0401 spike protein (S) gene, complete cds
PV164732.1	PV164732.1	G2c	Porcine epidemic diarrhea virus isolate PEDV SX24SX0701-04 spike protein (S) gene, complete cds
PV164733.1	PV164733.1	G2c	Porcine epidemic diarrhea virus isolate PEDV ZJ24LS0201 spike protein (S) gene, complete cds
PV164735.1	PV164735.1	G2c	Porcine epidemic diarrhea virus isolate PEDV ZJ24NB0401 spike protein (S) gene, complete cds
PV235412.1	PV235412.1	G2c	UNVERIFIED: Porcine epidemic diarrhea virus isolate 2024-GXYL sequence
PV235413.1	PV235413.1	G2c	Porcine epidemic diarrhea virus isolate 2024-JXNC spike (S) gene, complete cds
PV235414.1	PV235414.1	G2c	Porcine epidemic diarrhea virus isolate 2024-JXYX spike (S) gene, complete cds
PV235415.1	PV235415.1	G2c	Porcine epidemic diarrhea virus isolate 2021-HBMC spike (S) gene, complete cds
PV250054.1	PV250054.1	G2c	Porcine epidemic diarrhea virus isolate 23GXGL-1 spike protein (S) gene, complete cds
PV250055.1	PV250055.1	G2c	Porcine epidemic diarrhea virus isolate 23GXGL-2 spike protein (S) gene, complete cds
PV389918.1	PV389918.1	G2c	Porcine epidemic diarrhea virus isolate GD-QY spike protein gene, complete cds
PV389919.1	PV389919.1	G2c	Porcine epidemic diarrhea virus isolate HB2024, partial genome
PV394113.1	PV394113.1	G2c	Porcine epidemic diarrhea virus isolate 23GXNN-2 spike protein (S) gene, complete cds
PV394114.1	PV394114.1	G2c	Porcine epidemic diarrhea virus isolate 24GXNN-1 spike protein (S) gene, complete cds
PV409558.1	PV409558.1	G2c	Porcine epidemic diarrhea virus isolate SXHZ/2019 spike protein gene, complete cds
PV409559.1	PV409559.1	G2c	Porcine epidemic diarrhea virus isolate CH/GSLZ spike protein gene, complete cds
PV409560.1	PV409560.1	G2c	Porcine epidemic diarrhea virus isolate CH/HNAY spike protein gene, complete cds
PV409561.1	PV409561.1	G2c	Porcine epidemic diarrhea virus isolate CH/HNJZ spike protein gene, complete cds
PV409562.1	PV409562.1	G2c	Porcine epidemic diarrhea virus isolate CH/SXAK spike protein gene, complete cds
PV409563.1	PV409563.1	G2c	Porcine epidemic diarrhea virus isolate CH/HNLY/2021 spike protein gene, complete cds
PV409564.1	PV409564.1	G2c	Porcine epidemic diarrhea virus isolate CH/SXJC spike protein gene, complete cds
PV409565.1	PV409565.1	G2c	Porcine epidemic diarrhea virus isolate SXYC/2021 spike protein gene, complete cds
PV409566.1	PV409566.1	G2c	Porcine epidemic diarrhea virus isolate CH/SXTC spike protein gene, complete cds
PV409567.1	PV409567.1	G2c	Porcine epidemic diarrhea virus isolate CH/HNXC spike protein gene, complete cds
PV409568.1	PV409568.1	G2c	Porcine epidemic diarrhea virus isolate SXBJ/2022 spike protein gene, complete cds
PV464256.1	PV464256.1	G2c	Porcine epidemic diarrhea virus isolate CH-HNZZ-2023, complete genome
PV523957.1	PV523957.1	G2c	Porcine epidemic diarrhea virus isolate AH01-01-CN_2023 spike protein (S) gene, complete cds
PV523958.1	PV523958.1	G2c	Porcine epidemic diarrhea virus isolate AH01-02-CN_2024 spike protein (S) gene, complete cds
PV523959.1	PV523959.1	G2c	Porcine epidemic diarrhea virus isolate AH01-03-CN_2022 spike protein (S) gene, complete cds
PV523960.1	PV523960.1	G2c	Porcine epidemic diarrhea virus isolate AH02-01-CN_2023 spike protein (S) gene, complete cds
PV523961.1	PV523961.1	G2c	Porcine epidemic diarrhea virus isolate AH02-03-CN_2022 spike protein (S) gene, complete cds
PV523962.1	PV523962.1	G2c	Porcine epidemic diarrhea virus isolate AH03-08-CN_2024 spike protein (S) gene, complete cds
PV523963.1	PV523963.1	G2c	Porcine epidemic diarrhea virus isolate AH03-11-CN_2021 spike protein (S) gene, complete cds
PV523964.1	PV523964.1	G2c	Porcine epidemic diarrhea virus isolate AH03-11-CN_2023 spike protein (S) gene, complete cds
PV523965.1	PV523965.1	G2c	Porcine epidemic diarrhea virus isolate AH04-09-CN_2024 spike protein (S) gene, complete cds
PV523966.1	PV523966.1	G2c	Porcine epidemic diarrhea virus isolate AH04-12-CN_2023 spike protein (S) gene, complete cds
PV523967.1	PV523967.1	G2c	Porcine epidemic diarrhea virus isolate AH05-03-CN_2023 spike protein (S) gene, complete cds
PV523968.1	PV523968.1	G2c	Porcine epidemic diarrhea virus isolate AH05-11-CN_2024 spike protein (S) gene, complete cds
PV523969.1	PV523969.1	G2c	Porcine epidemic diarrhea virus isolate AH06-11-CN_2024 spike protein (S) gene, complete cds
PV523970.1	PV523970.1	G2c	Porcine epidemic diarrhea virus isolate AH07-12-CN_2024 spike protein (S) gene, complete cds
PV523971.1	PV523971.1	G2c	Porcine epidemic diarrhea virus isolate AH09-12-CN_2024 spike protein (S) gene, complete cds
PV523972.1	PV523972.1	G2c	Porcine epidemic diarrhea virus isolate GX01-01-CN_2023 spike protein (S) gene, complete cds
PV523973.1	PV523973.1	G2c	Porcine epidemic diarrhea virus isolate GX01-04-CN_2021 spike protein (S) gene, complete cds
PV523974.1	PV523974.1	G2c	Porcine epidemic diarrhea virus isolate GX01-03-CN_2024 spike protein (S) gene, complete cds
PV523975.1	PV523975.1	G2c	Porcine epidemic diarrhea virus isolate GX02-04-CN_2024 spike protein (S) gene, complete cds
PV523976.1	PV523976.1	G2c	Porcine epidemic diarrhea virus isolate GX02-09-CN_2021 spike protein (S) gene, complete cds
PV523977.1	PV523977.1	G2c	Porcine epidemic diarrhea virus isolate GX02-09-CN_2023 spike protein (S) gene, complete cds
PV523978.1	PV523978.1	G2c	Porcine epidemic diarrhea virus isolate GX03-09-CN_2021 spike protein (S) gene, complete cds
PV523979.1	PV523979.1	G2c	Porcine epidemic diarrhea virus isolate GX04-12-CN_2024 spike protein (S) gene, complete cds
PV523980.1	PV523980.1	G2c	Porcine epidemic diarrhea virus isolate GX07-11-CN_2021 spike protein (S) gene, complete cds
PV523981.1	PV523981.1	G2c	Porcine epidemic diarrhea virus isolate HLJ01-07-CN_2024 spike protein (S) gene, complete cds
PV523982.1	PV523982.1	G2c	Porcine epidemic diarrhea virus isolate HuB01-01-CN_2021 spike protein (S) gene, complete cds
PV523983.1	PV523983.1	G2c	Porcine epidemic diarrhea virus isolate HuB02-03-CN_2021 spike protein (S) gene, complete cds
PV523984.1	PV523984.1	G2c	Porcine epidemic diarrhea virus isolate JS01-01-CN_2023 spike protein (S) gene, complete cds
PV523985.1	PV523985.1	G2c	Porcine epidemic diarrhea virus isolate JS01-03-CN_2022 spike protein (S) gene, complete cds
PV523986.1	PV523986.1	G2c	Porcine epidemic diarrhea virus isolate JS01-05-CN_2024 spike protein (S) gene, complete cds
PV523987.1	PV523987.1	G2c	Porcine epidemic diarrhea virus isolate JS02-01-CN_2023 spike protein (S) gene, complete cds
PV523988.1	PV523988.1	G2c	Porcine epidemic diarrhea virus isolate JS02-03-CN_2022 spike protein (S) gene, complete cds
PV523989.1	PV523989.1	G2c	Porcine epidemic diarrhea virus isolate JS02-10-CN_2024 spike protein (S) gene, complete cds
PV523990.1	PV523990.1	G2c	Porcine epidemic diarrhea virus isolate SD01-06-CN_2024 spike protein (S) gene, complete cds
PV523991.1	PV523991.1	G2c	Porcine epidemic diarrhea virus isolate SD01-07-CN_2021 spike protein (S) gene, complete cds
PV523992.1	PV523992.1	G2c	Porcine epidemic diarrhea virus isolate SD02-11-CN_2024 spike protein (S) gene, complete cds
PV523993.1	PV523993.1	G2c	Porcine epidemic diarrhea virus isolate SD03-12-CN_2024 spike protein (S) gene, complete cds
PV523994.1	PV523994.1	G2c	Porcine epidemic diarrhea virus isolate SD05-12-CN_2022 spike protein (S) gene, complete cds
PV523995.1	PV523995.1	G2c	Porcine epidemic diarrhea virus isolate SD06-12-CN_2022 spike protein (S) gene, complete cds
PV523996.1	PV523996.1	G2c	Porcine epidemic diarrhea virus isolate SX02-11-CN_2023 spike protein (S) gene, complete cds
PV523997.1	PV523997.1	G2c	Porcine epidemic diarrhea virus isolate SX01-04-CN_2022 spike protein (S) gene, complete cds
PV523998.1	PV523998.1	G2c	Porcine epidemic diarrhea virus isolate SX01-11-CN_2023 spike protein (S) gene, complete cds
PV523999.1	PV523999.1	G2c	Porcine epidemic diarrhea virus isolate ZJ02-01-CN_2022 spike protein (S) gene, complete cds
PV524000.1	PV524000.1	G2c	Porcine epidemic diarrhea virus isolate ZJ03-01-CN_2022 spike protein (S) gene, complete cds
PV524001.1	PV524001.1	G2c	Porcine epidemic diarrhea virus isolate ZJ05-06-CN_2022 spike protein (S) gene, complete cds
PV524002.1	PV524002.1	G2c	Porcine epidemic diarrhea virus isolate ZJ06-08-CN_2022 spike protein (S) gene, complete cds
PV524003.1	PV524003.1	G2c	Porcine epidemic diarrhea virus isolate ZJ09-12-CN_2022 spike protein (S) gene, complete cds
PV536060.1	PV536060.1	G2c	Porcine epidemic diarrhea virus isolate PEDV-AHCD1-2023, partial genome
PV536061.1	PV536061.1	G2c	Porcine epidemic diarrhea virus isolate PEDV-AHCD5-2023, partial genome
PV536062.1	PV536062.1	G2c	Porcine epidemic diarrhea virus isolate PEDV-AHFW5-2023, partial genome
PV536063.1	PV536063.1	G2c	Porcine epidemic diarrhea virus isolate PEDV-AHHJ13-2023, partial genome
PV536064.1	PV536064.1	G2c	Porcine epidemic diarrhea virus isolate PEDV-AHHJ17-2023, partial genome
PV536065.1	PV536065.1	G2c	Porcine epidemic diarrhea virus isolate PEDV-AHHJ19-2023, partial genome
PV536067.1	PV536067.1	G2c	Porcine epidemic diarrhea virus isolate PEDV-AHHT10-2023, partial genome
PV536068.1	PV536068.1	G2c	Porcine epidemic diarrhea virus isolate PEDV-AHHT11-1-2023, partial genome
PV536069.1	PV536069.1	G2c	Porcine epidemic diarrhea virus isolate PEDV-AHHT12-1-2023, partial genome
PV536070.1	PV536070.1	G2c	Porcine epidemic diarrhea virus isolate PEDV-AHHT5-2023, partial genome
PV536071.1	PV536071.1	G2c	Porcine epidemic diarrhea virus isolate PEDV-AHHT6-1-2023, partial genome
PV536072.1	PV536072.1	G2c	Porcine epidemic diarrhea virus isolate PEDV-AHHT9-1-2023, partial genome
PV536075.1	PV536075.1	G2c	Porcine epidemic diarrhea virus isolate PEDV-AHJN3-2023, partial genome
PV536076.1	PV536076.1	G2c	Porcine epidemic diarrhea virus isolate PEDV-AHLY25-2022, partial genome
PV536077.1	PV536077.1	G2c	Porcine epidemic diarrhea virus isolate PEDV-AHLY7-2022, partial genome
PV536078.1	PV536078.1	G2c	Porcine epidemic diarrhea virus isolate PEDV-AHSG1-2023, partial genome
PV536082.1	PV536082.1	G2c	Porcine epidemic diarrhea virus isolate PEDV-GSLX2-2023, partial genome
PV536083.1	PV536083.1	G2c	Porcine epidemic diarrhea virus isolate PEDV-GSLX3-2023, partial genome
PV536084.1	PV536084.1	G2c	Porcine epidemic diarrhea virus isolate PEDV-GSXY6-2023, partial genome
PV536085.1	PV536085.1	G2c	Porcine epidemic diarrhea virus isolate PEDV-GSXY7-2023, partial genome
PV536087.1	PV536087.1	G2c	UNVERIFIED_ASMBLY: Porcine epidemic diarrhea virus isolate PEDV-GSYT4-2023, partial genome
PV536088.1	PV536088.1	G2c	UNVERIFIED_ASMBLY: Porcine epidemic diarrhea virus isolate PEDV-GSYT5-2023, partial genome
PV536089.1	PV536089.1	G2c	UNVERIFIED_ASMBLY: Porcine epidemic diarrhea virus isolate PEDV-GSYT8-2023, partial genome
PV536090.1	PV536090.1	G2c	Porcine epidemic diarrhea virus isolate PEDV-GSYT9-2023, partial genome
PV536092.1	PV536092.1	G2c	Porcine epidemic diarrhea virus isolate PEDV-HuBXL10-2023, partial genome
PV536094.1	PV536094.1	G2c	UNVERIFIED_ASMBLY: Porcine epidemic diarrhea virus isolate PEDV-HuBXL14-2023, partial genome
PV536095.1	PV536095.1	G2c	Porcine epidemic diarrhea virus isolate PEDV-HuBXL2-2023, partial genome
PV536096.1	PV536096.1	G2c	Porcine epidemic diarrhea virus isolate PEDV-HuBXL4-2023, partial genome
PV536097.1	PV536097.1	G2c	Porcine epidemic diarrhea virus isolate PEDV-JLBC9-2023, partial genome
PV536098.1	PV536098.1	G2c	UNVERIFIED_ASMBLY: Porcine epidemic diarrhea virus isolate PEDV-JLCG12-2024, partial genome
PV536100.1	PV536100.1	G2c	Porcine epidemic diarrhea virus isolate PEDV-JLCG9-2024, partial genome
PV536101.1	PV536101.1	G2c	Porcine epidemic diarrhea virus isolate PEDV-JSJL1-2023, partial genome
PV536102.1	PV536102.1	G2c	Porcine epidemic diarrhea virus isolate PEDV-JSYM2-2023, partial genome
PV536103.1	PV536103.1	G2c	Porcine epidemic diarrhea virus isolate PEDV-JSYM5-2023, partial genome
PV536104.1	PV536104.1	G2c	Porcine epidemic diarrhea virus isolate PEDV-LNDC35-2023, partial genome
PV536105.1	PV536105.1	G2c	Porcine epidemic diarrhea virus isolate PEDV-LNDC36-2023, partial genome
PV536107.1	PV536107.1	G2c	Porcine epidemic diarrhea virus isolate PEDV-SDJG18-2023, partial genome
PV536113.1	PV536113.1	G2c	UNVERIFIED_ASMBLY: Porcine epidemic diarrhea virus isolate PEDV-XJDB5-2023, partial genome
PV536114.1	PV536114.1	G2c	Porcine epidemic diarrhea virus isolate PEDV-XJDB9-2023, partial genome
PV536115.1	PV536115.1	G2c	Porcine epidemic diarrhea virus isolate PEDV-XJTYQ11-2023, partial genome
PV536116.1	PV536116.1	G2c	UNVERIFIED_ASMBLY: Porcine epidemic diarrhea virus isolate PEDV-XJTYQ8-2023, partial genome
PV536117.1	PV536117.1	G2c	Porcine epidemic diarrhea virus isolate PEDV-YNQW1-2023, partial genome
PV536118.1	PV536118.1	G2c	Porcine epidemic diarrhea virus isolate PEDV-YNQW21-2023, partial genome
PV536119.1	PV536119.1	G2c	Porcine epidemic diarrhea virus isolate PEDV-YNQW2-2023, partial genome
PV536120.1	PV536120.1	G2c	Porcine epidemic diarrhea virus isolate PEDV-YNQW22-2023, partial genome
PV536121.1	PV536121.1	G2c	UNVERIFIED_ASMBLY: Porcine epidemic diarrhea virus isolate PEDV-YNQW24-2023, partial genome
PV609791.1	PV609791.1	G2c	Porcine epidemic diarrhea virus isolate PEDV BZ2401 spike protein (S) gene, partial cds
PV609792.1	PV609792.1	G2c	Porcine epidemic diarrhea virus isolate PEDV CD2301 spike protein (S) gene, complete cds
PV609793.1	PV609793.1	G2c	Porcine epidemic diarrhea virus isolate PEDV CD2302 spike protein (S) gene, complete cds
PV609794.1	PV609794.1	G2c	Porcine epidemic diarrhea virus isolate PEDV CD2401 spike protein (S) gene, complete cds
PV609795.1	PV609795.1	G2c	Porcine epidemic diarrhea virus isolate PEDV DY2401 spike protein (S) gene, complete cds
PV609797.1	PV609797.1	G2c	Porcine epidemic diarrhea virus isolate PEDV GY2301 spike protein (S) gene, complete cds
PV609799.1	PV609799.1	G2c	Porcine epidemic diarrhea virus isolate PEDV LS2401 spike protein (S) gene, partial cds
PV614326.1	PV614326.1	G2c	Porcine epidemic diarrhea virus isolate MS2301 spike protein (S) gene, complete cds
PV614327.1	PV614327.1	G2c	Porcine epidemic diarrhea virus isolate MS2302 spike protein (S) gene, complete cds
PV614328.1	PV614328.1	G2c	Porcine epidemic diarrhea virus isolate MY2301 spike protein (S) gene, complete cds
PV614333.1	PV614333.1	G2c	Porcine epidemic diarrhea virus isolate XC2401 spike protein (S) gene, partial cds
PV614334.1	PV614334.1	G2c	Porcine epidemic diarrhea virus isolate ZY2301 spike protein (S) gene, complete cds
PV614335.1	PV614335.1	G2c	Porcine epidemic diarrhea virus isolate ZY2302 spike protein (S) gene, complete cds
PV614336.1	PV614336.1	G2c	Porcine epidemic diarrhea virus isolate ZY2401 spike protein (S) gene, complete cds
PV614337.1	PV614337.1	G2c	Porcine epidemic diarrhea virus isolate MY2302 spike protein (S) gene, complete cds
PV641627.1	PV641627.1	G2c	Porcine epidemic diarrhea virus isolate PEDV ZG2401 spike protein (S) gene, partial cds
PV641628.1	PV641628.1	G2c	Porcine epidemic diarrhea virus isolate PEDV MY2404 spike protein (S) gene, partial cds
PV641629.1	PV641629.1	G2c	Porcine epidemic diarrhea virus isolate PEDV MY2402 spike protein (S) gene, partial cds
PV641630.1	PV641630.1	G2c	Porcine epidemic diarrhea virus isolate PEDV GA2401 spike protein (S) gene, complete cds
PV641631.1	PV641631.1	G2c	Porcine epidemic diarrhea virus isolate PEDV CD2405 spike protein (S) gene, partial cds
PV641633.1	PV641633.1	G2c	Porcine epidemic diarrhea virus isolate PEDV CD2402 spike protein (S) gene, partial cds
PV641634.1	PV641634.1	G2c	Porcine epidemic diarrhea virus isolate YA2401 spike protein (S) gene, partial cds
PV641635.1	PV641635.1	G2c	Porcine epidemic diarrhea virus isolate NC2401 spike protein (S) gene, partial cds
PV691661.1	PV691661.1	G2c	Porcine epidemic diarrhea virus isolate CH/SXWN/2019 spike protein gene, complete cds
PV800119.1	PV800119.1	G2c	Porcine epidemic diarrhea virus isolate XWF/2025, partial genome
PV837602.1	PV837602.1	G2c	Porcine epidemic diarrhea virus strain swine/QD2306, complete genome
PV844362.1	PV844362.1	G2c	Porcine epidemic diarrhea virus isolate G2c spike protein gene, complete cds
PV844363.1	PV844363.1	G2c	Porcine epidemic diarrhea virus isolate G2c spike protein gene, complete cds
PV844364.1	PV844364.1	G2c	Porcine epidemic diarrhea virus isolate G2c spike protein gene, complete cds
PV844365.1	PV844365.1	G2c	Porcine epidemic diarrhea virus isolate G2c spike protein gene, complete cds
PV844366.1	PV844366.1	G2c	Porcine epidemic diarrhea virus isolate G2c spike protein gene, complete cds
PV844368.1	PV844368.1	G2c	Porcine epidemic diarrhea virus isolate G2b spike protein gene, complete cds
PV844372.1	PV844372.1	G2c	Porcine epidemic diarrhea virus isolate G2c spike protein gene, complete cds
PV844373.1	PV844373.1	G2c	Porcine epidemic diarrhea virus isolate G2c spike protein gene, complete cds
PV844374.1	PV844374.1	G2c	Porcine epidemic diarrhea virus isolate G2c spike protein gene, complete cds
PV844375.1	PV844375.1	G2c	Porcine epidemic diarrhea virus isolate G2b spike protein gene, complete cds
PV844376.1	PV844376.1	G2c	Porcine epidemic diarrhea virus isolate G2c spike protein gene, complete cds
PV890852.1	PV890852.1	G2c	Porcine epidemic diarrhea virus isolate HNNY-10 spike protein (S) gene, complete cds
PV890853.1	PV890853.1	G2c	Porcine epidemic diarrhea virus isolate HNNY-11 spike protein (S) gene, complete cds
PV890854.1	PV890854.1	G2c	Porcine epidemic diarrhea virus isolate HNNY-12 spike protein (S) gene, complete cds
PV890855.1	PV890855.1	G2c	Porcine epidemic diarrhea virus isolate HNJZ-14 spike protein (S) gene, complete cds
PV890856.1	PV890856.1	G2c	Porcine epidemic diarrhea virus isolate HNXC-15 spike protein (S) gene, complete cds
PV890858.1	PV890858.1	G2c	Porcine epidemic diarrhea virus isolate HNYZ-8 spike protein (S) gene, complete cds
PV890859.1	PV890859.1	G2c	Porcine epidemic diarrhea virus isolate HNYZ-9 spike protein (S) gene, complete cds
PV890860.1	PV890860.1	G2c	Porcine epidemic diarrhea virus isolate HNZK-38 spike protein (S) gene, complete cds
PV890861.1	PV890861.1	G2c	Porcine epidemic diarrhea virus isolate HNZK-39 spike protein (S) gene, complete cds
PV890862.1	PV890862.1	G2c	Porcine epidemic diarrhea virus isolate HNBY-31 spike protein (S) gene, complete cds
PV890863.1	PV890863.1	G2c	Porcine epidemic diarrhea virus isolate HNBY-32 spike protein (S) gene, complete cds
PV890864.1	PV890864.1	G2c	Porcine epidemic diarrhea virus isolate HNPY-22 spike protein (S) gene, complete cds
PV890865.1	PV890865.1	G2c	Porcine epidemic diarrhea virus isolate HNHB-23 spike protein (S) gene, complete cds
PV890866.1	PV890866.1	G2c	Porcine epidemic diarrhea virus isolate HNLS-28 spike protein (S) gene, complete cds
PV890867.1	PV890867.1	G2c	Porcine epidemic diarrhea virus isolate HNBY-33 spike protein (S) gene, complete cds
PV890868.1	PV890868.1	G2c	Porcine epidemic diarrhea virus isolate HNZK-62 spike protein (S) gene, complete cds
PV890869.1	PV890869.1	G2c	Porcine epidemic diarrhea virus isolate HNPDS-56 spike protein (S) gene, complete cds
PV890870.1	PV890870.1	G2c	Porcine epidemic diarrhea virus isolate HNZM-55 spike protein (S) gene, complete cds
PV890950.1	PV890950.1	G2c	Porcine epidemic diarrhea virus isolate YN-XW 202505 spike protein gene, complete cds
PV902815.1	PV902815.1	G2c	Porcine epidemic diarrhea virus isolate PEDV-JX spike protein (S) gene, complete cds
PV935323.1	PV935323.1	G2c	Porcine epidemic diarrhea virus isolate JX2307 spike protein (S) gene, complete cds
PV935324.1	PV935324.1	G2c	Porcine epidemic diarrhea virus isolate GX2311 spike protein (S) gene, complete cds
PV982377.1	PV982377.1	G2c	Porcine epidemic diarrhea virus isolate GX223, complete genome
PX146708.1	PX146708.1	G2c	Porcine epidemic diarrhea virus isolate GD1, complete genome
PX229687.1	PX229687.1	G2c	Porcine epidemic diarrhea virus isolate JS-XZFX202309 spike protein gene, complete cds
PX229689.1	PX229689.1	G2c	Porcine epidemic diarrhea virus isolate JS-SQTJ202206 spike protein gene, complete cds
PX229690.1	PX229690.1	G2c	Porcine epidemic diarrhea virus isolate JS-SQTJ202102 spike protein gene, complete cds
PX229691.1	PX229691.1	G2c	Porcine epidemic diarrhea virus isolate JS-SQTJ2021 spike protein gene, complete cds
PX229692.1	PX229692.1	G2c	UNVERIFIED: Porcine epidemic diarrhea virus isolate JS-SQTJ2021-1 spike protein-like gene, complete sequence
PX229693.1	PX229693.1	G2c	Porcine epidemic diarrhea virus isolate JS-SQMV202108 spike protein gene, complete cds
PX229694.1	PX229694.1	G2c	Porcine epidemic diarrhea virus isolate JS-SQMV202106 spike protein gene, complete cds
PX229695.1	PX229695.1	G2c	Porcine epidemic diarrhea virus isolate JS-SQMV202105 spike protein gene, complete cds
PX229696.1	PX229696.1	G2c	Porcine epidemic diarrhea virus isolate JS-SQMV202104 spike protein gene, complete cds
PX229697.1	PX229697.1	G2c	Porcine epidemic diarrhea virus isolate JS-SQMV202102 spike protein gene, complete cds
PX229698.1	PX229698.1	G2c	Porcine epidemic diarrhea virus isolate JS-SQMV2021 spike protein gene, complete cds
PX229699.1	PX229699.1	G2c	UNVERIFIED: Porcine epidemic diarrhea virus isolate JS-SQBQ202205 spike protein-like gene, partial sequence
PX229700.1	PX229700.1	G2c	UNVERIFIED: Porcine epidemic diarrhea virus isolate JS-SQBQ202202 spike protein-like gene, partial sequence
PX229701.1	PX229701.1	G2c	Porcine epidemic diarrhea virus isolate JS-SQBQ202109 spike protein gene, complete cds
PX229703.1	PX229703.1	G2c	Porcine epidemic diarrhea virus isolate JS-SQ2021 spike protein gene, complete cds
PX229705.1	PX229705.1	G2c	UNVERIFIED: Porcine epidemic diarrhea virus isolate JS-LYGYT202310 spike protein-like gene, complete sequence
PX229707.1	PX229707.1	G2c	Porcine epidemic diarrhea virus isolate JS-CZYG202204 spike protein gene, partial cds
PX229708.1	PX229708.1	G2c	Porcine epidemic diarrhea virus isolate JS-CZYG202202 spike protein gene, partial cds
PX229709.1	PX229709.1	G2c	Porcine epidemic diarrhea virus isolate JS-CZXB2021 spike protein gene, partial cds
PX387542.1	PX387542.1	G2c	Porcine epidemic diarrhea virus isolate SH2501, complete genome
PX437825.1	PX437825.1	G2c	Porcine epidemic diarrhea virus isolate PEDV-7, complete genome
PX470115.1	PX470115.1	G2c	Porcine epidemic diarrhea virus isolate HeN2024 S protein (S) gene, complete cds
PX482648.1	PX482648.1	G2c	Porcine epidemic diarrhea virus isolate CH-SWM-AB, complete genome
PX482650.1	PX482650.1	G2c	Porcine epidemic diarrhea virus isolate CH-SWM-RN, complete genome
PX482651.1	PX482651.1	G2c	Porcine epidemic diarrhea virus isolate CH-SWM-SN, complete genome
PX482652.1	PX482652.1	G2c	Porcine epidemic diarrhea virus isolate CH-SWM-YB, complete genome
PX482653.1	PX482653.1	G2c	Porcine epidemic diarrhea virus isolate CH-SWM-NC, complete genome
PX482655.1	PX482655.1	G2c	Porcine epidemic diarrhea virus isolate CH-SWM-ZFC, complete genome
PX569374.1	PX569374.1	G2c	Porcine epidemic diarrhea virus isolate GD-HY spike protein gene, complete cds
PX619214.1	PX619214.1	G2c	UNVERIFIED: Porcine epidemic diarrhea virus isolate SHB/2025-01 genomic sequence
PX619216.1	PX619216.1	G2c	UNVERIFIED: Porcine epidemic diarrhea virus isolate SHC/2025-01 genomic sequence
PX619217.1	PX619217.1	G2c	UNVERIFIED: Porcine epidemic diarrhea virus isolate SHC/2025-03 genomic sequence
PX619218.1	PX619218.1	G2c	UNVERIFIED: Porcine epidemic diarrhea virus isolate SHA/2025 genomic sequence
PX634159.1	PX634159.1	G2c	Porcine epidemic diarrhea virus strain PEDV TZ 2025, complete genome
PX705503.1	PX705503.1	G2c	Porcine epidemic diarrhea virus isolate GX2023, complete genome
PX737630.1	PX737630.1	G2c	Porcine epidemic diarrhea virus isolate PEDV/GX2025-01 spike glycoprotein gene, partial cds
PX737631.1	PX737631.1	G2c	Porcine epidemic diarrhea virus isolate PEDV/GX2025-02 spike glycoprotein gene, partial cds
