strain	accession	clade	description	original_date	date	date_precision
JN315706.1	JN315706.1	G2a	Porcine epidemic diarrhea virus strain CH/FJND-2/2011 spike protein (S) gene, complete cds	2011	2011-07-01	year
JN381492.1	JN381492.1	G2a	Porcine epidemic diarrhea virus strain CH/FJND-3/2011 spike protein (S) gene, complete cds	2011	2011-07-01	year
JN543367.1	JN543367.1	G2a	Porcine epidemic diarrhea virus strain CH/FJND-1/2011 spike protein (S) gene, complete cds	2011	2011-07-01	year
JN825706.1	JN825706.1	G2a	Porcine epidemic diarrhea virus isolate BJ-2011-2 spike protein (S) mRNA, complete cds	2011	2011-07-01	year
JN825707.1	JN825707.1	G2a	Porcine epidemic diarrhea virus isolate HB-2011-1 spike protein (S) mRNA, complete cds	2011	2011-07-01	year
JN825708.1	JN825708.1	G2a	Porcine epidemic diarrhea virus isolate HB-2011-2 spike protein (S) mRNA, complete cds	2011	2011-07-01	year
JN825709.1	JN825709.1	G2a	Porcine epidemic diarrhea virus isolate HB-2011-3 spike protein (S) mRNA, complete cds	2011	2011-07-01	year
JN825710.1	JN825710.1	G2a	Porcine epidemic diarrhea virus isolate ZJ-2011-1 spike protein (S) mRNA, complete cds	2011	2011-07-01	year
JN825711.1	JN825711.1	G2a	Porcine epidemic diarrhea virus isolate ZJ-2011-2 spike protein (S) mRNA, complete cds	2011	2011-07-01	year
JQ239436.1	JQ239436.1	G2a	Porcine epidemic diarrhea virus strain CH8 spike protein (S) gene, complete cds	2011	2011-07-01	year
JQ257005.1	JQ257005.1	G2a	Porcine epidemic diarrhea virus strain CH/KF/11 spike protein gene, complete cds	2011	2011-07-01	year
JQ257006.1	JQ257006.1	G2a	Porcine epidemic diarrhea virus strain CH/YY/11 spike protein gene, complete cds	2011	2011-07-01	year
JQ257007.1	JQ257007.1	G2a	Porcine epidemic diarrhea virus strain CH/ZY/11 spike protein gene, complete cds	2011	2011-07-01	year
JQ627653.1	JQ627653.1	G2a	Porcine epidemic diarrhea virus strain CH/AY/11 spike protein gene, complete cds	2011	2011-07-01	year
JQ627654.1	JQ627654.1	G2a	Porcine epidemic diarrhea virus strain CH/CG/11 spike protein gene, complete cds	2011	2011-07-01	year
JQ638916.1	JQ638916.1	G2a	Porcine epidemic diarrhea virus strain CH/HLJHH/2011 spike glycoprotein S2 (S) gene, complete cds	2011	2011-07-01	year
JQ638917.1	JQ638917.1	G2a	Porcine epidemic diarrhea virus strain CH/SDLY/2011 spike glycoprotein S2 (S) gene, complete cds	2011	2011-07-01	year
JQ638919.1	JQ638919.1	G2a	Porcine epidemic diarrhea virus strain CH/SDQD/2011 spike glycoprotein S2 (S) gene, complete cds	2011	2011-07-01	year
JQ638920.1	JQ638920.1	G2a	Porcine epidemic diarrhea virus strain CH/JLCC/2011 spike glycoprotein S2 (S) gene, complete cds	2011	2011-07-01	year
JQ638922.1	JQ638922.1	G2a	Porcine epidemic diarrhea virus strain CH/HBQHD/2011 spike glycoprotein S2 (S) gene, complete cds	2011	2011-07-01	year
JQ979289.1	JQ979289.1	G2a	Porcine epidemic diarrhea virus strain CH17-GZ spike protein (S) gene, complete cds	Jun-2011	2011-06-15	month
JQ979291.1	JQ979291.1	G2a	Porcine epidemic diarrhea virus strain CH18-Hainan spike protein (S) gene, complete cds	May-2011	2011-05-15	month
JX018182.1	JX018182.1	G2a	Porcine epidemic diarrhea virus isolate CH/AHHF-2/2012 spike protein gene, complete cds	2012	2012-07-01	year
JX018183.1	JX018183.1	G2a	Porcine epidemic diarrhea virus isolate CH/HBSN/2012 spike protein gene, complete cds	2012	2012-07-01	year
JX070671.1	JX070671.1	G2a	Porcine epidemic diarrhea virus isolate CH/FJXM-1/2012 spike protein gene, complete cds	2012	2012-07-01	year
JX088695.1	JX088695.1	G2a	Porcine epidemic diarrhea virus strain GD-B, complete genome	2012	2012-07-01	year
JX258672.1	JX258672.1	G2a	Porcine epidemic diarrhea virus strain FQ/FJ/2012 spike protein gene, complete cds	2012	2012-07-01	year
JX435298.1	JX435298.1	G2a	Porcine epidemic diarrhea virus isolate BJ-2011-3 spike protein (S) mRNA, complete cds	2011	2011-07-01	year
JX435299.1	JX435299.1	G2a	Porcine epidemic diarrhea virus isolate BJ-2012-1 spike protein (S) mRNA, complete cds	2012	2012-07-01	year
JX435300.1	JX435300.1	G2a	Porcine epidemic diarrhea virus isolate BJ-2012-2 spike protein (S) mRNA, complete cds	2012	2012-07-01	year
JX435301.1	JX435301.1	G2a	Porcine epidemic diarrhea virus isolate HB-2011-4 spike protein (S) mRNA, complete cds	2011	2011-07-01	year
JX435302.1	JX435302.1	G2a	Porcine epidemic diarrhea virus isolate HB-2012-1 spike protein (S) mRNA, complete cds	2012	2012-07-01	year
JX435303.1	JX435303.1	G2a	Porcine epidemic diarrhea virus isolate HB-2012-2 spike protein (S) mRNA, complete cds	2012	2012-07-01	year
JX435304.1	JX435304.1	G2a	Porcine epidemic diarrhea virus isolate HB-2012-3 spike protein (S) mRNA, complete cds	2012	2012-07-01	year
JX435305.1	JX435305.1	G2a	Porcine epidemic diarrhea virus isolate HB-2012-4 spike protein (S) mRNA, complete cds	2012	2012-07-01	year
JX501317.1	JX501317.1	G2a	Porcine epidemic diarrhea virus isolate CH/CY/12 spike glycoprotein gene, complete cds	2012	2012-07-01	year
JX501319.1	JX501319.1	G2a	Porcine epidemic diarrhea virus isolate CH/HBXX2/11 spike glycoprotein gene, complete cds	2011	2011-07-01	year
JX501320.1	JX501320.1	G2a	Porcine epidemic diarrhea virus isolate CH/HBXX3/11 spike glycoprotein gene, complete cds	2011	2011-07-01	year
JX501321.1	JX501321.1	G2a	Porcine epidemic diarrhea virus isolate CH/TY/12 spike glycoprotein gene, complete cds	2012	2012-07-01	year
JX501322.1	JX501322.1	G2a	Porcine epidemic diarrhea virus isolate CH/XC/12 spike glycoprotein gene, complete cds	2012	2012-07-01	year
JX501323.1	JX501323.1	G2a	Porcine epidemic diarrhea virus isolate CH/XCYL/11 spike glycoprotein gene, complete cds	2011	2011-07-01	year
JX512907.1	JX512907.1	G2a	Porcine epidemic diarrhea virus strain HLJ-2012 spike protein gene, complete cds	2012	2012-07-01	year
KC196276.1	KC196276.1	G2a	Porcine epidemic diarrhea virus strain CH/ZMDZY/11, complete genome	May-2011	2011-05-15	month
KC210147.1	KC210147.1	G2a	Porcine epidemic diarrhea virus strain JS-HZ2012, complete genome	2012	2012-07-01	year
KC242897.1	KC242897.1	G2a	Porcine epidemic diarrhea virus isolate FJZZ1-2011 spike protein gene, complete cds	2011	2011-07-01	year
KC242898.1	KC242898.1	G2a	Porcine epidemic diarrhea virus isolate HeN12-20122 spike protein gene, complete cds	Feb-2012	2012-02-15	month
KC242899.1	KC242899.1	G2a	Porcine epidemic diarrhea virus isolate HB1-20122 spike protein gene, complete cds	Feb-2012	2012-02-15	month
KC242900.1	KC242900.1	G2a	Porcine epidemic diarrhea virus isolate HB2-20122 spike protein gene, complete cds	Feb-2012	2012-02-15	month
KC242901.1	KC242901.1	G2a	Porcine epidemic diarrhea virus isolate AH2-20123 spike protein gene, complete cds	Mar-2012	2012-03-15	month
KC242902.1	KC242902.1	G2a	Porcine epidemic diarrhea virus isolate HB3-20123 spike protein gene, complete cds	Mar-2012	2012-03-15	month
KC242903.1	KC242903.1	G2a	Porcine epidemic diarrhea virus isolate ZJ17-20125 spike protein gene, complete cds	May-2012	2012-05-15	month
KC242904.1	KC242904.1	G2a	Porcine epidemic diarrhea virus isolate YN2-20127 spike protein gene, complete cds	Jul-2012	2012-07-15	month
KC242905.1	KC242905.1	G2a	Porcine epidemic diarrhea virus isolate FJ5-20128 spike protein gene, complete cds	Aug-2012	2012-08-15	month
KC242906.1	KC242906.1	G2a	Porcine epidemic diarrhea virus isolate FJZZ9-20128 spike protein gene, complete cds	Aug-2012	2012-08-15	month
KC242907.1	KC242907.1	G2a	Porcine epidemic diarrhea virus isolate JX4-20129 spike protein gene, complete cds	Sep-2012	2012-09-15	month
KC242908.1	KC242908.1	G2a	Porcine epidemic diarrhea virus isolate HN4-20129 spike protein gene, complete cds	Sep-2012	2012-09-15	month
KC242909.1	KC242909.1	G2a	Porcine epidemic diarrhea virus isolate GD5-20129 spike protein gene, complete cds	Sep-2012	2012-09-15	month
KC242910.1	KC242910.1	G2a	Porcine epidemic diarrhea virus isolate GD8-20129 spike protein gene, complete cds	Sep-2012	2012-09-15	month
KC242911.1	KC242911.1	G2a	Porcine epidemic diarrhea virus isolate HN6-201211 spike protein gene, complete cds	Nov-2012	2012-11-15	month
KC242912.1	KC242912.1	G2a	Porcine epidemic diarrhea virus isolate HN8-201211 spike protein gene, complete cds	Nov-2012	2012-11-15	month
KC787537.1	KC787537.1	G2a	Porcine epidemic diarrhea virus isolate CH-DLC-01-2013 spike protein gene, complete cds	2013	2013-07-01	year
KC787538.1	KC787538.1	G2a	Porcine epidemic diarrhea virus isolate CH-GGC-11-2012 spike protein gene, complete cds	2012	2012-07-01	year
KC787540.1	KC787540.1	G2a	Porcine epidemic diarrhea virus isolate CH-HGC-01-2013 spike protein gene, complete cds	2013	2013-07-01	year
KC787541.1	KC787541.1	G2a	Porcine epidemic diarrhea virus isolate CH-LNC-01-2012 spike protein gene, partial cds	2012	2012-07-01	year
KC787542.1	KC787542.1	G2a	Porcine epidemic diarrhea virus isolate CH-SBC-03-2013 spike protein gene, complete cds	2013	2013-07-01	year
KC787544.1	KC787544.1	G2a	Porcine epidemic diarrhea virus isolate CH-YGC-12-2012 spike protein gene, partial cds	2012	2012-07-01	year
KC787545.1	KC787545.1	G2a	Porcine epidemic diarrhea virus isolate CH-YXC-01-2013 spike protein gene, partial cds	2013	2013-07-01	year
KF294254.1	KF294254.1	G2a	Porcine epidemic diarrhea virus isolate HZXS-1 spike protein (S) gene, complete cds	2013	2013-07-01	year
KF294255.1	KF294255.1	G2a	Porcine epidemic diarrhea virus isolate HZXS-2 spike protein (S) gene, complete cds	2013	2013-07-01	year
KF468755.1	KF468755.1	G2a	Porcine epidemic diarrhea virus isolate XS2013 spike protein (S) gene, complete cds	2013	2013-07-01	year
KF760557.2	KF760557.2	G2a	Porcine epidemic diarrhea virus strain CH/JX-1/2013, complete genome	Mar-2013	2013-03-15	month
KJ020932.1	KJ020932.1	G2a	Porcine epidemic diarrhea virus isolate CHYJ130330, complete genome	Mar-2013	2013-03-15	month
KJ526096.1	KJ526096.1	G2a	Porcine epidemic diarrhea virus isolate CH/JX-2/2013, complete genome	Apr-2013	2013-04-15	month
KJ646578.1	KJ646578.1	G2a	Porcine epidemic diarrhea virus strain FJ-ZP 2013 spike protein (S) gene, complete cds	2013	2013-07-01	year
KJ646579.1	KJ646579.1	G2a	Porcine epidemic diarrhea virus strain FJ-CL 2013 spike protein (S) gene, complete cds	2013	2013-07-01	year
KJ646580.1	KJ646580.1	G2a	Porcine epidemic diarrhea virus strain FJ-FQ 2014 spike protein (S) gene, complete cds	2014	2014-07-01	year
KJ646581.1	KJ646581.1	G2a	Porcine epidemic diarrhea virus strain FJ-FQ1 2012 spike protein (S) gene, complete cds	2012	2012-07-01	year
KJ646582.1	KJ646582.1	G2a	Porcine epidemic diarrhea virus strain FJ-FQ2 2012 spike protein (S) gene, complete cds	2012	2012-07-01	year
KJ646583.1	KJ646583.1	G2a	Porcine epidemic diarrhea virus strain FJ-LY 2012 spike protein (S) gene, complete cds	2012	2012-07-01	year
KJ646584.1	KJ646584.1	G2a	Porcine epidemic diarrhea virus strain FJ-LY 2013 spike protein (S) gene, complete cds	2013	2013-07-01	year
KJ646585.1	KJ646585.1	G2a	Porcine epidemic diarrhea virus strain FJ-ND 2012 spike protein (S) gene, complete cds	2012	2012-07-01	year
KJ646586.1	KJ646586.1	G2a	Porcine epidemic diarrhea virus strain FJ-ND 2013 spike protein (S) gene, complete cds	2013	2013-07-01	year
KJ646587.1	KJ646587.1	G2a	Porcine epidemic diarrhea virus strain FJ-PT 2013 spike protein (S) gene, complete cds	2013	2013-07-01	year
KJ646588.1	KJ646588.1	G2a	Porcine epidemic diarrhea virus strain FJ-QK 2013 spike protein (S) gene, complete cds	2013	2013-07-01	year
KJ646589.1	KJ646589.1	G2a	Porcine epidemic diarrhea virus strain FJ-QZ 2013 spike protein (S) gene, complete cds	2013	2013-07-01	year
KJ646590.1	KJ646590.1	G2a	Porcine epidemic diarrhea virus strain FJ-YX 2013 spike protein (S) gene, complete cds	2013	2013-07-01	year
KJ646591.1	KJ646591.1	G2a	Porcine epidemic diarrhea virus strain FJ-ZP 2014 spike protein (S) gene, complete cds	2014	2014-07-01	year
KJ777677.1	KJ777677.1	G2a	Porcine epidemic diarrhea virus strain LZW isolate FGE_20140427, complete genome	Feb-2012	2012-02-15	month
KJ777678.1	KJ777678.1	G2a	Porcine epidemic diarrhea virus strain LZW isolate CPGEN_20140427, complete genome	Feb-2012	2012-02-15	month
KM242131.1	KM242131.1	G2a	Porcine epidemic diarrhea virus strain CH/GDZQ/2014, complete genome	Mar-2014	2014-03-15	month
KM287429.1	KM287429.1	G2a	Porcine epidemic diarrhea virus strain XJ-DB2 spike protein gene, complete cds	2013	2013-07-01	year
KM406179.1	KM406179.1	G2a	Porcine epidemic diarrhea virus strain MY1402 S protein (S) gene, complete cds	2014	2014-07-01	year
KM406180.1	KM406180.1	G2a	Porcine epidemic diarrhea virus strain DY1403 S protein (S) gene, complete cds	2014	2014-07-01	year
KM406181.1	KM406181.1	G2a	Porcine epidemic diarrhea virus strain SH1404 S protein (S) gene, complete cds	2014	2014-07-01	year
KM406182.1	KM406182.1	G2a	Porcine epidemic diarrhea virus strain MX1405 S protein (S) gene, complete cds	2014	2014-07-01	year
KM406183.1	KM406183.1	G2a	Porcine epidemic diarrhea virus strain PZ1406 S protein (S) gene, complete cds	2014	2014-07-01	year
KM406184.1	KM406184.1	G2a	Porcine epidemic diarrhea virus strain PJ1407 S protein (S) gene, complete cds	2014	2014-07-01	year
KM609203.1	KM609203.1	G2a	Porcine epidemic diarrhea virus strain PEDV-1C, complete genome	Mar-2012	2012-03-15	month
KM609207.1	KM609207.1	G2a	Porcine epidemic diarrhea virus strain PEDV-14, complete genome	Apr-2011	2011-04-15	month
KM609208.1	KM609208.1	G2a	Porcine epidemic diarrhea virus strain PEDV-15F, complete genome	Mar-2012	2012-03-15	month
KM609209.1	KM609209.1	G2a	Porcine epidemic diarrhea virus strain PEDV-CHZ, complete genome	Mar-2013	2013-03-15	month
KM609210.1	KM609210.1	G2a	Porcine epidemic diarrhea virus strain PEDV-LY, complete genome	Jan-2014	2014-01-15	month
KM609211.1	KM609211.1	G2a	Porcine epidemic diarrhea virus strain PEDV-LS, complete genome	Jan-2014	2014-01-15	month
KP399601.1	KP399601.1	G2a	Porcine epidemic diarrhea virus strain CH-ZWC-09-2014 S protein (S) gene, complete cds	Sep-2014	2014-09-15	month
KP399602.1	KP399602.1	G2a	Porcine epidemic diarrhea virus strain CH-YZC-10-2014 S protein (S) gene, complete cds	Oct-2014	2014-10-15	month
KP399603.1	KP399603.1	G2a	Porcine epidemic diarrhea virus strain CH-YZC-02-2014 S protein (S) gene, complete cds	Feb-2014	2014-02-15	month
KP399604.1	KP399604.1	G2a	Porcine epidemic diarrhea virus strain CH-XSC-04-2014 S protein (S) gene, complete cds	Apr-2014	2014-04-15	month
KP399605.1	KP399605.1	G2a	Porcine epidemic diarrhea virus strain CH-XLC-02-2014 S protein (S) gene, complete cds	Feb-2014	2014-02-15	month
KP399606.1	KP399606.1	G2a	Porcine epidemic diarrhea virus strain CH-STC-09-2014 S protein (S) gene, complete cds	Sep-2014	2014-09-15	month
KP399608.1	KP399608.1	G2a	Porcine epidemic diarrhea virus strain CH-LNC-10-2014 S protein (S) gene, complete cds	Oct-2014	2014-10-15	month
KP399609.1	KP399609.1	G2a	Porcine epidemic diarrhea virus strain CH-JKC-07-2014 S protein (S) gene, complete cds	Jul-2014	2014-07-15	month
KP399610.1	KP399610.1	G2a	Porcine epidemic diarrhea virus strain CH-ZWC-06-2013 S protein (S) gene, complete cds	Jun-2013	2013-06-15	month
KP399611.1	KP399611.1	G2a	Porcine epidemic diarrhea virus strain CH-YGC-11-2013 S protein (S) gene, complete cds	Nov-2013	2013-11-15	month
KP399612.1	KP399612.1	G2a	Porcine epidemic diarrhea virus strain CH-XSC-04-2013 S protein (S) gene, complete cds	Apr-2013	2013-04-15	month
KP399613.1	KP399613.1	G2a	Porcine epidemic diarrhea virus strain CH-XNC-04-2013 S protein (S) gene, complete cds	Apr-2013	2013-04-15	month
KP399617.1	KP399617.1	G2a	Porcine epidemic diarrhea virus strain CH-SMC-08-2013 S protein (S) gene, complete cds	Aug-2013	2013-08-15	month
KP399618.1	KP399618.1	G2a	Porcine epidemic diarrhea virus strain CH-SMC-03-2013 S protein (S) gene, complete cds	Mar-2013	2013-03-15	month
KP399620.1	KP399620.1	G2a	Porcine epidemic diarrhea virus strain CH-SBC-01-2013 S protein (S) gene, complete cds	Jan-2013	2013-01-15	month
KP399622.1	KP399622.1	G2a	Porcine epidemic diarrhea virus strain CH-LXC-02-2013 S protein (S) gene, complete cds	Feb-2013	2013-02-15	month
KP399623.1	KP399623.1	G2a	Porcine epidemic diarrhea virus strain CH-HSYEC-09-2013 S protein (S) gene, complete cds	Sep-2013	2013-09-15	month
KP399625.1	KP399625.1	G2a	Porcine epidemic diarrhea virus strain CH-HFEC-08-2013 S protein (S) gene, complete cds	Aug-2013	2013-08-15	month
KP399626.1	KP399626.1	G2a	Porcine epidemic diarrhea virus strain CH-HBC-02-2013 S protein (S) gene, complete cds	Feb-2013	2013-02-15	month
KP399627.1	KP399627.1	G2a	Porcine epidemic diarrhea virus strain CH-CWC-10-2013 S protein (S) gene, complete cds	Oct-2013	2013-10-15	month
KP399629.1	KP399629.1	G2a	Porcine epidemic diarrhea virus strain CH-BPKFC-07-2013 S protein (S) gene, complete cds	Jul-2013	2013-07-15	month
KP399630.1	KP399630.1	G2a	Porcine epidemic diarrhea virus strain CH-LNC-12-2012 S protein (S) gene, complete cds	Dec-2012	2012-12-15	month
KP399631.1	KP399631.1	G2a	Porcine epidemic diarrhea virus strain CH-ZWC1-12-2011 S protein (S) gene, complete cds	Dec-2011	2011-12-15	month
KP399633.1	KP399633.1	G2a	Porcine epidemic diarrhea virus strain CH-SBC-12-2011 S protein (S) gene, complete cds	Dec-2011	2011-12-15	month
KP399634.1	KP399634.1	G2a	Porcine epidemic diarrhea virus strain CH-LCC-02-2011 S protein (S) gene, complete cds	Feb-2011	2011-02-15	month
KP698751.1	KP698751.1	G2a	Porcine epidemic diarrhea virus isolate GD1 spike gene, complete cds	2012	2012-07-01	year
KP698752.2	KP698752.2	G2a	Porcine epidemic diarrhea virus isolate GD2 spike gene, complete cds	2012	2012-07-01	year
KP698753.1	KP698753.1	G2a	Porcine epidemic diarrhea virus isolate GD3 spike gene, complete cds	2012	2012-07-01	year
KP698754.2	KP698754.2	G2a	Porcine epidemic diarrhea virus isolate GD4 spike gene, complete cds	2012	2012-07-01	year
KP698755.2	KP698755.2	G2a	Porcine epidemic diarrhea virus isolate GD5 spike gene, complete cds	2012	2012-07-01	year
KP698756.2	KP698756.2	G2a	Porcine epidemic diarrhea virus isolate GD6 spike gene, complete cds	2012	2012-07-01	year
KP698757.1	KP698757.1	G2a	Porcine epidemic diarrhea virus isolate GD7 spike gene, complete cds	2012	2012-07-01	year
KP698758.1	KP698758.1	G2a	Porcine epidemic diarrhea virus isolate GD8 spike gene, complete cds	2013	2013-07-01	year
KP698762.2	KP698762.2	G2a	Porcine epidemic diarrhea virus isolate GD12 spike gene, complete cds	2013	2013-07-01	year
KP698764.2	KP698764.2	G2a	Porcine epidemic diarrhea virus isolate GD14 spike gene, complete cds	2013	2013-07-01	year
KP698765.2	KP698765.2	G2a	Porcine epidemic diarrhea virus isolate GD15 spike gene, complete cds	2013	2013-07-01	year
KP698766.2	KP698766.2	G2a	Porcine epidemic diarrhea virus isolate GD16 spike gene, complete cds	2014	2014-07-01	year
KP698768.2	KP698768.2	G2a	Porcine epidemic diarrhea virus isolate GD18 spike gene, complete cds	2014	2014-07-01	year
KP698770.1	KP698770.1	G2a	Porcine epidemic diarrhea virus isolate GD20 spike gene, complete cds	2014	2014-07-01	year
KP870114.1	KP870114.1	G2a	Porcine epidemic diarrhea virus isolate CH/GD-02/2012 spike protein (S) gene, complete cds	Jul-2012	2012-07-15	month
KP870116.1	KP870116.1	G2a	Porcine epidemic diarrhea virus isolate CH/GD-04/2012 spike protein (S) gene, complete cds	Oct-2012	2012-10-15	month
KP870124.1	KP870124.1	G2a	Porcine epidemic diarrhea virus isolate CH/GD-14/2013 spike protein (S) gene, complete cds	Apr-2013	2013-04-15	month
KP870126.1	KP870126.1	G2a	Porcine epidemic diarrhea virus isolate CH/GD-16/2013 spike protein (S) gene, complete cds	Jul-2013	2013-07-15	month
KP870133.1	KP870133.1	G2a	Porcine epidemic diarrhea virus isolate CH/GD-23/2014 spike protein (S) gene, complete cds	Jun-2014	2014-06-15	month
KP870134.1	KP870134.1	G2a	Porcine epidemic diarrhea virus isolate CH/GD-24/2014 spike protein (S) gene, complete cds	Jun-2014	2014-06-15	month
KP870135.1	KP870135.1	G2a	Porcine epidemic diarrhea virus isolate CH/GD-25/2014 spike protein (S) gene, complete cds	Jul-2014	2014-07-15	month
KP870137.1	KP870137.1	G2a	Porcine epidemic diarrhea virus isolate CH/GD-27/2014 spike protein (S) gene, complete cds	Dec-2014	2014-12-15	month
KP870141.1	KP870141.1	G2a	Porcine epidemic diarrhea virus isolate CH/GD-09/2013 spike protein (S) gene, partial cds	Jan-2013	2013-01-15	month
KP890336.1	KP890336.1	G2a	Porcine epidemic diarrhea virus strain CH/HNYF/14, complete genome	Dec-2014	2014-12-15	month
KR080551.1	KR080551.1	G2a	Porcine epidemic diarrhea virus isolate HN1303 spike protein (S) gene, complete cds	2013	2013-07-01	year
KR233256.1	KR233256.1	G2a	Porcine epidemic diarrhea virus strain CH/NMG/BT S protein gene, complete cds	2014	2014-07-01	year
KR233257.1	KR233257.1	G2a	Porcine epidemic diarrhea virus strain CH/NMG/BYNE S protein gene, complete cds	2014	2014-07-01	year
KR296663.1	KR296663.1	G2a	Porcine epidemic diarrhea virus strain CH-GGC-01-2015 S protein (S) gene, complete cds	Jan-2015	2015-01-15	month
KR296664.1	KR296664.1	G2a	Porcine epidemic diarrhea virus strain CH-GLC-02-2015 S protein (S) gene, complete cds	Feb-2015	2015-02-15	month
KR296665.1	KR296665.1	G2a	Porcine epidemic diarrhea virus strain CH-GLC-12-2014 S protein (S) gene, complete cds	Dec-2014	2014-12-15	month
KR296668.1	KR296668.1	G2a	Porcine epidemic diarrhea virus strain CH-HSYKFC-01-2015 S protein (S) gene, complete cds	Jan-2015	2015-01-15	month
KR296671.1	KR296671.1	G2a	Porcine epidemic diarrhea virus strain CH-SBC-03-2015 S protein (S) gene, complete cds	Mar-2015	2015-03-15	month
KR296672.1	KR296672.1	G2a	Porcine epidemic diarrhea virus strain CH-SFC-12-2014 S protein (S) gene, complete cds	Dec-2014	2014-12-15	month
KR296674.1	KR296674.1	G2a	Porcine epidemic diarrhea virus strain CH-STC-12-2014 S protein (S) gene, complete cds	Dec-2014	2014-12-15	month
KR296675.1	KR296675.1	G2a	Porcine epidemic diarrhea virus strain CH-TPC-12-2014 S protein (S) gene, complete cds	Dec-2014	2014-12-15	month
KR296676.1	KR296676.1	G2a	Porcine epidemic diarrhea virus strain CH-WTC-02-2015 S protein (S) gene, complete cds	Feb-2015	2015-02-15	month
KR296679.1	KR296679.1	G2a	Porcine epidemic diarrhea virus strain CH-ZSC-01-2015 S protein (S) gene, complete cds	Jan-2015	2015-01-15	month
KR296681.1	KR296681.1	G2a	Porcine epidemic diarrhea virus strain CH-ZWBZb-01-2015 S protein (S) gene, complete cds	Jan-2015	2015-01-15	month
KR732651.1	KR732651.1	G2a	Porcine epidemic diarrhea virus isolate SC-ZY-1 S protein gene, complete cds	2014	2014-07-01	year
KR732652.1	KR732652.1	G2a	Porcine epidemic diarrhea virus isolate SC-ZY-2 S protein gene, complete cds	2014	2014-07-01	year
KR818832.1	KR818832.1	G2a	Porcine epidemic diarrhea virus strain XY2013, complete genome	Feb-2013	2013-02-15	month
KR818833.1	KR818833.1	G2a	Porcine epidemic diarrhea virus strain JSHA2013, complete genome	2013	2013-07-01	year
KT266578.1	KT266578.1	G2a	Porcine epidemic diarrhea virus isolate HB-HA2015 spike glycoprotein gene, complete cds	2015	2015-07-01	year
KT989352.1	KT989352.1	G2a	Porcine epidemic diarrhea virus isolate CH-HNZK-14.12 spike protein gene, complete cds	2015	2015-07-01	year
KT989353.1	KT989353.1	G2a	Porcine epidemic diarrhea virus isolate CH-HNJZ-15.4 spike protein gene, complete cds	2015	2015-07-01	year
KT989355.1	KT989355.1	G2a	Porcine epidemic diarrhea virus isolate CH-HNKF-14.8 spike protein gene, complete cds	2015	2015-07-01	year
KT989358.1	KT989358.1	G2a	Porcine epidemic diarrhea virus isolate CH-HNXC-14.11 spike protein gene, complete cds	2015	2015-07-01	year
KT989359.1	KT989359.1	G2a	Porcine epidemic diarrhea virus isolate CH-HNXC-14.9 spike protein gene, complete cds	2015	2015-07-01	year
KT989360.1	KT989360.1	G2a	Porcine epidemic diarrhea virus isolate CH-HNJZ-14.8 spike protein gene, complete cds	2015	2015-07-01	year
KT989361.1	KT989361.1	G2a	Porcine epidemic diarrhea virus isolate CH-HNJZ-14.11 spike protein gene, complete cds	2015	2015-07-01	year
KT989364.1	KT989364.1	G2a	Porcine epidemic diarrhea virus isolate CH-HNHB-14.10 spike protein gene, complete cds	2015	2015-07-01	year
KT989365.1	KT989365.1	G2a	Porcine epidemic diarrhea virus isolate CH-HNAY-15.4 spike protein gene, complete cds	2015	2015-07-01	year
KT989366.1	KT989366.1	G2a	Porcine epidemic diarrhea virus isolate CH-HNAY-14.7 spike protein gene, complete cds	2015	2015-07-01	year
KU237213.1	KU237213.1	G2a	UNVERIFIED: Porcine epidemic diarrhea virus strain CG S protein (S) gene, complete cds	2014	2014-07-01	year
KU556282.1	KU556282.1	G2a	UNVERIFIED: Porcine epidemic diarrhea virus isolate LY5-101 S protein-like gene, complete sequence	2015	2015-07-01	year
KU556283.1	KU556283.1	G2a	UNVERIFIED: Porcine epidemic diarrhea virus isolate LY5-107 S protein-like gene, complete sequence	2015	2015-07-01	year
KU556284.1	KU556284.1	G2a	UNVERIFIED: Porcine epidemic diarrhea virus isolate LY5-109 S protein-like gene, complete sequence	2015	2015-07-01	year
KU556285.1	KU556285.1	G2a	UNVERIFIED: Porcine epidemic diarrhea virus isolate LY5-113 S protein-like gene, partial sequence	2015	2015-07-01	year
KU975389.1	KU975389.1	G2a	Porcine epidemic diarrhea virus strain CH/SCCD/2014, complete genome	Nov-2014	2014-11-15	month
KU975420.1	KU975420.1	G2a	Porcine epidemic diarrhea virus isolate CH-SCYA-1-2014 spike protein (S) gene, complete cds	2014	2014-07-01	year
KX066126.1	KX066126.1	G2a	Porcine epidemic diarrhea virus strain BJ-2011-C, complete genome	Nov-2011	2011-11-15	month
KX073607.1	KX073607.1	G2a	Porcine epidemic diarrhea virus isolate GZGL S protein (S) gene, complete cds	Dec-2013	2013-12-15	month
KX073608.1	KX073608.1	G2a	Porcine epidemic diarrhea virus isolate GZZY S protein (S) gene, complete cds	Dec-2013	2013-12-15	month
KX073610.1	KX073610.1	G2a	Porcine epidemic diarrhea virus isolate GZMR S protein (S) gene, complete cds	Dec-2013	2013-12-15	month
KX532180.1	KX532180.1	G2a	Porcine epidemic diarrhea virus strain CH_SXCH11_2015 spike protein (S), ORF3 protein (ORF3), envelope protein (E), membrane protein (M), and nucleocapsid protein (N) genes, complete cds	2015	2015-07-01	year
KX532181.1	KX532181.1	G2a	Porcine epidemic diarrhea virus strain CH_SXHF18_2015 spike protein (S), ORF3 protein (ORF3), envelope protein (E), membrane protein (M), and nucleocapsid protein (N) genes, complete cds	2015	2015-07-01	year
KX532182.1	KX532182.1	G2a	Porcine epidemic diarrhea virus strain CH_SXJZY15_2015 spike protein (S), ORF3 protein (ORF3), envelope protein (E), membrane protein (M), and nucleocapsid protein (N) genes, complete cds	2015	2015-07-01	year
KX532183.1	KX532183.1	G2a	Porcine epidemic diarrhea virus strain CH_SXTLF10_2015 spike protein (S), ORF3 protein (ORF3), envelope protein (E), membrane protein (M), and nucleocapsid protein (N) genes, complete cds	2015	2015-07-01	year
KX580953.1	KX580953.1	G2a	Porcine epidemic diarrhea virus strain KB2013-4, complete genome	2013	2013-07-01	year
KX981440.1	KX981440.1	G2a	Porcine epidemic diarrhea virus isolate CH/HNZZ47/2016, complete genome	May-2016	2016-05-15	month
KY070587.1	KY070587.1	G2a	Porcine epidemic diarrhea virus isolate JSCZ1601, complete genome	2016	2016-07-01	year
KY075782.1	KY075782.1	G2a	Porcine epidemic diarrhea virus strain LNfx1/2014 S protein (S) gene, complete cds	Nov-2014	2014-11-15	month
KY075783.1	KY075783.1	G2a	Porcine epidemic diarrhea virus strain LNsy1/2014 S protein (S) gene, complete cds	Nov-2014	2014-11-15	month
KY075784.1	KY075784.1	G2a	Porcine epidemic diarrhea virus strain LNsy1/2015 S protein (S) gene, complete cds	Jan-2015	2015-01-15	month
KY075786.1	KY075786.1	G2a	Porcine epidemic diarrhea virus strain LNfx1/2015 S protein (S) gene, complete cds	Apr-2015	2015-04-15	month
KY075787.1	KY075787.1	G2a	Porcine epidemic diarrhea virus strain LNtL1/2015 S protein (S) gene, complete cds	Jul-2015	2015-07-15	month
KY075788.1	KY075788.1	G2a	Porcine epidemic diarrhea virus strain LNyk1/2015 S protein (S) gene, complete cds	Aug-2015	2015-08-15	month
KY075789.1	KY075789.1	G2a	Porcine epidemic diarrhea virus strain LNdL1/2015 S protein (S) gene, complete cds	Nov-2015	2015-11-15	month
KY075790.1	KY075790.1	G2a	Porcine epidemic diarrhea virus strain LNdd1/2015 S protein (S) gene, complete cds	Nov-2015	2015-11-15	month
KY607767.1	KY607767.1	G2a	Porcine epidemic diarrhea virus isolate JS201603 spike protein gene, complete cds	Mar-2016	2016-03-15	month
KY775037.1	KY775037.1	G2a	Porcine epidemic diarrhea virus isolate HBJM3 spike protein (S) gene, complete cds	Oct-2016	2016-10-15	month
KY775039.1	KY775039.1	G2a	Porcine epidemic diarrhea virus isolate HBJZ2 spike protein (S) gene, complete cds	Mar-2016	2016-03-15	month
KY775043.1	KY775043.1	G2a	Porcine epidemic diarrhea virus isolate HBXY4 spike protein (S) gene, complete cds	Mar-2016	2016-03-15	month
KY775044.1	KY775044.1	G2a	Porcine epidemic diarrhea virus isolate HBXY5 spike protein (S) gene, complete cds	Jun-2016	2016-06-15	month
KY775049.1	KY775049.1	G2a	Porcine epidemic diarrhea virus isolate HBHG6 spike protein (S) gene, complete cds	Aug-2016	2016-08-15	month
KY775051.1	KY775051.1	G2a	Porcine epidemic diarrhea virus isolate HBEZ1 spike protein (S) gene, complete cds	Jan-2016	2016-01-15	month
MF038015.1	MF038015.1	G2a	Porcine epidemic diarrhea virus isolate PED-JS-2016-01 spike glycoprotein (S) gene, complete cds	Jan-2016	2016-01-15	month
MF038016.1	MF038016.1	G2a	Porcine epidemic diarrhea virus isolate PED-JS-2015-12-1 spike glycoprotein (S) gene, complete cds	Dec-2015	2015-12-15	month
MF152598.1	MF152598.1	G2a	Porcine epidemic diarrhea virus strain CH/GSTS/2016 spike protein gene, complete cds	2016	2016-07-01	year
MF152600.1	MF152600.1	G2a	Porcine epidemic diarrhea virus strain CH/HNCD/2016 spike protein gene, complete cds	2017	2017-07-01	year
MF152601.1	MF152601.1	G2a	Porcine epidemic diarrhea virus strain CH/HNHB/2016 spike protein gene, complete cds	2017	2017-07-01	year
MF152605.1	MF152605.1	G2a	Porcine epidemic diarrhea virus strain CH/SXXY/2017 spike protein gene, complete cds	2017	2017-07-01	year
MF782686.1	MF782686.1	G2a	Porcine epidemic diarrhea virus strain NW17, complete genome	2015	2015-07-01	year
MF782687.1	MF782687.1	G2a	Porcine epidemic diarrhea virus strain NW8, complete genome	2015	2015-07-01	year
MG132631.1	MG132631.1	G2a	Porcine epidemic diarrhea virus isolate HB1601 spike protein mRNA, complete cds	May-2017	2017-05-15	month
MG132632.1	MG132632.1	G2a	Porcine epidemic diarrhea virus isolate HB1603 spike protein mRNA, complete cds	May-2017	2017-05-15	month
MG132633.1	MG132633.1	G2a	Porcine epidemic diarrhea virus isolate HB1604 spike protein mRNA, complete cds	May-2017	2017-05-15	month
MG132634.1	MG132634.1	G2a	Porcine epidemic diarrhea virus isolate HB1605 spike protein mRNA, complete cds	May-2017	2017-05-15	month
MG132635.1	MG132635.1	G2a	Porcine epidemic diarrhea virus isolate HB16019 spike protein mRNA, complete cds	May-2017	2017-05-15	month
MG132636.1	MG132636.1	G2a	Porcine epidemic diarrhea virus isolate HB16022 spike protein mRNA, complete cds	May-2017	2017-05-15	month
MG198639.1	MG198639.1	G2a	Porcine epidemic diarrhea virus isolate JSHA1601 spike protein gene, complete cds	Jan-2016	2016-01-15	month
MG198642.1	MG198642.1	G2a	Porcine epidemic diarrhea virus isolate JSCZ1601 spike protein gene, complete cds	Jan-2016	2016-01-15	month
MG198643.1	MG198643.1	G2a	Porcine epidemic diarrhea virus isolate JS-D-1503 spike protein gene, complete cds	Mar-2015	2015-03-15	month
MG198647.1	MG198647.1	G2a	Porcine epidemic diarrhea virus isolate JSJR1512 spike protein gene, complete cds	Dec-2015	2015-12-15	month
MG198648.1	MG198648.1	G2a	Porcine epidemic diarrhea virus isolate JSLYG1603 spike protein gene, complete cds	Mar-2016	2016-03-15	month
MG198649.1	MG198649.1	G2a	Porcine epidemic diarrhea virus isolate JSLYG1603-2 spike protein gene, complete cds	Mar-2016	2016-03-15	month
MG198660.1	MG198660.1	G2a	Porcine epidemic diarrhea virus isolate JSSQ1602 spike protein gene, complete cds	Feb-2016	2016-02-15	month
MG198668.1	MG198668.1	G2a	Porcine epidemic diarrhea virus isolate SCHC1508 spike protein gene, complete cds	Aug-2015	2015-08-15	month
MG198669.1	MG198669.1	G2a	Porcine epidemic diarrhea virus isolate SCLC1405 spike protein gene, complete cds	May-2014	2014-05-15	month
MG198671.1	MG198671.1	G2a	Porcine epidemic diarrhea virus isolate ZJWL1603 spike protein gene, complete cds	Mar-2016	2016-03-15	month
MG546687.1	MG546687.1	G2a	Porcine epidemic diarrhea virus strain CH/BJ9/2015, complete genome	Sep-2015	2015-09-15	month
MG546689.1	MG546689.1	G2a	UNVERIFIED: Porcine epidemic diarrhea virus strain CH/HB9/2016 genomic sequence	Sep-2016	2016-09-15	month
MH056658.1	MH056658.1	G2a	Porcine epidemic diarrhea virus strain JSX2014, complete genome	2014	2014-07-01	year
MH117940.1	MH117940.1	G2a	Porcine epidemic diarrhea virus isolate SDSX16, complete genome	Mar-2016	2016-03-15	month
MK093253.1	MK093253.1	G2a	Porcine epidemic diarrhea virus isolate CH/HNXC spike protein gene, complete cds	May-2015	2015-05-15	month
MK111632.1	MK111632.1	G2a	Porcine epidemic diarrhea virus isolate CH/HNHB/2016 spike protein mRNA, complete cds	May-2016	2016-05-15	month
MK124712.1	MK124712.1	G2a	Porcine epidemic diarrhea virus strain CH/HNXX/2016 spike protein gene, complete cds	May-2016	2016-05-15	month
MK539948.2	MK539948.2	G2a	Porcine epidemic diarrhea virus isolate CT spike glycoprotein (S) gene, complete cds	2016	2016-07-01	year
MK796238.1	MK796238.1	G2a	Porcine epidemic diarrhea virus strain CN/Liaoning25/2018, complete genome	Mar-2018	2018-03-15	month
MK841494.1	MK841494.1	G2a	Porcine epidemic diarrhea virus isolate PEDV SH, complete genome	Oct-2016	2016-10-15	month
MK841495.1	MK841495.1	G2a	Porcine epidemic diarrhea virus isolate PEDV YZ, complete genome	Sep-2016	2016-09-15	month
MN037494.1	MN037494.1	G2a	Porcine epidemic diarrhea virus strain WHLL, complete genome	2017-04-18	2017-04-18	day
MN114121.1	MN114121.1	G2a	Porcine epidemic diarrhea virus isolate CT P10, complete genome	Mar-2018	2018-03-15	month
MN412558.1	MN412558.1	G2a	Porcine epidemic diarrhea virus strain HN-HB1/2018 S protein (S) gene, complete cds	2018	2018-07-01	year
MN412559.1	MN412559.1	G2a	Porcine epidemic diarrhea virus strain HN-HB2/2018 S protein (S) gene, complete cds	2018	2018-07-01	year
MN412560.1	MN412560.1	G2a	Porcine epidemic diarrhea virus strain HN-XC1/2018 S protein (S) gene, complete cds	2018	2018-07-01	year
MN412561.1	MN412561.1	G2a	Porcine epidemic diarrhea virus strain HN-XC2/2018 S protein (S) gene, complete cds	2018	2018-07-01	year
MN412562.1	MN412562.1	G2a	Porcine epidemic diarrhea virus strain HN-XX1/2016 S protein (S) gene, complete cds	2016	2016-07-01	year
MN412563.1	MN412563.1	G2a	Porcine epidemic diarrhea virus strain HN-XX2/2016 S protein (S) gene, complete cds	2016	2016-07-01	year
MN412564.1	MN412564.1	G2a	Porcine epidemic diarrhea virus strain HN-XX3/2016 S protein (S) gene, complete cds	2016	2016-07-01	year
MN412565.1	MN412565.1	G2a	Porcine epidemic diarrhea virus strain HN-YY1/2018 S protein (S) gene, complete cds	2018	2018-07-01	year
MN412566.1	MN412566.1	G2a	Porcine epidemic diarrhea virus strain HN-YY2/2018 S protein (S) gene, complete cds	2018	2018-07-01	year
MN412568.1	MN412568.1	G2a	Porcine epidemic diarrhea virus strain HN-PY/2016 S protein (S) gene, complete cds	2016	2016-07-01	year
MN412569.1	MN412569.1	G2a	Porcine epidemic diarrhea virus strain HN-XX/2016 S protein (S) gene, complete cds	2016	2016-07-01	year
MN412573.1	MN412573.1	G2a	Porcine epidemic diarrhea virus strain SX-WS1/2018 S protein (S) gene, complete cds	2018	2018-07-01	year
MT090138.1	MT090138.1	G2a	Porcine epidemic diarrhea virus strain HN/KF/2019 spike protein (S) gene, complete cds	2019	2019-07-01	year
MT090139.1	MT090139.1	G2a	Porcine epidemic diarrhea virus strain HN/XC/2019 spike protein (S) gene, complete cds	2019	2019-07-01	year
MT090145.1	MT090145.1	G2a	Porcine epidemic diarrhea virus strain CH/HNYY/2018, complete genome	2018	2018-07-01	year
MT294130.1	MT294130.1	G2a	Porcine epidemic diarrhea virus isolate JLSD-2018 spike glycoprotein (S) gene, complete cds	2018	2018-07-01	year
MT338517.1	MT338517.1	G2a	Porcine epidemic diarrhea virus strain CH/HNXX/2016, complete genome	2016	2016-07-01	year
MT547179.1	MT547179.1	G2a	Porcine epidemic diarrhea virus strain 17GXCZ-1ORF3d, complete genome	Jan-2017	2017-01-15	month
MT547180.1	MT547180.1	G2a	Porcine epidemic diarrhea virus strain 17GXCZ-1ORF3c, complete genome	Jan-2017	2017-01-15	month
MT646162.1	MT646162.1	G2a	Porcine epidemic diarrhea virus isolate YJH/2015, complete genome	Oct-2015	2015-10-15	month
MT659926.1	MT659926.1	G2a	Porcine epidemic diarrhea virus, complete genome	Feb-2019	2019-02-15	month
MT683617.1	MT683617.1	G2a	Porcine epidemic diarrhea virus strain MSCH, complete genome	Sep-2016	2016-09-15	month
MT843280.1	MT843280.1	G2a	Porcine epidemic diarrhea virus, complete genome	Dec-2019	2019-12-15	month
MW143081.1	MW143081.1	G2a	Porcine epidemic diarrhea virus isolate JSS02, complete genome	Aug-2016	2016-08-15	month
MW143082.1	MW143082.1	G2a	Porcine epidemic diarrhea virus isolate JSS03, complete genome	Jan-2017	2017-01-15	month
MW143086.1	MW143086.1	G2a	Porcine epidemic diarrhea virus isolate JSS07, complete genome	Mar-2017	2017-03-15	month
MW143087.1	MW143087.1	G2a	Porcine epidemic diarrhea virus isolate JSS08, complete genome	Mar-2017	2017-03-15	month
MW143088.1	MW143088.1	G2a	Porcine epidemic diarrhea virus isolate JSS09, complete genome	Jan-2018	2018-01-15	month
MW143089.1	MW143089.1	G2a	Porcine epidemic diarrhea virus isolate JSS10, complete genome	Feb-2018	2018-02-15	month
MW143090.1	MW143090.1	G2a	Porcine epidemic diarrhea virus isolate JSS11, complete genome	Apr-2018	2018-04-15	month
MW143093.1	MW143093.1	G2a	Porcine epidemic diarrhea virus isolate JSS15, complete genome	Jun-2019	2019-06-15	month
MW478768.1	MW478768.1	G2a	Porcine epidemic diarrhea virus isolate GDsg09 spike protein (S) gene, complete cds	2018	2018-07-01	year
MW478770.1	MW478770.1	G2a	Porcine epidemic diarrhea virus isolate GDsg11 spike protein (S) gene, complete cds	2018	2018-07-01	year
MW478771.1	MW478771.1	G2a	Porcine epidemic diarrhea virus isolate GDsg12 spike protein (S) gene, complete cds	2018	2018-07-01	year
MW478772.1	MW478772.1	G2a	Porcine epidemic diarrhea virus isolate GDsg13 spike protein (S) gene, complete cds	2018	2018-07-01	year
MW561264.1	MW561264.1	G2a	Porcine epidemic diarrhea virus strain CH/HLJ/18, complete genome	2018	2018-07-01	year
MW826595.1	MW826595.1	G2a	Porcine epidemic diarrhea virus isolate LP/2017 spike protein (S) gene, complete cds	2017	2017-07-01	year
MW826597.1	MW826597.1	G2a	Porcine epidemic diarrhea virus isolate WF/2017 spike protein (S) gene, complete cds	2017	2017-07-01	year
MZ161047.1	MZ161047.1	G2a	Porcine epidemic diarrhea virus strain CH/HNZZ/06/2020 spike protein (S) gene, complete cds	Jun-2020	2020-06-15	month
MZ161060.1	MZ161060.1	G2a	Porcine epidemic diarrhea virus strain CH/GXLP/07/2020 spike protein (S) gene, complete cds	Jul-2020	2020-07-15	month
MZ380292.1	MZ380292.1	G2a	Porcine epidemic diarrhea virus isolate CHHN2016, complete genome	Jul-2016	2016-07-15	month
MZ712170.1	MZ712170.1	G2a	Porcine epidemic diarrhea virus strain PEDV-KB2013-130, complete genome	2013	2013-07-01	year
OL907256.1	OL907256.1	G2a	Porcine epidemic diarrhea virus strain CH/SXJC-2019 spike protein (S) gene, complete cds	2020	2020-07-01	year
OL907259.1	OL907259.1	G2a	Porcine epidemic diarrhea virus strain CH-GSWW-2019 spike protein (S) gene, complete cds	2020	2020-07-01	year
OM776958.1	OM776958.1	G2a	Porcine epidemic diarrhea virus isolate CH/HLJ-6/2021, complete genome	Oct-2019	2019-10-15	month
OM948910.1	OM948910.1	G2a	Porcine epidemic diarrhea virus isolate CH_SCDZ02_2020 spike protein (S), ORF3 (ORF3), envelope protein (E), membrane protein (M), and nucleocapsid protein (N) genes, complete cds	Dec-2020	2020-12-15	month
OM948925.1	OM948925.1	G2a	Porcine epidemic diarrhea virus isolate CH_SCDZ01_2020 spike protein (S) gene, complete cds	Dec-2020	2020-12-15	month
ON058990.1	ON058990.1	G2a	Porcine epidemic diarrhea virus strain SCLSSWUN02 spike protein (S), complete cds	Jan-2021	2021-01-15	month
ON075821.1	ON075821.1	G2a	UNVERIFIED: Porcine epidemic diarrhea virus isolate SXYC, complete genome	2017	2017-07-01	year
ON417003.1	ON417003.1	G2a	Porcine epidemic diarrhea virus isolate JS2019-4 spike protein gene, complete cds	Jan-2019	2019-01-15	month
OP191700.1	OP191700.1	G2a	Porcine epidemic diarrhea virus strain PEDV GD/HZ/2016, complete genome	2016	2016-07-01	year
OP529824.1	OP529824.1	G2a	UNVERIFIED: Porcine epidemic diarrhea virus isolate GS2019-109, complete genome	2019	2019-07-01	year
OP727263.1	OP727263.1	G2a	UNVERIFIED_ASMBLY: Porcine epidemic diarrhea virus strain LNct2a spike protein (S) gene, complete cds	2015	2015-07-01	year
OP784565.1	OP784565.1	G2a	Porcine epidemic diarrhea virus isolate PEDV HNCADA-2017, complete genome	2017	2017-07-01	year
OQ349201.1	OQ349201.1	G2a	Porcine epidemic diarrhea virus isolate SHdt3(2021), complete genome	2021	2021-07-01	year
OQ349204.1	OQ349204.1	G2a	Porcine epidemic diarrhea virus isolate FJ1312 spike protein (S) gene, complete cds	2020	2020-07-01	year
OQ349205.1	OQ349205.1	G2a	Porcine epidemic diarrhea virus isolate FJ1401 spike protein (S) gene, complete cds	2020	2020-07-01	year
OQ349206.1	OQ349206.1	G2a	Porcine epidemic diarrhea virus isolate FJ1402 spike protein (S) gene, complete cds	2020	2020-07-01	year
OQ349207.1	OQ349207.1	G2a	Porcine epidemic diarrhea virus isolate FJ1410 spike protein (S) gene, complete cds	2020	2020-07-01	year
OQ349208.1	OQ349208.1	G2a	Porcine epidemic diarrhea virus isolate FJ1516 spike protein (S) gene, complete cds	2020	2020-07-01	year
OQ349210.1	OQ349210.1	G2a	Porcine epidemic diarrhea virus isolate FJ1609 spike protein (S) gene, complete cds	2020	2020-07-01	year
OQ349211.1	OQ349211.1	G2a	Porcine epidemic diarrhea virus isolate FJ1617 spike protein (S) gene, complete cds	2020	2020-07-01	year
OQ349213.1	OQ349213.1	G2a	Porcine epidemic diarrhea virus isolate FJ1919 spike protein (S) gene, complete cds	2020	2020-07-01	year
OQ349215.1	OQ349215.1	G2a	Porcine epidemic diarrhea virus isolate FJ2006 spike protein (S) gene, complete cds	2020	2020-07-01	year
OQ349217.1	OQ349217.1	G2a	Porcine epidemic diarrhea virus isolate FJ170524 spike protein (S) gene, complete cds	2020	2020-07-01	year
OQ349224.1	OQ349224.1	G2a	Porcine epidemic diarrhea virus isolate SHdt3 spike protein (S) gene, complete cds	2021	2021-07-01	year
OQ858592.1	OQ858592.1	G2a	Porcine epidemic diarrhea virus strain SD-LC, complete genome	2020	2020-07-01	year
OQ979201.1	OQ979201.1	G2a	Porcine epidemic diarrhea virus strain HNZK5, complete genome	2021	2021-07-01	year
OR085244.1	OR085244.1	G2a	Porcine epidemic diarrhea virus isolate PEDV-HuN1-2023, complete genome	2023-02-20	2023-02-20	day
OR085281.1	OR085281.1	G2a	Porcine epidemic diarrhea virus isolate PEDV-AHWH8-2022, complete genome	2022-07-12	2022-07-12	day
OR085282.1	OR085282.1	G2a	Porcine epidemic diarrhea virus isolate PEDV-AHWH12-2022, complete genome	2022-07-12	2022-07-12	day
OR085283.1	OR085283.1	G2a	Porcine epidemic diarrhea virus isolate PEDV-AHWH16-2022, complete genome	2022-07-12	2022-07-12	day
OR085284.1	OR085284.1	G2a	Porcine epidemic diarrhea virus isolate PEDV-AHWH1-2022, complete genome	2022-07-12	2022-07-12	day
OR085285.1	OR085285.1	G2a	Porcine epidemic diarrhea virus isolate PEDV-SXGL2-2022, complete genome	2022-12-16	2022-12-16	day
OR090885.1	OR090885.1	G2a	Porcine epidemic diarrhea virus isolate PEDV/CH/XK/2020, complete genome	Oct-2020	2020-10-15	month
OR090886.1	OR090886.1	G2a	Porcine epidemic diarrhea virus isolate PEDV/CH/XY/2020, complete genome	Oct-2020	2020-10-15	month
OR090887.1	OR090887.1	G2a	Porcine epidemic diarrhea virus isolate PEDV/CH/XU/2020, complete genome	Dec-2020	2020-12-15	month
OR090888.1	OR090888.1	G2a	Porcine epidemic diarrhea virus isolate PEDV/CH/XA/2020, complete genome	Dec-2020	2020-12-15	month
OR195029.1	OR195029.1	G2a	Porcine epidemic diarrhea virus strain HB2022-4 spike protein (S) gene, complete cds	2022	2022-07-01	year
OR365272.1	OR365272.1	G2a	Porcine epidemic diarrhea virus strain 17GXCZ-1ORF3d-P30 S protein (S), ORF3 protein (ORF3), E protein (E), M protein (M), and N protein (N) genes, complete cds	2019	2019-07-01	year
OR365273.1	OR365273.1	G2a	Porcine epidemic diarrhea virus strain 17GXCZ-1ORF3d-P60 S protein (S), ORF3 protein (ORF3), E protein (E), M protein (M), and N protein (N) genes, complete cds	2020	2020-07-01	year
OR365274.1	OR365274.1	G2a	Porcine epidemic diarrhea virus strain 17GXCZ-1ORF3d-P90 S protein (S), ORF3 protein (ORF3), E protein (E), M protein (M), and N protein (N) genes, complete cds	2020	2020-07-01	year
OR365275.1	OR365275.1	G2a	Porcine epidemic diarrhea virus strain 17GXCZ-1ORF3d-P120 S protein (S), ORF3 protein (ORF3), E protein (E), M protein (M), and N protein (N) genes, complete cds	2020	2020-07-01	year
OR365276.1	OR365276.1	G2a	Porcine epidemic diarrhea virus strain 17GXCZ-1ORF3c-P30 S protein (S), ORF3 protein (ORF3), E protein (E), M protein (M), and N protein (N) genes, complete cds	2020	2020-07-01	year
OR365277.1	OR365277.1	G2a	Porcine epidemic diarrhea virus strain 17GXCZ-1ORF3c-P60 S protein (S), ORF3 protein (ORF3), E protein (E), M protein (M), and N protein (N) genes, complete cds	2020	2020-07-01	year
OR365278.1	OR365278.1	G2a	Porcine epidemic diarrhea virus strain 17GXCZ-1ORF3c-P90 S protein (S), ORF3 protein (ORF3), E protein (E), M protein (M), and N protein (N) genes, complete cds	2020	2020-07-01	year
OR365279.1	OR365279.1	G2a	Porcine epidemic diarrhea virus strain 17GXCZ-1ORF3c-P120 S protein (S), ORF3 protein (ORF3), E protein (E), M protein (M), and N protein (N) genes, complete cds	2020	2020-07-01	year
OR576822.1	OR576822.1	G2a	Porcine epidemic diarrhea virus isolate CH/JS321/2022 spike protein (S) gene, complete cds	Jun-2022	2022-06-15	month
OR596889.1	OR596889.1	G2a	UNVERIFIED: Porcine epidemic diarrhea virus isolate YJH141-2015 genomic sequence	2015	2015-07-01	year
OR707084.1	OR707084.1	G2a	UNVERIFIED_ASMBLY: Porcine epidemic diarrhea virus isolate HN2021, complete genome	2021	2021-07-01	year
OR722805.1	OR722805.1	G2a	Porcine epidemic diarrhea virus isolate CHN-HCHL-2021, complete genome	2021	2021-07-01	year
OR992086.1	OR992086.1	G2a	Porcine epidemic diarrhea virus isolate CH/FST-Y/2017 spike protein (S) gene, complete cds	Nov-2017	2017-11-15	month
OR992087.1	OR992087.1	G2a	Porcine epidemic diarrhea virus isolate CH/FST-S/2017 spike protein (S) gene, complete cds	Oct-2017	2017-10-15	month
PP580806.1	PP580806.1	G2a	Porcine epidemic diarrhea virus isolate SD-RZ2023 spike protein (S) gene, complete cds	2023	2023-07-01	year
PP723329.1	PP723329.1	G2a	Porcine epidemic diarrhea virus isolate CH/Shanxi-G/2022 spike protein (S) gene, complete cds	Nov-2022	2022-11-15	month
PP906229.1	PP906229.1	G2a	Porcine epidemic diarrhea virus strain HB-HG spike protein gene, complete cds	2023	2023-07-01	year
PP923928.1	PP923928.1	G2a	UNVERIFIED: Porcine epidemic diarrhea virus strain PEDV/swine/YN-KM-1404/China/2014/Yunnan spike protein-like gene, partial sequence	Apr-2014	2014-04-15	month
PP923931.1	PP923931.1	G2a	UNVERIFIED: Porcine epidemic diarrhea virus strain PEDV/swine/YN-KM-1503/China/2015/Yunnan spike protein-like gene, partial sequence	Mar-2015	2015-03-15	month
PP923932.1	PP923932.1	G2a	UNVERIFIED: Porcine epidemic diarrhea virus strain PEDV/swine/YN-QJ-1507/China/2015/Yunnan spike protein-like gene, partial sequence	Jul-2015	2015-07-15	month
PP998009.1	PP998009.1	G2a	Porcine epidemic diarrhea virus isolate GX4/2023, complete genome	Jan-2023	2023-01-15	month
PQ284568.1	PQ284568.1	G2a	Porcine epidemic diarrhea virus isolate CH-HNLY-2022 spike protein (S) gene, complete cds	2022	2022-07-01	year
PQ284569.1	PQ284569.1	G2a	Porcine epidemic diarrhea virus isolate CH-HNNY-2022 spike protein (S) gene, complete cds	2022	2022-07-01	year
PQ284570.1	PQ284570.1	G2a	Porcine epidemic diarrhea virus isolate CH-HNXC-2022 spike protein (S) gene, complete cds	2022	2022-07-01	year
PV036770.1	PV036770.1	G2a	Porcine epidemic diarrhea virus isolate HLJ1, complete genome	2023	2023-07-01	year
PV036771.1	PV036771.1	G2a	Porcine epidemic diarrhea virus isolate HLJ2, complete genome	2023	2023-07-01	year
PV449162.1	PV449162.1	G2a	Porcine epidemic diarrhea virus isolate CH/HLJ-22, complete genome	2022	2022-07-01	year
PV523943.1	PV523943.1	G2a	Porcine epidemic diarrhea virus isolate AH02-10-CN_2021 spike protein (S) gene, complete cds	Oct-2024	2024-10-15	month
PV523944.1	PV523944.1	G2a	Porcine epidemic diarrhea virus isolate AH03-05-CN_2022 spike protein (S) gene, complete cds	May-2024	2024-05-15	month
PV523945.1	PV523945.1	G2a	Porcine epidemic diarrhea virus isolate AH04-12-CN_2021 spike protein (S) gene, complete cds	Dec-2024	2024-12-15	month
PV523946.1	PV523946.1	G2a	Porcine epidemic diarrhea virus isolate GX01-02-CN_2022 spike protein (S) gene, complete cds	Feb-2024	2024-02-15	month
PV523947.1	PV523947.1	G2a	Porcine epidemic diarrhea virus isolate GX02-04-CN_2022 spike protein (S) gene, complete cds	Apr-2024	2024-04-15	month
PV523948.1	PV523948.1	G2a	Porcine epidemic diarrhea virus isolate GX05-11-CN_2022 spike protein (S) gene, complete cds	Nov-2024	2024-11-15	month
PV523949.1	PV523949.1	G2a	Porcine epidemic diarrhea virus isolate HeB01-05-CN_2022 spike protein (S) gene, complete cds	May-2024	2024-05-15	month
PV523950.1	PV523950.1	G2a	Porcine epidemic diarrhea virus isolate HLJ01-05-CN-2024 spike protein (S) gene, complete cds	May-2024	2024-05-15	month
PV523951.1	PV523951.1	G2a	Porcine epidemic diarrhea virus isolate HLJ01-12-CN_2021 spike protein (S) gene, complete cds	Dec-2024	2024-12-15	month
PV523952.1	PV523952.1	G2a	Porcine epidemic diarrhea virus isolate HuB03-07-CN_2021 spike protein (S) gene, complete cds	Jul-2024	2024-07-15	month
PV523953.1	PV523953.1	G2a	Porcine epidemic diarrhea virus isolate SD03-11-CN_2021 spike protein (S) gene, complete cds	Nov-2024	2024-11-15	month
PV523954.1	PV523954.1	G2a	Porcine epidemic diarrhea virus isolate SD04-12-CN_2021 spike protein (S) gene, complete cds	Dec-2024	2024-12-15	month
PV523955.1	PV523955.1	G2a	Porcine epidemic diarrhea virus isolate ZJ01-01-CN_2022 spike protein (S) gene, complete cds	Jan-2024	2024-01-15	month
PV523956.1	PV523956.1	G2a	Porcine epidemic diarrhea virus isolate ZJ04-03-CN_2022 spike protein (S) gene, complete cds	Mar-2024	2024-03-15	month
PV609798.1	PV609798.1	G2a	Porcine epidemic diarrhea virus isolate PEDV GY2401 spike protein (S) gene, complete cds	2024	2024-07-01	year
PV890949.1	PV890949.1	G2a	Porcine epidemic diarrhea virus isolate YN-KM 202505 spike protein gene, complete cds	2025-05	2025-05-15	month
PX475711.1	PX475711.1	G2a	Porcine epidemic diarrhea virus isolate PEDV-HeiHo-2024, complete genome	2024	2024-07-01	year
PX652412.1	PX652412.1	G2a	Porcine epidemic diarrhea virus strain WH2 spike protein (S) gene, complete cds	Dec-2024	2024-12-15	month
AB857234.1	AB857234.1	G2b	Porcine epidemic diarrhea virus S gene for spike protein, complete cds, strain: GDS02	2013	2013-07-01	year
JQ239429.1	JQ239429.1	G2b	Porcine epidemic diarrhea virus strain CH1 spike protein (S) gene, complete cds	2011	2011-07-01	year
JQ638915.1	JQ638915.1	G2b	Porcine epidemic diarrhea virus strain CH/GD/2011 spike glycoprotein S2 (S) gene, complete cds	2011	2011-07-01	year
JQ638918.1	JQ638918.1	G2b	Porcine epidemic diarrhea virus strain CH/HBBD/2011 spike glycoprotein S2 (S) gene, complete cds	2011	2011-07-01	year
JX018179.1	JX018179.1	G2b	Porcine epidemic diarrhea virus isolate CH/GXNN/2012 spike protein gene, complete cds	2012	2012-07-01	year
JX145339.1	JX145339.1	G2b	Porcine epidemic diarrhea virus strain CH-GDHY-2011 spike protein mRNA, complete cds	Feb-2011	2011-02-15	month
JX188454.1	JX188454.1	G2b	Porcine epidemic diarrhea virus strain AJ1102, complete genome	May-2011	2011-05-15	month
JX489155.1	JX489155.1	G2b	Porcine epidemic diarrhea virus strain LC, complete genome	Feb-2011	2011-02-15	month
JX647847.1	JX647847.1	G2b	Porcine epidemic diarrhea virus strain GD-1, complete genome	Dec-2011	2011-12-15	month
KC787536.1	KC787536.1	G2b	Porcine epidemic diarrhea virus isolate CH-CCC-01-2013 spike protein gene, partial cds	2013	2013-07-01	year
KF384500.1	KF384500.1	G2b	Porcine epidemic diarrhea virus strain CH/GDGZ/2012, complete genome	Mar-2012	2012-03-15	month
KM609204.1	KM609204.1	G2b	Porcine epidemic diarrhea virus strain PEDV-7C, complete genome	Jun-2011	2011-06-15	month
KP399607.1	KP399607.1	G2b	Porcine epidemic diarrhea virus strain CH-SCC-05-2014 S protein (S) gene, complete cds	May-2014	2014-05-15	month
KP399616.1	KP399616.1	G2b	Porcine epidemic diarrhea virus strain CH-TPC-03-2013 S protein (S) gene, complete cds	Mar-2013	2013-03-15	month
KP399619.1	KP399619.1	G2b	Porcine epidemic diarrhea virus strain CH-SHC-12-2013 S protein (S) gene, complete cds	Dec-2013	2013-12-15	month
KP399621.1	KP399621.1	G2b	Porcine epidemic diarrhea virus strain CH-QTC-11-2013 S protein (S) gene, complete cds	Nov-2013	2013-11-15	month
KP399624.1	KP399624.1	G2b	Porcine epidemic diarrhea virus strain CH-HGCP-12-2013 S protein (S) gene, complete cds	Dec-2013	2013-12-15	month
KP399628.1	KP399628.1	G2b	Porcine epidemic diarrhea virus strain CH-CCC-05-2013 S protein (S) gene, complete cds	May-2013	2013-05-15	month
KP698767.1	KP698767.1	G2b	Porcine epidemic diarrhea virus isolate GD17 spike gene, complete cds	2014	2014-07-01	year
KP765609.1	KP765609.1	G2b	Porcine epidemic diarrhea virus strain FL2013, complete genome	Jul-2013	2013-07-15	month
KP870115.1	KP870115.1	G2b	Porcine epidemic diarrhea virus isolate CH/GD-03/2012 spike protein (S) gene, complete cds	Oct-2012	2012-10-15	month
KP870119.1	KP870119.1	G2b	Porcine epidemic diarrhea virus isolate CH/GD-07/2012 spike protein (S) gene, complete cds	Dec-2012	2012-12-15	month
KP870129.1	KP870129.1	G2b	Porcine epidemic diarrhea virus isolate CH/GD-19/2013 spike protein (S) gene, complete cds	Dec-2013	2013-12-15	month
KP870130.1	KP870130.1	G2b	Porcine epidemic diarrhea virus isolate CH/GD-20/2013 spike protein (S) gene, complete cds	Jan-2013	2013-01-15	month
KP870139.1	KP870139.1	G2b	Porcine epidemic diarrhea virus isolate CH/GD-29/2014 spike protein (S) gene, complete cds	Dec-2014	2014-12-15	month
KT989354.1	KT989354.1	G2b	Porcine epidemic diarrhea virus isolate CH-HNKF-14.7 spike protein gene, complete cds	2015	2015-07-01	year
KT989357.1	KT989357.1	G2b	Porcine epidemic diarrhea virus isolate CH-HNLY-15.4 spike protein gene, complete cds	2015	2015-07-01	year
KU646831.1	KU646831.1	G2b	Porcine epidemic diarrhea virus isolate AH2012/12, complete genome	2012	2012-07-01	year
KY775035.1	KY775035.1	G2b	Porcine epidemic diarrhea virus isolate HBJM1 spike protein (S) gene, complete cds	Oct-2016	2016-10-15	month
KY775036.1	KY775036.1	G2b	Porcine epidemic diarrhea virus isolate HBJM2 spike protein (S) gene, complete cds	Oct-2016	2016-10-15	month
MG132637.1	MG132637.1	G2b	Porcine epidemic diarrhea virus isolate HB160123 spike protein mRNA, complete cds	May-2017	2017-05-15	month
MG132638.1	MG132638.1	G2b	Porcine epidemic diarrhea virus isolate HB160134 spike protein mRNA, complete cds	May-2017	2017-05-15	month
MG132639.1	MG132639.1	G2b	Porcine epidemic diarrhea virus isolate HB160135 spike protein mRNA, complete cds	May-2017	2017-05-15	month
MG198632.1	MG198632.1	G2b	Porcine epidemic diarrhea virus isolate JSNJ1602 spike protein gene, complete cds	Feb-2016	2016-02-15	month
MG334004.1	MG334004.1	G2b	Porcine epidemic diarrhea virus isolate YnP3 spike glycoprotein (S) gene, complete cds	Apr-2016	2016-04-15	month
MK392335.1	MK392335.1	G2b	Porcine epidemic diarrhea virus isolate LW/L, complete genome	Feb-2010	2010-02-15	month
MK584552.1	MK584552.1	G2b	Porcine epidemic diarrhea virus strain AJ1102(F12), complete genome	May-2011	2011-05-15	month
MW145530.1	MW145530.1	G2b	Porcine epidemic diarrhea virus strain CH/SCMY-2/2019 spike protein (S) gene, complete cds	2020	2020-07-01	year
MW145533.1	MW145533.1	G2b	Porcine epidemic diarrhea virus strain CH/SCZY-2/2020 spike protein (S) gene, complete cds	2020	2020-07-01	year
MW386982.1	MW386982.1	G2b	Porcine epidemic diarrhea virus isolate JX2020, complete genome	Dec-2020	2020-12-15	month
MZ161006.1	MZ161006.1	G2b	Porcine epidemic diarrhea virus strain CH/JSSZ/12/2020 spike protein (S) gene, complete cds	Dec-2020	2020-12-15	month
MZ161014.1	MZ161014.1	G2b	Porcine epidemic diarrhea virus strain CH/GDYD/12/2020 spike protein (S) gene, complete cds	Dec-2020	2020-12-15	month
MZ161018.1	MZ161018.1	G2b	Porcine epidemic diarrhea virus strain CH/HBXT/11/2020 spike protein (S) gene, complete cds	Nov-2020	2020-11-15	month
MZ161022.1	MZ161022.1	G2b	Porcine epidemic diarrhea virus strain CH/HNXX/11/2020 spike protein (S) gene, complete cds	Nov-2020	2020-11-15	month
MZ161023.1	MZ161023.1	G2b	Porcine epidemic diarrhea virus strain CH/GXDX/10/2020 spike protein (S) gene, complete cds	Oct-2020	2020-10-15	month
MZ161024.1	MZ161024.1	G2b	Porcine epidemic diarrhea virus strain CH/HBBX/10/2020 spike protein (S) gene, complete cds	Oct-2020	2020-10-15	month
MZ161025.1	MZ161025.1	G2b	Porcine epidemic diarrhea virus strain CH/HBSZ/10/2020 spike protein (S) gene, complete cds	Oct-2020	2020-10-15	month
MZ161029.1	MZ161029.1	G2b	Porcine epidemic diarrhea virus strain CH/HBHS/10/2020 spike protein (S) gene, complete cds	Oct-2020	2020-10-15	month
MZ161030.1	MZ161030.1	G2b	Porcine epidemic diarrhea virus strain CH/AHBZ/10/2020 spike protein (S) gene, complete cds	Oct-2020	2020-10-15	month
MZ161032.1	MZ161032.1	G2b	Porcine epidemic diarrhea virus strain CH/JSSQ/10/2020 spike protein (S) gene, complete cds	Oct-2020	2020-10-15	month
MZ161033.1	MZ161033.1	G2b	Porcine epidemic diarrhea virus strain CH/JSJH/10/2020 spike protein (S) gene, complete cds	Oct-2020	2020-10-15	month
MZ161034.1	MZ161034.1	G2b	Porcine epidemic diarrhea virus strain CH/SCPZ/10/2020 spike protein (S) gene, complete cds	Oct-2020	2020-10-15	month
MZ161035.1	MZ161035.1	G2b	Porcine epidemic diarrhea virus strain CH/AHLA/10/2020 spike protein (S) gene, complete cds	Oct-2020	2020-10-15	month
MZ161036.1	MZ161036.1	G2b	Porcine epidemic diarrhea virus strain CH/SCLZ/09/2020 spike protein (S) gene, complete cds	Sep-2020	2020-09-15	month
MZ161037.1	MZ161037.1	G2b	Porcine epidemic diarrhea virus strain CH/SCCN/08/2020 spike protein (S) gene, complete cds	Aug-2020	2020-08-15	month
MZ161041.1	MZ161041.1	G2b	Porcine epidemic diarrhea virus strain CH/JXPY/07/2020 spike protein (S) gene, complete cds	Jul-2020	2020-07-15	month
MZ161046.1	MZ161046.1	G2b	Porcine epidemic diarrhea virus strain CH/SCMY/06/2020 spike protein (S) gene, complete cds	Jun-2020	2020-06-15	month
MZ161059.1	MZ161059.1	G2b	Porcine epidemic diarrhea virus strain CH/HNLY/03/2020 spike protein (S) gene, complete cds	Mar-2020	2020-03-15	month
MZ161078.1	MZ161078.1	G2b	Porcine epidemic diarrhea virus strain CH/SCYT/05/2020 spike protein (S) gene, complete cds	May-2020	2020-05-15	month
MZ604716.1	MZ604716.1	G2b	Porcine epidemic diarrhea virus strain YN17, complete genome	2016-10-20	2016-10-20	day
OM201218.1	OM201218.1	G2b	Porcine epidemic diarrhea virus isolate PEDV/JL89 spike protein gene, complete cds	2018	2018-07-01	year
ON248872.1	ON248872.1	G2b	Porcine epidemic diarrhea virus strain PEDV/CN/Anhui/Sinder202109-1 spike protein gene, complete cds	Sep-2021	2021-09-15	month
ON262797.1	ON262797.1	G2b	Porcine epidemic diarrhea virus strain AH2012/12-P102, complete genome	2012	2012-07-01	year
ON571549.1	ON571549.1	G2b	Porcine epidemic diarrhea virus isolate JS2021, complete genome	Aug-2021	2021-08-15	month
OP171888.1	OP171888.1	G2b	Porcine epidemic diarrhea virus isolate FJLY02-2017 spike protein (S) gene, complete cds	Jul-2017	2017-07-15	month
OP171891.1	OP171891.1	G2b	Porcine epidemic diarrhea virus isolate FJLY03-2016 spike protein (S) gene, complete cds	Dec-2016	2016-12-15	month
OP171892.1	OP171892.1	G2b	Porcine epidemic diarrhea virus isolate FJLY03-2017 spike protein (S) gene, complete cds	Jul-2017	2017-07-15	month
OP287015.1	OP287015.1	G2b	Porcine epidemic diarrhea virus isolate JS-A, complete genome	Dec-2021	2021-12-15	month
OP374021.1	OP374021.1	G2b	Porcine epidemic diarrhea virus isolate PEDV/CHN/Guizhou/Sinder202206-2 spike gene, complete cds	Jun-2022	2022-06-15	month
OP894120.1	OP894120.1	G2b	UNVERIFIED: Porcine epidemic diarrhea virus isolate PEDV SD/2020, complete genome	2020	2020-07-01	year
OQ349221.1	OQ349221.1	G2b	Porcine epidemic diarrhea virus isolate JSyj10 spike protein (S) gene, partial cds	2021	2021-07-01	year
OR085298.1	OR085298.1	G2b	Porcine epidemic diarrhea virus isolate PEDV-HeNNX12-2022, complete genome	2022-07-01	2022-07-01	day
OR085299.1	OR085299.1	G2b	Porcine epidemic diarrhea virus isolate PEDV-NMCL2-2022, complete genome	2022-12-01	2022-12-01	day
OR085300.1	OR085300.1	G2b	Porcine epidemic diarrhea virus isolate PEDV-NMBB1-2023, complete genome	2023-02-20	2023-02-20	day
OR085309.1	OR085309.1	G2b	Porcine epidemic diarrhea virus isolate PEDV-HuNYF4-2022, complete genome	2022-12-01	2022-12-01	day
OR085310.1	OR085310.1	G2b	Porcine epidemic diarrhea virus isolate PEDV-HuNYF3-2022, complete genome	2022-12-01	2022-12-01	day
OR085311.1	OR085311.1	G2b	Porcine epidemic diarrhea virus isolate PEDV-HuNYF2-2022, complete genome	2022-12-01	2022-12-01	day
OR576821.1	OR576821.1	G2b	Porcine epidemic diarrhea virus isolate CH/GD441/2022 spike protein (S) gene, complete cds	Jun-2022	2022-06-15	month
PP580808.1	PP580808.1	G2b	Porcine epidemic diarrhea virus isolate AH-FY2022 spike protein (S) gene, complete cds	2022	2022-07-01	year
PP580811.1	PP580811.1	G2b	Porcine epidemic diarrhea virus isolate SD-TA2022 spike protein (S) gene, complete cds	2022	2022-07-01	year
PP580813.1	PP580813.1	G2b	Porcine epidemic diarrhea virus isolate GD-GZ2020-10 spike protein (S) gene, complete cds	2020	2020-07-01	year
PP723328.1	PP723328.1	G2b	Porcine epidemic diarrhea virus isolate CH/Guangdong-S/2022 spike protein (S) gene, complete cds	Nov-2022	2022-11-15	month
PP901935.1	PP901935.1	G2b	Porcine epidemic diarrhea virus isolate PEDV/CN/JLTH spike protein (S) gene, partial cds	Jan-2023	2023-01-15	month
PQ284571.1	PQ284571.1	G2b	Porcine epidemic diarrhea virus isolate CH-SX1-2023 spike protein (S) gene, complete cds	2023	2023-07-01	year
PQ284572.1	PQ284572.1	G2b	Porcine epidemic diarrhea virus isolate CH-SX2-2023 spike protein (S) gene, complete cds	2023	2023-07-01	year
PV036769.1	PV036769.1	G2b	Porcine epidemic diarrhea virus isolate HLJ5, complete genome	2024	2024-07-01	year
PV146395.1	PV146395.1	G2b	Porcine epidemic diarrhea virus isolate PEDV/CHN/SW34/2023 S protein (S) gene, partial cds	2023	2023-07-01	year
PV146397.1	PV146397.1	G2b	Porcine epidemic diarrhea virus isolate PEDV/CHN/SW36/2023 S protein (S) gene, partial cds	2023	2023-07-01	year
PV523941.1	PV523941.1	G2b	Porcine epidemic diarrhea virus isolate AH02-04-CN_2024 spike protein (S) gene, complete cds	Apr-2024	2024-04-15	month
PV523942.1	PV523942.1	G2b	Porcine epidemic diarrhea virus isolate GX03-05-CN_2024 spike protein (S) gene, complete cds	May-2024	2024-05-15	month
PV609800.1	PV609800.1	G2b	Porcine epidemic diarrhea virus isolate PEDV LZ2401 spike protein (S) gene, partial cds	2024	2024-07-01	year
PV614330.1	PV614330.1	G2b	Porcine epidemic diarrhea virus isolate SN2401 spike protein (S) gene, partial cds	2024	2024-07-01	year
PV641626.1	PV641626.1	G2b	Porcine epidemic diarrhea virus isolate PEDV ZY2402 spike protein (S) gene, partial cds	2024	2024-07-01	year
PV641632.1	PV641632.1	G2b	Porcine epidemic diarrhea virus isolate PEDV CD2404 spike protein (S) gene, complete cds	2024	2024-07-01	year
PV695983.1	PV695983.1	G2b	Porcine epidemic diarrhea virus isolate HB-2024, complete genome	2024	2024-07-01	year
PV844369.1	PV844369.1	G2b	Porcine epidemic diarrhea virus isolate G2b spike protein gene, complete cds	Sep-2023	2023-09-15	month
PV844370.1	PV844370.1	G2b	Porcine epidemic diarrhea virus isolate G2b spike protein gene, complete cds	Sep-2024	2024-09-15	month
PX229706.1	PX229706.1	G2b	Porcine epidemic diarrhea virus isolate JS-CZYZ202201 spike protein gene, partial cds	2021	2021-07-01	year
PX482649.1	PX482649.1	G2b	Porcine epidemic diarrhea virus isolate CH-SWM-LS, complete genome	Mar-2025	2025-03-15	month
PX652413.1	PX652413.1	G2b	Porcine epidemic diarrhea virus strain P2C spike protein (S) gene, complete cds	Jan-2025	2025-01-15	month
KM609206.1	KM609206.1	G2c	Porcine epidemic diarrhea virus strain PEDV-10F, complete genome	Jan-2012	2012-01-15	month
KM609212.1	KM609212.1	G2c	Porcine epidemic diarrhea virus strain PEDV-LYG, complete genome	Mar-2014	2014-03-15	month
KM609213.1	KM609213.1	G2c	Porcine epidemic diarrhea virus strain PEDV-WS, complete genome	Mar-2014	2014-03-15	month
KR296667.1	KR296667.1	G2c	Porcine epidemic diarrhea virus strain CH-HGC-01-2015 S protein (S) gene, complete cds	Jan-2015	2015-01-15	month
KR296670.1	KR296670.1	G2c	Porcine epidemic diarrhea virus strain CH-QTC-01-2015 S protein (S) gene, complete cds	Jan-2015	2015-01-15	month
KR296683.1	KR296683.1	G2c	Porcine epidemic diarrhea virus strain CH-CLC-01-2015 S protein (S) gene, complete cds	Jan-2015	2015-01-15	month
KT428879.1	KT428879.1	G2c	Porcine epidemic diarrhea virus strain YC2014 spike protein (S) gene, complete cds	May-2014	2014-05-15	month
KT989356.1	KT989356.1	G2c	Porcine epidemic diarrhea virus isolate CH-HNKF-15.1 spike protein gene, complete cds	2015	2015-07-01	year
KT989362.1	KT989362.1	G2c	Porcine epidemic diarrhea virus isolate CH-HNHB-15.3 spike protein gene, complete cds	2015	2015-07-01	year
KT989363.1	KT989363.1	G2c	Porcine epidemic diarrhea virus isolate CH-HNHB-14.11 spike protein gene, complete cds	2015	2015-07-01	year
KU556276.1	KU556276.1	G2c	UNVERIFIED: Porcine epidemic diarrhea virus isolate HF-90 S protein-like gene, partial sequence	2015	2015-07-01	year
KU556277.1	KU556277.1	G2c	UNVERIFIED: Porcine epidemic diarrhea virus isolate HF-91 S protein-like gene, partial sequence	2015	2015-07-01	year
KU556278.1	KU556278.1	G2c	UNVERIFIED: Porcine epidemic diarrhea virus isolate LY1-27 S protein-like gene, complete sequence	2015	2015-07-01	year
KU556279.1	KU556279.1	G2c	UNVERIFIED: Porcine epidemic diarrhea virus isolate LY2-39 S protein-like gene, complete sequence	2015	2015-07-01	year
KU556280.1	KU556280.1	G2c	UNVERIFIED: Porcine epidemic diarrhea virus isolate LY2-46 S protein-like gene, complete sequence	2015	2015-07-01	year
KU556281.1	KU556281.1	G2c	UNVERIFIED: Porcine epidemic diarrhea virus isolate LY2-51 S protein-like gene, partial sequence	2015	2015-07-01	year
KU556286.1	KU556286.1	G2c	UNVERIFIED: Porcine epidemic diarrhea virus isolate LY4-98 S protein-like gene, partial sequence	2015	2015-07-01	year
KU556287.1	KU556287.1	G2c	UNVERIFIED: Porcine epidemic diarrhea virus isolate LY2-60 S protein-like gene, complete sequence	2015	2015-07-01	year
KX073609.1	KX073609.1	G2c	Porcine epidemic diarrhea virus isolate GZKY S protein (S) gene, complete cds	Dec-2014	2014-12-15	month
KY679906.1	KY679906.1	G2c	Porcine epidemic diarrhea virus isolate SDSX16 S protein (S) gene, complete cds	Mar-2016	2016-03-15	month
KY775038.1	KY775038.1	G2c	Porcine epidemic diarrhea virus isolate BHJZ1 spike protein (S) gene, complete cds	Mar-2016	2016-03-15	month
KY775040.1	KY775040.1	G2c	Porcine epidemic diarrhea virus isolate HBXY1 spike protein (S) gene, complete cds	Feb-2016	2016-02-15	month
KY775041.1	KY775041.1	G2c	Porcine epidemic diarrhea virus isolate HBXY2 spike protein (S) gene, complete cds	Feb-2016	2016-02-15	month
KY775042.1	KY775042.1	G2c	Porcine epidemic diarrhea virus isolate HBXY3 spike protein (S) gene, complete cds	Mar-2016	2016-03-15	month
KY775045.1	KY775045.1	G2c	Porcine epidemic diarrhea virus isolate HBHG1 spike protein (S) gene, complete cds	Feb-2016	2016-02-15	month
KY775046.1	KY775046.1	G2c	Porcine epidemic diarrhea virus isolate HBHG2 spike protein (S) gene, complete cds	Feb-2016	2016-02-15	month
KY775047.1	KY775047.1	G2c	Porcine epidemic diarrhea virus isolate HBHG3 spike protein (S) gene, complete cds	Aug-2016	2016-08-15	month
KY775048.1	KY775048.1	G2c	Porcine epidemic diarrhea virus isolate HBHG4 spike protein (S) gene, complete cds	Aug-2016	2016-08-15	month
KY775050.1	KY775050.1	G2c	Porcine epidemic diarrhea virus isolate HBHG5 spike protein (S) gene, complete cds	Aug-2016	2016-08-15	month
KY928065.1	KY928065.1	G2c	Porcine epidemic diarrhea virus isolate CH_hubei_2016, complete genome	Mar-2016	2016-03-15	month
MF152596.1	MF152596.1	G2c	Porcine epidemic diarrhea virus strain CH/HNXJ/2016 spike protein gene, complete cds	2017	2017-07-01	year
MF152597.1	MF152597.1	G2c	Porcine epidemic diarrhea virus strain CH/HN7/2016 spike protein gene, complete cds	2016	2016-07-01	year
MF152599.1	MF152599.1	G2c	Porcine epidemic diarrhea virus strain CH/HNXY/2016 spike protein gene, complete cds	2016	2016-07-01	year
MF152602.1	MF152602.1	G2c	Porcine epidemic diarrhea virus strain CH/XJKT/2016 spike protein gene, complete cds	2016	2016-07-01	year
MF152603.1	MF152603.1	G2c	Porcine epidemic diarrhea virus strain CH/HNLB/2017 spike protein gene, complete cds	2017	2017-07-01	year
MF152604.1	MF152604.1	G2c	Porcine epidemic diarrhea virus strain CH/HNPJ/2017 spike protein gene, complete cds	2017	2017-07-01	year
MF346935.1	MF346935.1	G2c	Porcine epidemic diarrhea virus isolate CH/JLDH/2016, complete genome	Jul-2016	2016-07-15	month
MG198637.1	MG198637.1	G2c	Porcine epidemic diarrhea virus isolate JSYC1601 spike protein gene, complete cds	Jan-2016	2016-01-15	month
MG198644.1	MG198644.1	G2c	Porcine epidemic diarrhea virus isolate JSDT1505 spike protein gene, complete cds	May-2015	2015-05-15	month
MG198646.1	MG198646.1	G2c	Porcine epidemic diarrhea virus isolate JSHA1602 spike protein gene, complete cds	Feb-2016	2016-02-15	month
MG198650.1	MG198650.1	G2c	Porcine epidemic diarrhea virus isolate JSPZ1412 spike protein gene, complete cds	Dec-2014	2014-12-15	month
MG198652.1	MG198652.1	G2c	Porcine epidemic diarrhea virus isolate JSSH1506 spike protein gene, complete cds	Jun-2015	2015-06-15	month
MG198653.1	MG198653.1	G2c	Porcine epidemic diarrhea virus isolate JSSH1603 spike protein gene, complete cds	Mar-2016	2016-03-15	month
MG198657.1	MG198657.1	G2c	Porcine epidemic diarrhea virus isolate JSSQ1507 spike protein gene, complete cds	Jul-2015	2015-07-15	month
MG198658.1	MG198658.1	G2c	Porcine epidemic diarrhea virus isolate JSSQ1508 spike protein gene, complete cds	Aug-2015	2015-08-15	month
MG198661.1	MG198661.1	G2c	Porcine epidemic diarrhea virus isolate JSSQLH15 spike protein gene, complete cds	2015	2015-07-01	year
MG198662.1	MG198662.1	G2c	Porcine epidemic diarrhea virus isolate JSSY1505 spike protein gene, complete cds	May-2015	2015-05-15	month
MG198663.1	MG198663.1	G2c	Porcine epidemic diarrhea virus isolate JSSY1603 spike protein gene, complete cds	Mar-2016	2016-03-15	month
MG198666.1	MG198666.1	G2c	Porcine epidemic diarrhea virus isolate JSTZ1505 spike protein gene, complete cds	May-2015	2015-05-15	month
MG198667.1	MG198667.1	G2c	Porcine epidemic diarrhea virus isolate JSYZ1511 spike protein gene, complete cds	Nov-2015	2015-11-15	month
MG198670.1	MG198670.1	G2c	Porcine epidemic diarrhea virus isolate SHHC2016 spike protein gene, complete cds	2016	2016-07-01	year
MG334002.1	MG334002.1	G2c	Porcine epidemic diarrhea virus isolate YnP1 spike glycoprotein (S) gene, complete cds	Mar-2016	2016-03-15	month
MG334003.1	MG334003.1	G2c	Porcine epidemic diarrhea virus isolate YnP2 spike glycoprotein (S) gene, complete cds	Mar-2016	2016-03-15	month
MG334007.1	MG334007.1	G2c	Porcine epidemic diarrhea virus isolate YnP6 spike glycoprotein (S) gene, complete cds	Dec-2016	2016-12-15	month
MG334008.1	MG334008.1	G2c	Porcine epidemic diarrhea virus isolate YnP7 spike glycoprotein (S) gene, complete cds	Mar-2017	2017-03-15	month
MG334009.1	MG334009.1	G2c	Porcine epidemic diarrhea virus isolate YnP8 spike glycoprotein (S) gene, complete cds	Apr-2017	2017-04-15	month
MG334010.1	MG334010.1	G2c	Porcine epidemic diarrhea virus isolate YnP9 spike glycoprotein (S) gene, complete cds	Apr-2017	2017-04-15	month
MG546688.1	MG546688.1	G2c	UNVERIFIED: Porcine epidemic diarrhea virus strain CH/BJ2/2016 genomic sequence	Feb-2016	2016-02-15	month
MG546690.1	MG546690.1	G2c	Porcine epidemic diarrhea virus strain CH/BJ11/2016, complete genome	Nov-2016	2016-11-15	month
MH003891.1	MH003891.1	G2c	Porcine epidemic diarrhea virus strain HM2017 spike protein (S) gene, complete cds	Sep-2017	2017-09-15	month
MH816969.1	MH816969.1	G2c	Porcine epidemic diarrhea virus strain CH/HBXT/2018 spike glycoprotein gene, complete cds	Mar-2018	2018-03-15	month
MH893764.1	MH893764.1	G2c	Porcine epidemic diarrhea virus isolate HB2016-1 spike protein (S) gene, complete cds	2016	2016-07-01	year
MK111633.1	MK111633.1	G2c	Porcine epidemic diarrhea virus isolate CH/HNAY/2016 spike protein gene, complete cds	Oct-2016	2016-10-15	month
MK138353.1	MK138353.1	G2c	Porcine epidemic diarrhea virus strain G2, complete genome	2016	2016-07-01	year
MK140814.1	MK140814.1	G2c	Porcine epidemic diarrhea virus isolate CH/TP-4-4/2018, complete genome	2018	2018-07-01	year
MK250953.1	MK250953.1	G2c	Porcine epidemic diarrhea virus strain ZJ/ZX2018-C10, complete genome	Feb-2018	2018-02-15	month
MK592415.1	MK592415.1	G2c	Porcine epidemic diarrhea virus isolate SWUN19/CH/SCZY/2018 spike protein (S) gene, complete cds	2018	2018-07-01	year
MK592416.1	MK592416.1	G2c	Porcine epidemic diarrhea virus isolate SWUN2/CH/SCXC/2018 spike protein (S) gene, complete cds	2018	2018-07-01	year
MK598819.1	MK598819.1	G2c	Porcine epidemic diarrhea virus isolate CH/SCZY/2018 spike protein (S) gene, complete cds	2018	2018-07-01	year
MK598820.1	MK598820.1	G2c	Porcine epidemic diarrhea virus isolate CH/SCXC/2018 spike protein (S) gene, complete cds	2018	2018-07-01	year
MK598821.1	MK598821.1	G2c	Porcine epidemic diarrhea virus isolate CH/SCXC/2018 spike protein (S) gene, complete cds	2018	2018-07-01	year
MK685665.1	MK685665.1	G2c	Porcine epidemic diarrhea virus isolate CH-SCNJ-2019 spike protein (S) gene, complete cds	Mar-2019	2019-03-15	month
MK690502.1	MK690502.1	G2c	Porcine epidemic diarrhea virus isolate HM2017, complete genome	Mar-2016	2016-03-15	month
MK702008.1	MK702008.1	G2c	Porcine epidemic diarrhea virus isolate SNJ-P, complete genome	Oct-2018	2018-10-15	month
MK726310.1	MK726310.1	G2c	Porcine epidemic diarrhea virus strain CH/HNZK/201709 spike protein gene, complete cds	Sep-2017	2017-09-15	month
MK820037.1	MK820037.1	G2c	Porcine epidemic diarrhea virus isolate swun-18-CH-SCLS-2019 spike protein (S) gene, complete cds	Mar-2019	2019-03-15	month
MK820038.1	MK820038.1	G2c	Porcine epidemic diarrhea virus isolate swun-3CH-CH-SCZG-2019 spike protein (S) gene, complete cds	Mar-2019	2019-03-15	month
MK820039.1	MK820039.1	G2c	Porcine epidemic diarrhea virus isolate swun-MY-CH-SCMY-2019 spike protein (S) gene, complete cds	Mar-2019	2019-03-15	month
MK820040.1	MK820040.1	G2c	Porcine epidemic diarrhea virus isolate swun-H1-CH-SCYA-2019 spike protein (S) gene, complete cds	Mar-2019	2019-03-15	month
MK820041.1	MK820041.1	G2c	Porcine epidemic diarrhea virus isolate swun-Y1-CH-SCCQ-2019 spike protein (S) gene, complete cds	Mar-2019	2019-03-15	month
MK862249.1	MK862249.1	G2c	Porcine epidemic diarrhea virus strain HeN170821, complete genome	Aug-2017	2017-08-15	month
MN161584.1	MN161584.1	G2c	Porcine epidemic diarrhea virus strain SWUN-C6-CH-SCYA-2019 spike protein (S) gene, complete cds	Apr-2019	2019-04-15	month
MN213154.1	MN213154.1	G2c	Porcine epidemic diarrhea virus isolate CH/SCXM/2019 spike protein gene, complete cds	Jan-2019	2019-01-15	month
MN412557.1	MN412557.1	G2c	Porcine epidemic diarrhea virus strain HN-JY/2018 S protein (S) gene, complete cds	2018	2018-07-01	year
MN412567.1	MN412567.1	G2c	Porcine epidemic diarrhea virus strain HN-KF/2017 S protein (S) gene, complete cds	2017	2017-07-01	year
MN412570.1	MN412570.1	G2c	Porcine epidemic diarrhea virus strain HN-XZ/2017 S protein (S) gene, complete cds	2017	2017-07-01	year
MN412571.1	MN412571.1	G2c	Porcine epidemic diarrhea virus strain SX-TY1/2017 S protein (S) gene, complete cds	2017	2017-07-01	year
MN412572.1	MN412572.1	G2c	Porcine epidemic diarrhea virus strain SX-TY2/2017 S protein (S) gene, complete cds	2017	2017-07-01	year
MN412574.1	MN412574.1	G2c	Porcine epidemic diarrhea virus strain SX-WS2/2018 S protein (S) gene, complete cds	2018	2018-07-01	year
MN841671.1	MN841671.1	G2c	Porcine epidemic diarrhea virus strain SHXX1902, complete genome	Feb-2019	2019-02-15	month
MT090137.1	MT090137.1	G2c	Porcine epidemic diarrhea virus strain HN/HX/2019 spike protein (S) gene, complete cds	2019	2019-07-01	year
MT090140.1	MT090140.1	G2c	Porcine epidemic diarrhea virus strain SX/YC/2019 spike protein (S) gene, complete cds	2019	2019-07-01	year
MT090146.1	MT090146.1	G2c	Porcine epidemic diarrhea virus strain CH/SXWS/2018, complete genome	2018	2018-07-01	year
MT166307.1	MT166307.1	G2c	Porcine epidemic diarrhea virus strain HB2018, complete genome	May-2018	2018-05-15	month
MT294128.1	MT294128.1	G2c	Porcine epidemic diarrhea virus isolate HBGJ-2018 spike glycoprotein (S) gene, complete cds	2018	2018-07-01	year
MT294129.1	MT294129.1	G2c	Porcine epidemic diarrhea virus isolate HLJYTX-2018 spike glycoprotein (S) gene, complete cds	2018	2018-07-01	year
MT294131.1	MT294131.1	G2c	Porcine epidemic diarrhea virus isolate JSCF-2018 spike glycoprotein (S) gene, complete cds	2018	2018-07-01	year
MT294132.1	MT294132.1	G2c	Porcine epidemic diarrhea virus isolate LNBX-2018 spike glycoprotein (S) gene, complete cds	2018	2018-07-01	year
MT294133.1	MT294133.1	G2c	Porcine epidemic diarrhea virus isolate LNHD-2018 spike glycoprotein (S) gene, complete cds	2018	2018-07-01	year
MT294134.1	MT294134.1	G2c	Porcine epidemic diarrhea virus isolate NMTL-2018 spike glycoprotein (S) gene, complete cds	2018	2018-07-01	year
MT294135.1	MT294135.1	G2c	Porcine epidemic diarrhea virus isolate TJLT-2018 spike glycoprotein (S) gene, complete cds	2018	2018-07-01	year
MT303066.1	MT303066.1	G2c	Porcine epidemic diarrhea virus strain shxx1902, complete genome	Feb-2019	2019-02-15	month
MT338518.1	MT338518.1	G2c	Porcine epidemic diarrhea virus strain HNAY2016, complete genome	2016	2016-07-01	year
MT625963.1	MT625963.1	G2c	Porcine epidemic diarrhea virus strain CH/JSXZ/2015, complete genome	2015	2015-07-01	year
MT683905.1	MT683905.1	G2c	Porcine epidemic diarrhea virus isolate CH/SCLS-2/2019 spike protein gene, complete cds	2019	2019-07-01	year
MT683906.1	MT683906.1	G2c	Porcine epidemic diarrhea virus isolate CH/SCLS-3/2019 spike protein gene, complete cds	2019	2019-07-01	year
MT683907.1	MT683907.1	G2c	Porcine epidemic diarrhea virus isolate CH/SCYA-1/2019 spike protein gene, complete cds	2019	2019-07-01	year
MT683908.1	MT683908.1	G2c	Porcine epidemic diarrhea virus isolate CH/SCYA-2/2019 spike protein gene, complete cds	2019	2019-07-01	year
MT787025.1	MT787025.1	G2c	Porcine epidemic diarrhea virus strain PEDV CH/SX/2016, complete genome	2016-12	2016-12-15	month
MT843278.1	MT843278.1	G2c	Porcine epidemic diarrhea virus, complete genome	Dec-2019	2019-12-15	month
MW143083.1	MW143083.1	G2c	Porcine epidemic diarrhea virus isolate JSS04, complete genome	May-2017	2017-05-15	month
MW143084.1	MW143084.1	G2c	Porcine epidemic diarrhea virus isolate JSS05, complete genome	Aug-2018	2018-08-15	month
MW143085.1	MW143085.1	G2c	Porcine epidemic diarrhea virus isolate JSS06, complete genome	Aug-2018	2018-08-15	month
MW143091.1	MW143091.1	G2c	Porcine epidemic diarrhea virus isolate JSS13, complete genome	Jan-2018	2018-01-15	month
MW143092.1	MW143092.1	G2c	Porcine epidemic diarrhea virus isolate JSS14, complete genome	Feb-2018	2018-02-15	month
MW143094.1	MW143094.1	G2c	Porcine epidemic diarrhea virus isolate JSS16, complete genome	Oct-2016	2016-10-15	month
MW145532.1	MW145532.1	G2c	Porcine epidemic diarrhea virus strain CH/SCDY-1/2020 spike protein (S) gene, complete cds	2020	2020-07-01	year
MW145534.1	MW145534.1	G2c	Porcine epidemic diarrhea virus strain CH/SCMS-2/2020 spike protein (S) gene, complete cds	2020	2020-07-01	year
MW145535.1	MW145535.1	G2c	Porcine epidemic diarrhea virus strain CH/SCNJ-1/2020 spike protein (S) gene, complete cds	2020	2020-07-01	year
MW413556.1	MW413556.1	G2c	Porcine epidemic diarrhea virus strain HB/HEBEU/2020, complete genome	Dec-2020	2020-12-15	month
MW452940.1	MW452940.1	G2c	Porcine epidemic diarrhea virus strain CH/SCDZ-1/2020 spike protein (S) gene, complete cds	2020	2020-07-01	year
MW478760.1	MW478760.1	G2c	Porcine epidemic diarrhea virus isolate GDsg01 spike protein (S) gene, complete cds	2018	2018-07-01	year
MW478761.1	MW478761.1	G2c	Porcine epidemic diarrhea virus isolate GDsg02 spike protein (S) gene, complete cds	2018	2018-07-01	year
MW478762.1	MW478762.1	G2c	Porcine epidemic diarrhea virus isolate GDsg03 spike protein (S) gene, complete cds	2018	2018-07-01	year
MW478763.1	MW478763.1	G2c	Porcine epidemic diarrhea virus isolate GDsg04 spike protein (S) gene, complete cds	2018	2018-07-01	year
MW478764.1	MW478764.1	G2c	Porcine epidemic diarrhea virus isolate GDsg05 spike protein (S) gene, complete cds	2018	2018-07-01	year
MW478765.1	MW478765.1	G2c	Porcine epidemic diarrhea virus isolate GDsg06 spike protein (S) gene, complete cds	2018	2018-07-01	year
MW478766.1	MW478766.1	G2c	Porcine epidemic diarrhea virus isolate GDsg07 spike protein (S) gene, complete cds	2018	2018-07-01	year
MW478767.1	MW478767.1	G2c	Porcine epidemic diarrhea virus isolate GDsg08 spike protein (S) gene, complete cds	2018	2018-07-01	year
MW478769.1	MW478769.1	G2c	Porcine epidemic diarrhea virus isolate GDsg10 spike protein (S) gene, complete cds	2018	2018-07-01	year
MW826593.1	MW826593.1	G2c	Porcine epidemic diarrhea virus isolate FY/2017 spike protein (S) gene, complete cds	2017	2017-07-01	year
MW826594.1	MW826594.1	G2c	Porcine epidemic diarrhea virus isolate HH/2017 spike protein (S) gene, complete cds	2017	2017-07-01	year
MW826596.1	MW826596.1	G2c	Porcine epidemic diarrhea virus isolate TQ/2017 spike protein (S) gene, complete cds	2017	2017-07-01	year
MW826598.1	MW826598.1	G2c	Porcine epidemic diarrhea virus isolate XT/2017 spike protein (S) gene, complete cds	2017	2017-07-01	year
MW826599.1	MW826599.1	G2c	Porcine epidemic diarrhea virus isolate ZJC/2017 spike protein (S) gene, complete cds	2017	2017-07-01	year
MW915419.1	MW915419.1	G2c	Porcine epidemic diarrhea virus isolate FH/2017 spike protein (S) gene, complete cds	2017	2017-07-01	year
MZ161001.1	MZ161001.1	G2c	Porcine epidemic diarrhea virus strain CH/GDHG/12/2020 spike protein (S) gene, complete cds	Dec-2020	2020-12-15	month
MZ161002.1	MZ161002.1	G2c	Porcine epidemic diarrhea virus strain CH/GDSG/12/2020 spike protein (S) gene, complete cds	Dec-2020	2020-12-15	month
MZ161003.1	MZ161003.1	G2c	Porcine epidemic diarrhea virus strain CH/SCYBZH/12/2020 spike protein (S) gene, complete cds	Dec-2020	2020-12-15	month
MZ161004.1	MZ161004.1	G2c	Porcine epidemic diarrhea virus strain CH/GXGG/12/2020 spike protein (S) gene, complete cds	Dec-2020	2020-12-15	month
MZ161005.1	MZ161005.1	G2c	Porcine epidemic diarrhea virus strain CH/JSHA/12/2020 spike protein (S) gene, complete cds	Dec-2020	2020-12-15	month
MZ161007.1	MZ161007.1	G2c	Porcine epidemic diarrhea virus strain CH/HBSY/12/2020 spike protein (S) gene, complete cds	Dec-2020	2020-12-15	month
MZ161008.1	MZ161008.1	G2c	Porcine epidemic diarrhea virus strain CH/GDMM/12/2020 spike protein (S) gene, complete cds	Dec-2020	2020-12-15	month
MZ161009.1	MZ161009.1	G2c	Porcine epidemic diarrhea virus strain CH/SCCD/12/2020 spike protein (S) gene, complete cds	Dec-2020	2020-12-15	month
MZ161010.1	MZ161010.1	G2c	Porcine epidemic diarrhea virus strain CH/JSXZGS/12/2020 spike protein (S) gene, complete cds	Dec-2020	2020-12-15	month
MZ161011.1	MZ161011.1	G2c	Porcine epidemic diarrhea virus strain CH/HNCD/12/2020 spike protein (S) gene, complete cds	Dec-2020	2020-12-15	month
MZ161012.1	MZ161012.1	G2c	Porcine epidemic diarrhea virus strain CH/SCMY/12/2020 spike protein (S) gene, complete cds	Dec-2020	2020-12-15	month
MZ161013.1	MZ161013.1	G2c	Porcine epidemic diarrhea virus strain CH/AHBB/12/2020 spike protein (S) gene, complete cds	Dec-2020	2020-12-15	month
MZ161015.1	MZ161015.1	G2c	Porcine epidemic diarrhea virus strain CH/SDNW/11/2020 spike protein (S) gene, complete cds	Nov-2020	2020-11-15	month
MZ161016.1	MZ161016.1	G2c	Porcine epidemic diarrhea virus strain CH/JXXG/11/2020 spike protein (S) gene, complete cds	Nov-2020	2020-11-15	month
MZ161017.1	MZ161017.1	G2c	Porcine epidemic diarrhea virus strain CH/SXXY/11/2020 spike protein (S) gene, complete cds	Nov-2020	2020-11-15	month
MZ161019.1	MZ161019.1	G2c	Porcine epidemic diarrhea virus strain CH/YNDL/11/2020 spike protein (S) gene, complete cds	Nov-2020	2020-11-15	month
MZ161020.1	MZ161020.1	G2c	Porcine epidemic diarrhea virus strain CH/SDNW-2/11/2020 spike protein (S) gene, complete cds	Nov-2020	2020-11-15	month
MZ161021.1	MZ161021.1	G2c	Porcine epidemic diarrhea virus strain CH/JXGZ/11/2020 spike protein (S) gene, complete cds	Nov-2020	2020-11-15	month
MZ161026.1	MZ161026.1	G2c	Porcine epidemic diarrhea virus strain CH/HBMZ/10/2020 spike protein (S) gene, complete cds	Oct-2020	2020-10-15	month
MZ161027.1	MZ161027.1	G2c	Porcine epidemic diarrhea virus strain CH/GXLZ/10/2020 spike protein (S) gene, complete cds	Oct-2020	2020-10-15	month
MZ161028.1	MZ161028.1	G2c	Porcine epidemic diarrhea virus strain CH/HBHG/10/2020 spike protein (S) gene, complete cds	Oct-2020	2020-10-15	month
MZ161031.1	MZ161031.1	G2c	Porcine epidemic diarrhea virus strain CH/HBTS/10/2020 spike protein (S) gene, complete cds	Oct-2020	2020-10-15	month
MZ161038.1	MZ161038.1	G2c	Porcine epidemic diarrhea virus strain CH/JXHY/09/2020 spike protein (S) gene, complete cds	Sep-2020	2020-09-15	month
MZ161039.1	MZ161039.1	G2c	Porcine epidemic diarrhea virus strain CH/LNFS/09/2020 spike protein (S) gene, complete cds	Sep-2020	2020-09-15	month
MZ161040.1	MZ161040.1	G2c	Porcine epidemic diarrhea virus strain CH/GXLA/07/2020 spike protein (S) gene, complete cds	Jul-2020	2020-07-15	month
MZ161042.1	MZ161042.1	G2c	Porcine epidemic diarrhea virus strain CH/SDZH/07/2020 spike protein (S) gene, complete cds	Jul-2020	2020-07-15	month
MZ161043.1	MZ161043.1	G2c	Porcine epidemic diarrhea virus strain CH/HBCZ/07/2020 spike protein (S) gene, complete cds	Jul-2020	2020-07-15	month
MZ161044.1	MZ161044.1	G2c	Porcine epidemic diarrhea virus strain CH/AHMJ/07/2020 spike protein (S) gene, complete cds	Jul-2020	2020-07-15	month
MZ161045.1	MZ161045.1	G2c	Porcine epidemic diarrhea virus strain CH/GDCY/06/2020 spike protein (S) gene, complete cds	Jun-2020	2020-06-15	month
MZ161048.1	MZ161048.1	G2c	Porcine epidemic diarrhea virus strain CH/LNPJ/05/2020 spike protein (S) gene, complete cds	May-2020	2020-05-15	month
MZ161049.1	MZ161049.1	G2c	Porcine epidemic diarrhea virus strain CH/SCPL/05/2020 spike protein (S) gene, complete cds	May-2020	2020-05-15	month
MZ161050.1	MZ161050.1	G2c	Porcine epidemic diarrhea virus strain CH/GXNN/04/2020 spike protein (S) gene, complete cds	Apr-2020	2020-04-15	month
MZ161051.1	MZ161051.1	G2c	Porcine epidemic diarrhea virus strain CH/GXLB/04/2020 spike protein (S) gene, complete cds	Apr-2020	2020-04-15	month
MZ161052.1	MZ161052.1	G2c	Porcine epidemic diarrhea virus strain CH/JXJJ/04/2020 spike protein (S) gene, complete cds	Apr-2020	2020-04-15	month
MZ161053.1	MZ161053.1	G2c	Porcine epidemic diarrhea virus strain CH/GDCY/04/2020 spike protein (S) gene, complete cds	Apr-2020	2020-04-15	month
MZ161054.1	MZ161054.1	G2c	Porcine epidemic diarrhea virus strain CH/FJDH/04/2020 spike protein (S) gene, complete cds	Apr-2020	2020-04-15	month
MZ161055.1	MZ161055.1	G2c	Porcine epidemic diarrhea virus strain CH/JXGZ/04/2020 spike protein (S) gene, complete cds	Apr-2020	2020-04-15	month
MZ161056.1	MZ161056.1	G2c	Porcine epidemic diarrhea virus strain CH/HNCC/03/2020 spike protein (S) gene, complete cds	Mar-2020	2020-03-15	month
MZ161057.1	MZ161057.1	G2c	Porcine epidemic diarrhea virus strain CH/HBZL/03/2020 spike protein (S) gene, complete cds	Mar-2020	2020-03-15	month
MZ161058.1	MZ161058.1	G2c	Porcine epidemic diarrhea virus strain CH/SCJS/03/2020 spike protein (S) gene, complete cds	Mar-2020	2020-03-15	month
MZ161061.1	MZ161061.1	G2c	Porcine epidemic diarrhea virus strain CH/HBZJC/11/2020 spike protein (S) gene, complete cds	Nov-2020	2020-11-15	month
MZ161062.1	MZ161062.1	G2c	Porcine epidemic diarrhea virus strain CH/AHXC/12/2020 spike protein (S) gene, complete cds	Dec-2020	2020-12-15	month
MZ161063.1	MZ161063.1	G2c	Porcine epidemic diarrhea virus strain CH/GZZY/12/2020 spike protein (S) gene, complete cds	Dec-2020	2020-12-15	month
MZ161064.1	MZ161064.1	G2c	Porcine epidemic diarrhea virus strain CH/JXPY/12/2020 spike protein (S) gene, complete cds	Dec-2020	2020-12-15	month
MZ161065.1	MZ161065.1	G2c	Porcine epidemic diarrhea virus strain CH/HNLX/12/2020 spike protein (S) gene, complete cds	Dec-2020	2020-12-15	month
MZ161066.1	MZ161066.1	G2c	Porcine epidemic diarrhea virus strain CH/HBXY/12/2020 spike protein (S) gene, complete cds	Dec-2020	2020-12-15	month
MZ161068.1	MZ161068.1	G2c	Porcine epidemic diarrhea virus strain CH/JSXZ/01/2021 spike protein (S) gene, complete cds	Jan-2021	2021-01-15	month
MZ161071.1	MZ161071.1	G2c	Porcine epidemic diarrhea virus strain CH/HBHA/01/2021 spike protein (S) gene, complete cds	Jan-2021	2021-01-15	month
MZ161072.1	MZ161072.1	G2c	Porcine epidemic diarrhea virus strain CH/JSLYG/02/2021 spike protein (S) gene, complete cds	Feb-2021	2021-02-15	month
MZ161073.1	MZ161073.1	G2c	Porcine epidemic diarrhea virus strain CH/HBSY/02/2021 spike protein (S) gene, complete cds	Feb-2021	2021-02-15	month
MZ161075.1	MZ161075.1	G2c	Porcine epidemic diarrhea virus strain CH/GDYJ/03/2021 spike protein (S) gene, complete cds	Mar-2021	2021-03-15	month
MZ161077.1	MZ161077.1	G2c	Porcine epidemic diarrhea virus strain CH/SDLY/12/2020 spike protein (S) gene, complete cds	Dec-2020	2020-12-15	month
MZ161079.1	MZ161079.1	G2c	Porcine epidemic diarrhea virus strain CH/SCDY/05/2020 spike protein (S) gene, complete cds	May-2020	2020-05-15	month
MZ161082.1	MZ161082.1	G2c	Porcine epidemic diarrhea virus strain CH/JSHY/09/2020 spike protein (S) gene, complete cds	Sep-2020	2020-09-15	month
MZ161083.1	MZ161083.1	G2c	Porcine epidemic diarrhea virus strain CH/HBTS/09/2020 spike protein (S) gene, complete cds	Sep-2020	2020-09-15	month
MZ161084.1	MZ161084.1	G2c	Porcine epidemic diarrhea virus strain CH/JSXZLD/10/2020 spike protein (S) gene, complete cds	Oct-2020	2020-10-15	month
MZ161085.1	MZ161085.1	G2c	Porcine epidemic diarrhea virus strain CH/SDLQ/09/2020 spike protein (S) gene, complete cds	Sep-2020	2020-09-15	month
MZ161086.1	MZ161086.1	G2c	Porcine epidemic diarrhea virus strain CH/GXLB/05/2020 spike protein (S) gene, complete cds	May-2020	2020-05-15	month
MZ161087.1	MZ161087.1	G2c	Porcine epidemic diarrhea virus strain CH/NMGTL/04/2020 spike protein (S) gene, complete cds	Apr-2020	2020-04-15	month
MZ161088.1	MZ161088.1	G2c	Porcine epidemic diarrhea virus strain CH/SCLZ/12/2020 spike protein (S) gene, complete cds	Dec-2020	2020-12-15	month
MZ161089.1	MZ161089.1	G2c	Porcine epidemic diarrhea virus strain CH/SDJN/07/2020 spike protein (S) gene, complete cds	Jul-2020	2020-07-15	month
MZ342899.1	MZ342899.1	G2c	Porcine epidemic diarrhea virus isolate PEDV HM, complete genome	2017	2017-07-01	year
MZ669834.1	MZ669834.1	G2c	Porcine epidemic diarrhea virus strain CH-GXNN-1-2018 spike protein gene, complete cds	2018-12	2018-12-15	month
MZ669835.1	MZ669835.1	G2c	Porcine epidemic diarrhea virus strain CH-GXNN-2-2018 spike protein gene, partial cds	2018-12	2018-12-15	month
MZ669836.1	MZ669836.1	G2c	Porcine epidemic diarrhea virus strain CH-GXNN-3-2018 spike protein gene, partial cds	2018-12	2018-12-15	month
MZ669837.1	MZ669837.1	G2c	Porcine epidemic diarrhea virus strain CH-GXNN-4-2018 spike protein gene, partial cds	2018-12	2018-12-15	month
MZ669838.1	MZ669838.1	G2c	Porcine epidemic diarrhea virus strain CH-GXNN-5-2018 spike protein gene, partial cds	2018-12	2018-12-15	month
MZ669839.1	MZ669839.1	G2c	Porcine epidemic diarrhea virus strain CH-GXNN-6-2018 spike protein gene, partial cds	2018-12	2018-12-15	month
MZ669840.1	MZ669840.1	G2c	Porcine epidemic diarrhea virus strain CH-GXNN-7-2018 spike protein gene, partial cds	2018-12	2018-12-15	month
MZ669841.1	MZ669841.1	G2c	Porcine epidemic diarrhea virus strain CH-GXLZ-1-2017 spike protein gene, partial cds	2017-12	2017-12-15	month
MZ669842.1	MZ669842.1	G2c	Porcine epidemic diarrhea virus strain CH-GXLZ-2-2018 spike protein gene, partial cds	2018-12	2018-12-15	month
MZ669843.1	MZ669843.1	G2c	Porcine epidemic diarrhea virus strain CH-GXLZ-3-2018 spike protein gene, partial cds	2018-12	2018-12-15	month
MZ669844.1	MZ669844.1	G2c	Porcine epidemic diarrhea virus strain CH-GXBH-1-2018 spike protein gene, partial cds	2018-12	2018-12-15	month
MZ669845.1	MZ669845.1	G2c	Porcine epidemic diarrhea virus strain CH-GXBH-2-2018 spike protein gene, partial cds	2018-12	2018-12-15	month
MZ977202.1	MZ977202.1	G2c	Porcine epidemic diarrhea virus strain CH/2018, complete genome	Oct-2018	2018-10-15	month
OK584017.1	OK584017.1	G2c	Porcine epidemic diarrhea virus isolate HN2021, complete genome	May-2021	2021-05-15	month
OK642747.1	OK642747.1	G2c	Porcine epidemic diarrhea virus isolate XJ1904-34 spike (S) gene, complete cds	Apr-2019	2019-04-15	month
OL347994.1	OL347994.1	G2c	Porcine epidemic diarrhea virus isolate CMMZH2110, complete genome	Oct-2021	2021-10-15	month
OL361788.1	OL361788.1	G2c	Porcine epidemic diarrhea virus strain JSXC, complete genome	Feb-2021	2021-02-15	month
OL446966.1	OL446966.1	G2c	UNVERIFIED: Porcine epidemic diarrhea virus isolate CH/HNKF/2020, complete genome	2020	2020-07-01	year
OL446967.1	OL446967.1	G2c	Porcine epidemic diarrhea virus isolate CH/HNPDS/2021, complete genome	2021	2021-07-01	year
OL762456.1	OL762456.1	G2c	Porcine epidemic diarrhea virus strain PEDV SD2020, complete genome	Sep-2020	2020-09-15	month
OL762457.1	OL762457.1	G2c	Porcine epidemic diarrhea virus strain PEDV HK2021, complete genome	Feb-2021	2021-02-15	month
OL762458.1	OL762458.1	G2c	Porcine epidemic diarrhea virus strain PEDV SDLY2020, complete genome	Oct-2020	2020-10-15	month
OL762459.1	OL762459.1	G2c	Porcine epidemic diarrhea virus strain PEDV SD2021, complete genome	Apr-2021	2021-04-15	month
OL762460.1	OL762460.1	G2c	Porcine epidemic diarrhea virus strain PEDV JX2020, complete genome	Dec-2020	2020-12-15	month
OL762461.1	OL762461.1	G2c	Porcine epidemic diarrhea virus strain PEDV TRS2021, complete genome	Jan-2021	2021-01-15	month
OL907257.1	OL907257.1	G2c	Porcine epidemic diarrhea virus strain PEDV-SXBJ-1 spike protein (S) gene, complete cds	2019	2019-07-01	year
OL907258.1	OL907258.1	G2c	Porcine epidemic diarrhea virus strain PEDV-SXBJ-2 spike protein (S) gene, complete cds	2019	2019-07-01	year
OL944723.1	OL944723.1	G2c	Porcine epidemic diarrhea virus strain SCGYSWUN02 spike protein (S) gene, complete cds	Jan-2021	2021-01-15	month
OM201219.1	OM201219.1	G2c	Porcine epidemic diarrhea virus isolate PEDV/S007 spike protein gene, complete cds	2018	2018-07-01	year
OM201220.1	OM201220.1	G2c	Porcine epidemic diarrhea virus isolate PEDV/S009 spike protein gene, complete cds	2018	2018-07-01	year
OM201221.1	OM201221.1	G2c	Porcine epidemic diarrhea virus isolate PEDV/S001 spike protein gene, complete cds	2018	2018-07-01	year
OM393722.1	OM393722.1	G2c	Porcine epidemic diarrhea virus isolate PEDV/CH/XC/2020, complete genome	Sep-2020	2020-09-15	month
OM863585.1	OM863585.1	G2c	Porcine epidemic diarrhea virus isolate CH_SCZY01_2020 spike protein (S) gene, complete cds	Apr-2020	2020-04-15	month
OM948904.1	OM948904.1	G2c	Porcine epidemic diarrhea virus isolate CH_GZ01_2020 spike protein (S), ORF3 (ORF3), envelope protein (E), membrane protein (M), and nucleocapsid protein (N) genes, complete cds	Dec-2020	2020-12-15	month
OM948905.1	OM948905.1	G2c	Porcine epidemic diarrhea virus isolate CH_GZ02_2020 spike protein (S), ORF3 (ORF3), envelope protein (E), membrane protein (M), and nucleocapsid protein (N) genes, complete cds	Dec-2020	2020-12-15	month
OM948906.1	OM948906.1	G2c	Porcine epidemic diarrhea virus isolate CH_NM_2020 spike protein (S), ORF3 (ORF3), envelope protein (E), membrane protein (M), and nucleocapsid protein (N) genes, complete cds	Dec-2020	2020-12-15	month
OM948907.1	OM948907.1	G2c	Porcine epidemic diarrhea virus isolate CH_GX_2020 spike protein (S), ORF3 (ORF3), envelope protein (E), membrane protein (M), and nucleocapsid protein (N) genes, complete cds	Dec-2020	2020-12-15	month
OM948908.1	OM948908.1	G2c	Porcine epidemic diarrhea virus isolate CH_GXNN_2021 spike protein (S), ORF3 (ORF3), envelope protein (E), membrane protein (M), and nucleocapsid protein (N) genes, complete cds	Jan-2021	2021-01-15	month
OM948909.1	OM948909.1	G2c	Porcine epidemic diarrhea virus isolate CH_HN_2021 spike protein (S), ORF3 (ORF3), envelope protein (E), membrane protein (M), and nucleocapsid protein (N) genes, complete cds	Jan-2021	2021-01-15	month
OM948911.1	OM948911.1	G2c	Porcine epidemic diarrhea virus isolate CH_SCPZ_2020 spike protein (S), ORF3 (ORF3), envelope protein (E), membrane protein (M), and nucleocapsid protein (N) genes, complete cds	Dec-2020	2020-12-15	month
OM948912.1	OM948912.1	G2c	Porcine epidemic diarrhea virus isolate CH_SCCZ01_2020 spike protein (S), ORF3 (ORF3), envelope protein (E), membrane protein (M), and nucleocapsid protein (N) genes, complete cds	Dec-2020	2020-12-15	month
OM948913.1	OM948913.1	G2c	Porcine epidemic diarrhea virus isolate CH_SCZY02_2020 spike protein (S), ORF3 (ORF3), envelope protein (E), membrane protein (M), and nucleocapsid protein (N) genes, complete cds	Dec-2020	2020-12-15	month
OM948914.1	OM948914.1	G2c	Porcine epidemic diarrhea virus isolate CH_SCZY03_2020 spike protein (S), ORF3 (ORF3), envelope protein (E), membrane protein (M), and nucleocapsid protein (N) genes, complete cds	Dec-2020	2020-12-15	month
OM948915.1	OM948915.1	G2c	Porcine epidemic diarrhea virus isolate CH_SCYB01_2020 spike protein (S), ORF3 (ORF3), envelope protein (E), membrane protein (M), and nucleocapsid protein (N) genes, complete cds	Dec-2020	2020-12-15	month
OM948916.1	OM948916.1	G2c	Porcine epidemic diarrhea virus isolate CH_SCYB02_2020 spike protein (S), ORF3 (ORF3), envelope protein (E), membrane protein (M), and nucleocapsid protein (N) genes, complete cds	Dec-2020	2020-12-15	month
OM948917.1	OM948917.1	G2c	Porcine epidemic diarrhea virus isolate CH_SCZY04_2020 spike protein (S), ORF3 (ORF3), envelope protein (E), membrane protein (M), and nucleocapsid protein (N) genes, complete cds	Dec-2020	2020-12-15	month
OM948918.1	OM948918.1	G2c	Porcine epidemic diarrhea virus isolate CH_SCZY05_2020 spike protein (S), ORF3 (ORF3), envelope protein (E), membrane protein (M), and nucleocapsid protein (N) genes, complete cds	Dec-2020	2020-12-15	month
OM948919.1	OM948919.1	G2c	Porcine epidemic diarrhea virus isolate CH_SCLS03_2021 spike protein (S), ORF3 (ORF3), envelope protein (E), membrane protein (M), and nucleocapsid protein (N) genes, complete cds	Mar-2021	2021-03-15	month
OM948923.1	OM948923.1	G2c	Porcine epidemic diarrhea virus isolate CH_SCLS02_2021 spike protein (S) gene, complete cds	Apr-2021	2021-04-15	month
OM948924.1	OM948924.1	G2c	Porcine epidemic diarrhea virus isolate CH_SCLS01_2021 spike protein (S) gene, complete cds	Apr-2021	2021-04-15	month
OM948926.1	OM948926.1	G2c	Porcine epidemic diarrhea virus isolate CH_SCLS04_2021 spike protein (S) gene, complete cds	Apr-2021	2021-04-15	month
OM948927.1	OM948927.1	G2c	Porcine epidemic diarrhea virus isolate CH_CQ_2021 spike protein (S) gene, complete cds	Sep-2021	2021-09-15	month
OM974565.1	OM974565.1	G2c	Porcine epidemic diarrhea virus strain CH/GX1/F-5/2020 spike protein gene, complete cds	Jun-2020	2020-06-15	month
OM974566.1	OM974566.1	G2c	Porcine epidemic diarrhea virus strain CH/GX1/S-1/2020 spike protein gene, complete cds	Jun-2020	2020-06-15	month
OM974567.1	OM974567.1	G2c	Porcine epidemic diarrhea virus strain CH/XF1/C-3/2020 spike protein gene, complete cds	Jan-2020	2020-01-15	month
OM974570.1	OM974570.1	G2c	Porcine epidemic diarrhea virus strain CH/XF1/C-4/2019 spike protein gene, complete cds	Nov-2019	2019-11-15	month
OM974572.1	OM974572.1	G2c	Porcine epidemic diarrhea virus strain CH/GX2/FS-1/2020 spike protein gene, complete cds	Mar-2021	2021-03-15	month
OM974574.1	OM974574.1	G2c	Porcine epidemic diarrhea virus strain CH/GX2/FS-7/2021 spike protein gene, complete cds	Mar-2021	2021-03-15	month
OM974575.1	OM974575.1	G2c	Porcine epidemic diarrhea virus strain CH/GX2/FS-11/2021 spike protein gene, complete cds	Mar-2021	2021-03-15	month
OM974576.1	OM974576.1	G2c	Porcine epidemic diarrhea virus strain CH/GX2/FS-13/2021 spike protein gene, complete cds	Mar-2021	2021-03-15	month
OM974577.1	OM974577.1	G2c	Porcine epidemic diarrhea virus strain CH/GX2/FS-18/2021 spike protein gene, complete cds	Mar-2021	2021-03-15	month
OM974578.1	OM974578.1	G2c	Porcine epidemic diarrhea virus strain CH/MM1/FS-12/2021 spike protein gene, complete cds	Mar-2021	2021-03-15	month
OM974579.1	OM974579.1	G2c	Porcine epidemic diarrhea virus strain CH/MM1/FS-13/2021 spike protein gene, complete cds	Mar-2021	2021-03-15	month
OM974580.1	OM974580.1	G2c	Porcine epidemic diarrhea virus strain CH/MM1/FS-14/2021 spike protein gene, complete cds	Mar-2021	2021-03-15	month
ON058991.1	ON058991.1	G2c	Porcine epidemic diarrhea virus strain SCMYSWUN03 spike protein (S), complete cds	Jan-2021	2021-01-15	month
ON058992.1	ON058992.1	G2c	Porcine epidemic diarrhea virus strain SCNCSWUN01 spike protein (S), complete cds	Jan-2021	2021-01-15	month
ON068583.1	ON068583.1	G2c	UNVERIFIED_ASMBLY: Porcine epidemic diarrhea virus isolate JS02/2018, complete genome	2018	2018-07-01	year
ON248873.1	ON248873.1	G2c	Porcine epidemic diarrhea virus strain PEDV/CN/Guizhou/Sinder202109-2 spike protein gene, complete cds	Sep-2021	2021-09-15	month
ON248875.1	ON248875.1	G2c	Porcine epidemic diarrhea virus strain PEDV/CN/Shandong/Sinder202112-2 spike protein gene, complete cds	Dec-2021	2021-12-15	month
ON248876.1	ON248876.1	G2c	Porcine epidemic diarrhea virus strain PEDV/CN/Hainan/Sinder202112-3 spike protein gene, complete cds	Dec-2021	2021-12-15	month
ON248877.1	ON248877.1	G2c	Porcine epidemic diarrhea virus strain PEDV/CN/Hainan/Sinder202112-4 spike protein gene, complete cds	Dec-2021	2021-12-15	month
ON248878.1	ON248878.1	G2c	Porcine epidemic diarrhea virus strain PEDV/CN/Hebei/Sinder202201 spike protein gene, complete cds	Jan-2022	2022-01-15	month
ON248879.1	ON248879.1	G2c	Porcine epidemic diarrhea virus strain PEDV/CN/Sichuan/Sinder202202-1 spike protein gene, complete cds	Feb-2022	2022-02-15	month
ON248882.1	ON248882.1	G2c	Porcine epidemic diarrhea virus strain PEDV/CN/Fujian/Sinder202203 spike protein gene, complete cds	Mar-2022	2022-03-15	month
ON417000.1	ON417000.1	G2c	Porcine epidemic diarrhea virus isolate JS2019-1 spike protein gene, complete cds	Jan-2019	2019-01-15	month
ON417001.1	ON417001.1	G2c	Porcine epidemic diarrhea virus isolate JS2019-2 spike protein gene, complete cds	Jan-2019	2019-01-15	month
ON417002.1	ON417002.1	G2c	Porcine epidemic diarrhea virus isolate JS2019-3 spike protein gene, complete cds	Jan-2019	2019-01-15	month
ON417004.1	ON417004.1	G2c	Porcine epidemic diarrhea virus isolate JS2019-5 spike protein gene, complete cds	Jan-2019	2019-01-15	month
ON964511.1	ON964511.1	G2c	Porcine epidemic diarrhea virus isolate GDGZ-2020, complete genome	2020-11-19	2020-11-19	day
OP171886.1	OP171886.1	G2c	Porcine epidemic diarrhea virus isolate FJLY01-2019 spike protein (S) gene, complete cds	Jan-2019	2019-01-15	month
OP171889.1	OP171889.1	G2c	Porcine epidemic diarrhea virus isolate FJLY02-2018 spike protein (S) gene, complete cds	Aug-2018	2018-08-15	month
OP171890.1	OP171890.1	G2c	Porcine epidemic diarrhea virus isolate FJLY02-2019 spike protein (S) gene, complete cds	Oct-2019	2019-10-15	month
OP171893.1	OP171893.1	G2c	Porcine epidemic diarrhea virus isolate FJLY01-2021 spike protein (S) gene, complete cds	Aug-2021	2021-08-15	month
OP171894.1	OP171894.1	G2c	Porcine epidemic diarrhea virus isolate FJLY01-2022 spike protein (S) gene, complete cds	May-2022	2022-05-15	month
OP171895.1	OP171895.1	G2c	Porcine epidemic diarrhea virus isolate FJLY02-2021 spike protein (S) gene, complete cds	Oct-2021	2021-10-15	month
OP171897.1	OP171897.1	G2c	Porcine epidemic diarrhea virus isolate FJLY03-2021 spike protein (S) gene, complete cds	Oct-2021	2021-10-15	month
OP235511.1	OP235511.1	G2c	Porcine epidemic diarrhea virus strain FJLY03-2022 spike protein (S) gene, complete cds	Jul-2022	2022-07-15	month
OP245917.1	OP245917.1	G2c	Porcine epidemic diarrhea virus strain SDTA13-2020, complete genome	2020	2020-07-01	year
OP374016.1	OP374016.1	G2c	Porcine epidemic diarrhea virus isolate PEDV/CHN/Hainan/Sinder202205-1 spike gene, complete cds	May-2022	2022-05-15	month
OP374017.1	OP374017.1	G2c	Porcine epidemic diarrhea virus isolate PEDV/CHN/Chongqing/Sinder202205-2 spike gene, complete cds	May-2022	2022-05-15	month
OP374023.1	OP374023.1	G2c	Porcine epidemic diarrhea virus isolate PEDV/CHN/Shandong/Sinder202207-1 spike gene, complete cds	Jul-2022	2022-07-15	month
OP529823.1	OP529823.1	G2c	UNVERIFIED: Porcine epidemic diarrhea virus isolate GS2019-513, complete genome	2019	2019-07-01	year
OP852657.1	OP852657.1	G2c	Porcine epidemic diarrhea virus isolate FJLY04-2022 spike protein (S) gene, complete cds	Sep-2022	2022-09-15	month
OP852658.1	OP852658.1	G2c	Porcine epidemic diarrhea virus isolate FJLY05-2022 spike protein (S) gene, complete cds	Sep-2022	2022-09-15	month
OP852659.1	OP852659.1	G2c	Porcine epidemic diarrhea virus isolate FJLY06-2022 spike protein (S) gene, complete cds	Sep-2022	2022-09-15	month
OQ288925.1	OQ288925.1	G2c	Porcine epidemic diarrhea virus isolate CZ01 spike protein (S) gene, complete cds	Jan-2023	2023-01-15	month
OQ349200.1	OQ349200.1	G2c	Porcine epidemic diarrhea virus isolate SD1(2021), complete genome	2021	2021-07-01	year
OQ349202.1	OQ349202.1	G2c	Porcine epidemic diarrhea virus isolate ZJ3(2021), complete genome	2021	2021-07-01	year
OQ349203.1	OQ349203.1	G2c	Porcine epidemic diarrhea virus isolate FJ1207 spike protein (S) gene, complete cds	2020	2020-07-01	year
OQ349209.1	OQ349209.1	G2c	Porcine epidemic diarrhea virus isolate FJ1607 spike protein (S) gene, complete cds	2020	2020-07-01	year
OQ349212.1	OQ349212.1	G2c	Porcine epidemic diarrhea virus isolate FJ1912 spike protein (S) gene, complete cds	2020	2020-07-01	year
OQ349214.1	OQ349214.1	G2c	Porcine epidemic diarrhea virus isolate FJ2002 spike protein (S) gene, complete cds	2020	2020-07-01	year
OQ349216.1	OQ349216.1	G2c	Porcine epidemic diarrhea virus isolate FJ2015 spike protein (S) gene, complete cds	2020	2020-07-01	year
OQ349218.1	OQ349218.1	G2c	Porcine epidemic diarrhea virus isolate JSdf10 spike protein (S) gene, complete cds	2021	2021-07-01	year
OQ349219.1	OQ349219.1	G2c	Porcine epidemic diarrhea virus isolate JSyj5 spike protein (S) gene, partial cds	2021	2021-07-01	year
OQ349220.1	OQ349220.1	G2c	Porcine epidemic diarrhea virus isolate JSyj8 spike protein (S) gene, complete cds	2021	2021-07-01	year
OQ349222.1	OQ349222.1	G2c	Porcine epidemic diarrhea virus isolate SD1 spike protein (S) gene, complete cds	2021	2021-07-01	year
OQ349223.1	OQ349223.1	G2c	Porcine epidemic diarrhea virus isolate SDyt12 spike protein (S) gene, complete cds	2021	2021-07-01	year
OQ349226.1	OQ349226.1	G2c	Porcine epidemic diarrhea virus isolate ZJ3 spike protein (S) gene, complete cds	2021	2021-07-01	year
OQ349228.1	OQ349228.1	G2c	Porcine epidemic diarrhea virus isolate CN/Jiangsu002/2022, complete genome	Apr-2022	2022-04-15	month
OQ718909.1	OQ718909.1	G2c	Porcine epidemic diarrhea virus isolate CH-HeN30-2023 spike protein (S) gene, complete cds	Mar-2001	2001-03-15	month
OQ915150.1	OQ915150.1	G2c	Porcine epidemic diarrhea virus strain ZJ2022, complete genome	Feb-2022	2022-02-15	month
OQ979198.1	OQ979198.1	G2c	Porcine epidemic diarrhea virus strain HNYZ, complete genome	2021	2021-07-01	year
OQ979199.1	OQ979199.1	G2c	Porcine epidemic diarrhea virus strain HNXH, complete genome	2021	2021-07-01	year
OQ979200.1	OQ979200.1	G2c	Porcine epidemic diarrhea virus strain HNZK1, complete genome	2021	2021-07-01	year
OR061129.1	OR061129.1	G2c	Porcine epidemic diarrhea virus isolate ZQ2022, complete genome	Feb-2022	2022-02-15	month
OR085228.1	OR085228.1	G2c	Porcine epidemic diarrhea virus isolate PEDV-AHCZ10-2022, complete genome	2022-07-12	2022-07-12	day
OR085229.1	OR085229.1	G2c	Porcine epidemic diarrhea virus isolate PEDV-AHCZ8-2022, complete genome	2022-07-12	2022-07-12	day
OR085230.1	OR085230.1	G2c	Porcine epidemic diarrhea virus isolate PEDV-AHCZ1-2022, complete genome	2022-07-12	2022-07-12	day
OR085231.1	OR085231.1	G2c	Porcine epidemic diarrhea virus isolate PEDV-AHCZ3-2022, complete genome	2022-07-12	2022-07-12	day
OR085232.1	OR085232.1	G2c	Porcine epidemic diarrhea virus isolate PEDV-FJNL4-2023, complete genome	2023-03-01	2023-03-01	day
OR085233.1	OR085233.1	G2c	Porcine epidemic diarrhea virus isolate PEDV-FJNL8-2023, complete genome	2023-03-01	2023-03-01	day
OR085234.1	OR085234.1	G2c	Porcine epidemic diarrhea virus isolate PEDV-FJNL1-2023, complete genome	2023-03-01	2023-03-01	day
OR085245.1	OR085245.1	G2c	Porcine epidemic diarrhea virus isolate PEDV-AHBZ16-2022, complete genome	2022-05-01	2022-05-01	day
OR085246.1	OR085246.1	G2c	Porcine epidemic diarrhea virus isolate PEDV-AHBZ35-2022, complete genome	2022-05-01	2022-05-01	day
OR085247.1	OR085247.1	G2c	Porcine epidemic diarrhea virus isolate PEDV-AHBZ1-2022, complete genome	2022-05-01	2022-05-01	day
OR085248.1	OR085248.1	G2c	Porcine epidemic diarrhea virus isolate PEDV-SDBR1-2022, complete genome	2022-10-06	2022-10-06	day
OR085249.1	OR085249.1	G2c	Porcine epidemic diarrhea virus isolate PEDV-GDYJ3-2022, complete genome	2022	2022-07-01	year
OR085250.1	OR085250.1	G2c	Porcine epidemic diarrhea virus isolate PEDV-HuN6-2023, complete genome	2023-02-20	2023-02-20	day
OR085251.1	OR085251.1	G2c	Porcine epidemic diarrhea virus isolate PEDV-HuNLH1-2023, complete genome	2023-02-07	2023-02-07	day
OR085253.1	OR085253.1	G2c	Porcine epidemic diarrhea virus isolate PEDV-SCPM49-2022, complete genome	2022-07-25	2022-07-25	day
OR085254.1	OR085254.1	G2c	Porcine epidemic diarrhea virus isolate PEDV-SCPM48-2022, complete genome	2022-07-25	2022-07-25	day
OR085255.1	OR085255.1	G2c	Porcine epidemic diarrhea virus isolate PEDV-SXDHYJ1-2022, complete genome	2022-12-16	2022-12-16	day
OR085257.1	OR085257.1	G2c	Porcine epidemic diarrhea virus isolate PEDV-SXSH49-2022, complete genome	2022-07-23	2022-07-23	day
OR085258.1	OR085258.1	G2c	Porcine epidemic diarrhea virus isolate PEDV-SXSH52-2022, complete genome	2022-07-23	2022-07-23	day
OR085259.1	OR085259.1	G2c	Porcine epidemic diarrhea virus isolate PEDV-SXSH20-2022, complete genome	2022-07-23	2022-07-23	day
OR085260.1	OR085260.1	G2c	Porcine epidemic diarrhea virus isolate PEDV-SXSH10-2022, complete genome	2022-07-23	2022-07-23	day
OR085261.1	OR085261.1	G2c	Porcine epidemic diarrhea virus isolate PEDV-AHHT2-2022, complete genome	2022-12-01	2022-12-01	day
OR085267.1	OR085267.1	G2c	Porcine epidemic diarrhea virus isolate PEDV-FJZZ3-2022, complete genome	2022-06-19	2022-06-19	day
OR085268.1	OR085268.1	G2c	Porcine epidemic diarrhea virus isolate PEDV-FJZZ1-2022, complete genome	2022-06-19	2022-06-19	day
OR085269.1	OR085269.1	G2c	Porcine epidemic diarrhea virus isolate PEDV-GDJM3-2022, complete genome	2022	2022-07-01	year
OR085270.1	OR085270.1	G2c	Porcine epidemic diarrhea virus isolate PEDV-GDYJ5-2022, complete genome	2022	2022-07-01	year
OR085271.1	OR085271.1	G2c	Porcine epidemic diarrhea virus isolate PEDV-HeNNX9-2022, complete genome	2022-07-01	2022-07-01	day
OR085272.1	OR085272.1	G2c	Porcine epidemic diarrhea virus isolate PEDV-GDHB1-2023, complete genome	2023-02-07	2023-02-07	day
OR085273.1	OR085273.1	G2c	Porcine epidemic diarrhea virus isolate PEDV-GDHB2-2023, complete genome	2023-02-07	2023-02-07	day
OR085274.1	OR085274.1	G2c	Porcine epidemic diarrhea virus isolate PEDV-GXXS1-2023, complete genome	2023-02-20	2023-02-20	day
OR085275.1	OR085275.1	G2c	Porcine epidemic diarrhea virus isolate PEDV-GXXX1-2023, complete genome	2023-02-20	2023-02-20	day
OR085277.1	OR085277.1	G2c	Porcine epidemic diarrhea virus isolate PEDV-YNKX14-2022, complete genome	2022-06-18	2022-06-18	day
OR085278.1	OR085278.1	G2c	Porcine epidemic diarrhea virus isolate PEDV-YNKX13-2022, complete genome	2022-06-18	2022-06-18	day
OR085279.1	OR085279.1	G2c	Porcine epidemic diarrhea virus isolate PEDV-YNKX15-2022, complete genome	2022-06-18	2022-06-18	day
OR085286.1	OR085286.1	G2c	Porcine epidemic diarrhea virus isolate PEDV-XJJY14-2023, complete genome	2023-02-20	2023-02-20	day
OR085287.1	OR085287.1	G2c	Porcine epidemic diarrhea virus isolate PEDV-XJJY6-2023, complete genome	2023-02-20	2023-02-20	day
OR085288.1	OR085288.1	G2c	Porcine epidemic diarrhea virus isolate PEDV-XJJY5-2023, complete genome	2023-02-20	2023-02-20	day
OR085289.1	OR085289.1	G2c	Porcine epidemic diarrhea virus isolate PEDV-XJJY7-2023, complete genome	2023-02-20	2023-02-20	day
OR085290.1	OR085290.1	G2c	Porcine epidemic diarrhea virus isolate PEDV-XJJY17-2023, complete genome	2023-02-20	2023-02-20	day
OR085291.1	OR085291.1	G2c	Porcine epidemic diarrhea virus isolate PEDV-XJTK1-2022, complete genome	2021-04-21	2021-04-21	day
OR085292.1	OR085292.1	G2c	Porcine epidemic diarrhea virus isolate PEDV-XJTK3-2022, complete genome	2021-04-21	2021-04-21	day
OR085293.1	OR085293.1	G2c	Porcine epidemic diarrhea virus isolate PEDV-XJWL1-2022, complete genome	2022-06-28	2022-06-28	day
OR085294.1	OR085294.1	G2c	Porcine epidemic diarrhea virus isolate PEDV-XJWL2-2022, complete genome	2022-06-28	2022-06-28	day
OR085296.1	OR085296.1	G2c	Porcine epidemic diarrhea virus isolate PEDV-YNPJ5-2022, complete genome	2022-12-01	2022-12-01	day
OR085297.1	OR085297.1	G2c	Porcine epidemic diarrhea virus isolate PEDV-YNPJ1-2022, complete genome	2022-12-01	2022-12-01	day
OR085312.1	OR085312.1	G2c	Porcine epidemic diarrhea virus isolate PEDV-JLYH1-2023, complete genome	2023-02-06	2023-02-06	day
OR089086.1	OR089086.1	G2c	Porcine epidemic diarrhea virus isolate LS-23 spike gene, complete cds	Feb-2023	2023-02-15	month
OR123893.1	OR123893.1	G2c	Porcine epidemic diarrhea virus strain HB2022, complete genome	2022	2022-07-01	year
OR195026.1	OR195026.1	G2c	Porcine epidemic diarrhea virus strain HB2022-1 spike protein (S) gene, complete cds	2022	2022-07-01	year
OR195027.1	OR195027.1	G2c	Porcine epidemic diarrhea virus strain HB2022-2 spike protein (S) gene, complete cds	2022	2022-07-01	year
OR195028.1	OR195028.1	G2c	Porcine epidemic diarrhea virus strain HB2022-3 spike protein (S) gene, complete cds	2022	2022-07-01	year
OR195030.1	OR195030.1	G2c	Porcine epidemic diarrhea virus strain HB2022-5 spike protein (S) gene, complete cds	2022	2022-07-01	year
OR195031.1	OR195031.1	G2c	Porcine epidemic diarrhea virus strain HB2022-6 spike protein (S) gene, complete cds	2022	2022-07-01	year
OR195032.1	OR195032.1	G2c	Porcine epidemic diarrhea virus strain HB2022-7 spike protein (S) gene, complete cds	2022	2022-07-01	year
OR195033.1	OR195033.1	G2c	Porcine epidemic diarrhea virus strain HB2022-8 spike protein (S) gene, complete cds	2022	2022-07-01	year
OR195036.1	OR195036.1	G2c	Porcine epidemic diarrhea virus strain HB2022-11 spike protein (S) gene, complete cds	2022	2022-07-01	year
OR195038.1	OR195038.1	G2c	Porcine epidemic diarrhea virus strain HB2022-13 spike protein (S) gene, complete cds	2022	2022-07-01	year
OR418363.1	OR418363.1	G2c	Porcine epidemic diarrhea virus strain FS202201, complete genome	2022	2022-07-01	year
OR418364.1	OR418364.1	G2c	Porcine epidemic diarrhea virus strain JY202201, complete genome	2022	2022-07-01	year
OR501721.1	OR501721.1	G2c	Porcine epidemic diarrhea virus strain FJS1-3 spike protein (S) gene, complete cds	2022	2022-07-01	year
OR501722.1	OR501722.1	G2c	Porcine epidemic diarrhea virus strain FJS1-5 spike protein (S) gene, complete cds	2022	2022-07-01	year
OR501723.1	OR501723.1	G2c	Porcine epidemic diarrhea virus strain FJS1-7 spike protein (S) gene, complete cds	2022	2022-07-01	year
OR576823.1	OR576823.1	G2c	Porcine epidemic diarrhea virus isolate CH/GD442/2022 spike protein (S) gene, complete cds	Sep-2022	2022-09-15	month
OR576824.1	OR576824.1	G2c	Porcine epidemic diarrhea virus isolate CH/GD443/2022 spike protein (S) gene, complete cds	Oct-2022	2022-10-15	month
OR576825.1	OR576825.1	G2c	Porcine epidemic diarrhea virus isolate CH/GD444/2022 spike protein (S) gene, complete cds	Nov-2022	2022-11-15	month
OR576826.1	OR576826.1	G2c	Porcine epidemic diarrhea virus isolate CH/GD445/2022 spike protein (S) gene, complete cds	Nov-2022	2022-11-15	month
OR601542.1	OR601542.1	G2c	Porcine epidemic diarrhea virus isolate GS/YD17/2022, complete genome	2022	2022-07-01	year
OR601543.1	OR601543.1	G2c	Porcine epidemic diarrhea virus isolate GS/YD37/2022, complete genome	2022	2022-07-01	year
OR684450.1	OR684450.1	G2c	Porcine epidemic diarrhea virus strain HN-1/2023, complete genome	2023	2023-07-01	year
OR684451.1	OR684451.1	G2c	Porcine epidemic diarrhea virus strain HN-2/2023, complete genome	2023	2023-07-01	year
OR684452.1	OR684452.1	G2c	UNVERIFIED: Porcine epidemic diarrhea virus strain SC/2023, complete genome	2023	2023-07-01	year
OR734225.1	OR734225.1	G2c	Porcine epidemic diarrhea virus isolate DY2020, complete genome	2020	2020-07-01	year
OR804100.1	OR804100.1	G2c	Porcine epidemic diarrhea virus strain CH/HNNY/2022 spike protein gene, complete cds	2022	2022-07-01	year
OR992088.1	OR992088.1	G2c	Porcine epidemic diarrhea virus isolate CH/FST-H/2017 spike protein (S) gene, complete cds	Oct-2017	2017-10-15	month
PP003006.1	PP003006.1	G2c	Porcine epidemic diarrhea virus isolate SX2023 spike protein (S) gene, complete cds	2023	2023-07-01	year
PP083729.1	PP083729.1	G2c	Porcine epidemic diarrhea virus isolate PED/swine/JS/SJ-2022 spike protein (S) gene, complete cds	2022	2022-07-01	year
PP373526.1	PP373526.1	G2c	Porcine epidemic diarrhea virus strain LZ202401 spike protein (S) gene, complete cds	Jan-2024	2024-01-15	month
PP442050.1	PP442050.1	G2c	UNVERIFIED: Porcine epidemic diarrhea virus isolate LS-23, complete genome	2023-01-01	2023-01-01	day
PP554573.1	PP554573.1	G2c	Porcine epidemic diarrhea virus isolate GS/2020/04 S protein gene, complete cds	2020	2020-07-01	year
PP580802.1	PP580802.1	G2c	Porcine epidemic diarrhea virus isolate JS-NT2023 spike protein (S) gene, complete cds	2023	2023-07-01	year
PP580803.1	PP580803.1	G2c	Porcine epidemic diarrhea virus isolate SD-QD2023 spike protein (S) gene, complete cds	2023	2023-07-01	year
PP580810.1	PP580810.1	G2c	Porcine epidemic diarrhea virus isolate HN-ZZ2022 spike protein (S) gene, complete cds	2022	2022-07-01	year
PP580812.1	PP580812.1	G2c	Porcine epidemic diarrhea virus isolate GD-GZ2020-1 spike protein (S) gene, complete cds	2020	2020-07-01	year
PP580814.1	PP580814.1	G2c	Porcine epidemic diarrhea virus isolate GD-GZ2020-11 spike protein (S) gene, complete cds	2020	2020-07-01	year
PP580815.1	PP580815.1	G2c	Porcine epidemic diarrhea virus isolate GD-GZ2020-12 spike protein (S) gene, complete cds	2020	2020-07-01	year
PP580816.1	PP580816.1	G2c	Porcine epidemic diarrhea virus isolate GD-GZ2020-13 spike protein (S) gene, complete cds	2020	2020-07-01	year
PP580817.1	PP580817.1	G2c	Porcine epidemic diarrhea virus isolate GD-GZ2020-14 spike protein (S) gene, complete cds	2020	2020-07-01	year
PP580818.1	PP580818.1	G2c	Porcine epidemic diarrhea virus isolate GD-GZ2020-15 spike protein (S) gene, complete cds	2020	2020-07-01	year
PP580819.1	PP580819.1	G2c	Porcine epidemic diarrhea virus isolate GD-GZ2020-2 spike protein (S) gene, complete cds	2020	2020-07-01	year
PP580820.1	PP580820.1	G2c	Porcine epidemic diarrhea virus isolate GD-GZ2020-3 spike protein (S) gene, complete cds	2020	2020-07-01	year
PP580821.1	PP580821.1	G2c	Porcine epidemic diarrhea virus isolate GD-GZ2020-4 spike protein (S) gene, complete cds	2020	2020-07-01	year
PP580822.1	PP580822.1	G2c	Porcine epidemic diarrhea virus isolate GD-GZ2020-5 spike protein (S) gene, complete cds	2020	2020-07-01	year
PP580823.1	PP580823.1	G2c	Porcine epidemic diarrhea virus isolate GD-GZ2020-6 spike protein (S) gene, complete cds	2020	2020-07-01	year
PP580824.1	PP580824.1	G2c	Porcine epidemic diarrhea virus isolate GD-GZ2020-7 spike protein (S) gene, complete cds	2020	2020-07-01	year
PP580825.1	PP580825.1	G2c	Porcine epidemic diarrhea virus isolate GD-GZ2020-8 spike protein (S) gene, complete cds	2020	2020-07-01	year
PP580826.1	PP580826.1	G2c	Porcine epidemic diarrhea virus isolate GD-GZ2020-9 spike protein (S) gene, complete cds	2020	2020-07-01	year
PP580827.1	PP580827.1	G2c	Porcine epidemic diarrhea virus isolate HN-ZZ2020 spike protein (S) gene, complete cds	2020	2020-07-01	year
PP580828.1	PP580828.1	G2c	Porcine epidemic diarrhea virus isolate XJ2020 spike protein (S) gene, complete cds	2020	2020-07-01	year
PP580829.1	PP580829.1	G2c	Porcine epidemic diarrhea virus isolate HN-ZZ2021 spike protein (S) gene, complete cds	2021	2021-07-01	year
PP723330.1	PP723330.1	G2c	Porcine epidemic diarrhea virus isolate CH/Sichuan-T/2022 spike protein (S) gene, complete cds	Nov-2022	2022-11-15	month
PP723331.1	PP723331.1	G2c	Porcine epidemic diarrhea virus isolate CH/Sichuan-LSZ/2023 spike protein (S) gene, complete cds	Dec-2023	2023-12-15	month
PP842666.1	PP842666.1	G2c	Porcine epidemic diarrhea virus isolate GX2021-20 spike glycoprotein gene, complete cds	2021	2021-07-01	year
PP901932.1	PP901932.1	G2c	Porcine epidemic diarrhea virus isolate PEDV/CN/FJQZ spike protein (S) gene, partial cds	May-2022	2022-05-15	month
PP901933.1	PP901933.1	G2c	Porcine epidemic diarrhea virus isolate PEDV/CN/GSQY spike protein (S) gene, partial cds	Jul-2022	2022-07-15	month
PP901934.1	PP901934.1	G2c	Porcine epidemic diarrhea virus isolate PEDV/CN/GSTS spike protein (S) gene, partial cds	Oct-2022	2022-10-15	month
PP901936.1	PP901936.1	G2c	Porcine epidemic diarrhea virus isolate PEDV/CN/JSYC spike protein (S) gene, partial cds	Nov-2022	2022-11-15	month
PP901937.1	PP901937.1	G2c	Porcine epidemic diarrhea virus isolate PEDV/CN/JXNC/01 spike protein (S) gene, partial cds	Dec-2022	2022-12-15	month
PP901938.1	PP901938.1	G2c	Porcine epidemic diarrhea virus isolate PEDV/CN/JXNC/02 spike protein (S) gene, partial cds	Sep-2022	2022-09-15	month
PP901939.1	PP901939.1	G2c	Porcine epidemic diarrhea virus isolate PEDV/CN/LNDL/01 spike protein (S) gene, partial cds	Feb-2023	2023-02-15	month
PP901940.1	PP901940.1	G2c	Porcine epidemic diarrhea virus isolate PEDV/CN/LNLD/02 spike protein (S) gene, partial cds	Dec-2022	2022-12-15	month
PP901941.1	PP901941.1	G2c	Porcine epidemic diarrhea virus isolate PEDV/CN/NMGTL spike protein (S) gene, partial cds	Nov-2022	2022-11-15	month
PP901942.1	PP901942.1	G2c	Porcine epidemic diarrhea virus isolate PEDV/CN/NMTL spike protein (S) gene, partial cds	Mar-2023	2023-03-15	month
PP901943.1	PP901943.1	G2c	Porcine epidemic diarrhea virus isolate PEDV/CN/SXYC spike protein (S) gene, partial cds	Apr-2023	2023-04-15	month
PP901944.1	PP901944.1	G2c	Porcine epidemic diarrhea virus isolate PEDV/CN/XJCJ spike protein (S) gene, partial cds	Oct-2022	2022-10-15	month
PP901945.1	PP901945.1	G2c	Porcine epidemic diarrhea virus isolate PEDV/CN/XJFS spike protein (S) gene, partial cds	Jul-2023	2023-07-15	month
PP901946.1	PP901946.1	G2c	Porcine epidemic diarrhea virus isolate PEDV/CN/XJHTB spike protein (S) gene, partial cds	Jan-2024	2024-01-15	month
PP901947.1	PP901947.1	G2c	Porcine epidemic diarrhea virus isolate PEDV/CN/XJJM spike protein (S) gene, partial cds	Jul-2023	2023-07-15	month
PP901948.1	PP901948.1	G2c	Porcine epidemic diarrhea virus isolate PEDV/CN/XJTK spike protein (S) gene, partial cds	Feb-2024	2024-02-15	month
PP901949.1	PP901949.1	G2c	Porcine epidemic diarrhea virus isolate PEDV/CN/XJWJQ/01 spike protein (S) gene, partial cds	May-2023	2023-05-15	month
PP901950.1	PP901950.1	G2c	Porcine epidemic diarrhea virus isolate PEDV/CN/XJWJQ/02 spike protein (S) gene, partial cds	Mar-2024	2024-03-15	month
PP901951.1	PP901951.1	G2c	Porcine epidemic diarrhea virus isolate PEDV/CN/XJZS spike protein (S) gene, partial cds	Sep-2023	2023-09-15	month
PP901952.1	PP901952.1	G2c	Porcine epidemic diarrhea virus isolate PEDV/CN/YNYX spike protein (S) gene, partial cds	Dec-2023	2023-12-15	month
PP906225.1	PP906225.1	G2c	Porcine epidemic diarrhea virus strain GD-QY spike protein gene, complete cds	2023	2023-07-01	year
PP906226.1	PP906226.1	G2c	Porcine epidemic diarrhea virus strain GD-CZ spike protein gene, complete cds	2023	2023-07-01	year
PP906227.1	PP906227.1	G2c	Porcine epidemic diarrhea virus strain GD-ZQ spike protein gene, complete cds	2024	2024-07-01	year
PP906230.1	PP906230.1	G2c	Porcine epidemic diarrhea virus strain HLJ-CY spike protein gene, complete cds	2023	2023-07-01	year
PP911340.1	PP911340.1	G2c	Porcine epidemic diarrhea virus isolate CH-SXXY-2024, partial genome	2024	2024-07-01	year
PP923930.1	PP923930.1	G2c	UNVERIFIED: Porcine epidemic diarrhea virus strain PEDV/swine/YN-SM-1508/China/2015/Yunnan spike protein-like gene, partial sequence	Aug-2015	2015-08-15	month
PP923936.1	PP923936.1	G2c	UNVERIFIED: Porcine epidemic diarrhea virus strain PEDV/swine/YN-KM-1705/China/2017/Yunnan spike protein-like gene, partial sequence	May-2017	2017-05-15	month
PP923937.1	PP923937.1	G2c	UNVERIFIED: Porcine epidemic diarrhea virus strain PEDV/swine/YN-KM-1706/China/2017/Yunnan spike protein-like gene, partial sequence	Jun-2017	2017-06-15	month
PP923940.1	PP923940.1	G2c	UNVERIFIED: Porcine epidemic diarrhea virus strain PEDV/swine/YN-BS-1912/China/2019/Yunnan spike protein-like gene, partial sequence	Dec-2019	2019-12-15	month
PP923949.1	PP923949.1	G2c	UNVERIFIED: Porcine epidemic diarrhea virus strain PEDV/swine/YN-WD-22062/China/2022/Yunnan spike protein-like gene, partial sequence	Jun-2022	2022-06-15	month
PP923950.1	PP923950.1	G2c	UNVERIFIED: Porcine epidemic diarrhea virus strain PEDV/swine/YN-YM-2206/China/2022/Yunnan spike protein-like gene, partial sequence	Jun-2022	2022-06-15	month
PP923951.1	PP923951.1	G2c	UNVERIFIED: Porcine epidemic diarrhea virus strain PEDV/swine/YN-YM-22061/China/2022/Yunnan spike protein-like gene, partial sequence	Jun-2022	2022-06-15	month
PP958821.1	PP958821.1	G2c	Porcine epidemic diarrhea virus isolate PEDV-SD/2020, complete genome	2020	2020-07-01	year
PP987385.1	PP987385.1	G2c	Porcine epidemic diarrhea virus isolate VRL 27-Apr-2023, complete genome	2023	2023-07-01	year
PP999774.1	PP999774.1	G2c	Porcine epidemic diarrhea virus isolate LZ202401, complete genome	Jan-2024	2024-01-15	month
PQ119498.1	PQ119498.1	G2c	Porcine epidemic diarrhea virus isolate PEDV/QD/2024 spike protein (S) gene, complete cds	2024	2024-07-01	year
PQ179480.1	PQ179480.1	G2c	Porcine epidemic diarrhea virus strain SX0818-2022, complete genome	2022	2022-07-01	year
PQ284566.1	PQ284566.1	G2c	Porcine epidemic diarrhea virus isolate CH-HNF1-2023 spike protein (S) gene, complete cds	2023	2023-07-01	year
PQ284567.1	PQ284567.1	G2c	Porcine epidemic diarrhea virus isolate CH-HNF3-2023 spike protein (S) gene, complete cds	2023	2023-07-01	year
PQ284573.1	PQ284573.1	G2c	Porcine epidemic diarrhea virus isolate CH-SX3-2023 spike protein (S) gene, complete cds	2023	2023-07-01	year
PQ316088.1	PQ316088.1	G2c	Porcine epidemic diarrhea virus isolate CH/HNDZ/2022, complete genome	2022-12-08	2022-12-08	day
PQ316090.1	PQ316090.1	G2c	Porcine epidemic diarrhea virus isolate CH/GDJM2023, complete genome	2023-01-07	2023-01-07	day
PQ316091.1	PQ316091.1	G2c	Porcine epidemic diarrhea virus isolate CH/HBJL2023, complete genome	2023-01-25	2023-01-25	day
PQ316092.1	PQ316092.1	G2c	Porcine epidemic diarrhea virus isolate CH/ShXXY2-2023, complete genome	2023-01-04	2023-01-04	day
PQ349477.1	PQ349477.1	G2c	Porcine epidemic diarrhea virus isolate HN-YZ spike protein gene, complete cds	2024	2024-07-01	year
PQ349478.1	PQ349478.1	G2c	Porcine epidemic diarrhea virus isolate SN-WN spike protein gene, complete cds	2024	2024-07-01	year
PQ349479.1	PQ349479.1	G2c	Porcine epidemic diarrhea virus isolate GZ-QN spike protein gene, complete cds	2024	2024-07-01	year
PQ349480.1	PQ349480.1	G2c	Porcine epidemic diarrhea virus isolate YN-DL spike protein gene, complete cds	2024	2024-07-01	year
PQ507869.1	PQ507869.1	G2c	Porcine epidemic diarrhea virus isolate SC/CD/2024 spike protein gene, complete cds	2024	2024-07-01	year
PQ507870.1	PQ507870.1	G2c	Porcine epidemic diarrhea virus isolate SC/MY/2023 spike protein gene, complete cds	2023	2023-07-01	year
PQ507871.1	PQ507871.1	G2c	Porcine epidemic diarrhea virus isolate SC/SN/2023 spike protein gene, complete cds	2023	2023-07-01	year
PQ507872.1	PQ507872.1	G2c	Porcine epidemic diarrhea virus isolate SC/LS/2023 spike protein gene, complete cds	2023	2023-07-01	year
PQ682538.1	PQ682538.1	G2c	Porcine epidemic diarrhea virus strain AHCZ02, complete genome	Oct-2022	2022-10-15	month
PQ870875.1	PQ870875.1	G2c	Porcine epidemic diarrhea virus strain SC-JG spike protein gene, complete cds	Jan-2025	2025-01-15	month
PQ870876.1	PQ870876.1	G2c	Porcine epidemic diarrhea virus strain YN-QJ spike protein gene, complete cds	Jan-2025	2025-01-15	month
PQ870877.1	PQ870877.1	G2c	Porcine epidemic diarrhea virus strain FJ-NP spike protein gene, complete cds	Jan-2025	2025-01-15	month
PV036764.1	PV036764.1	G2c	Porcine epidemic diarrhea virus isolate HLJ10, complete genome	2024	2024-07-01	year
PV036765.1	PV036765.1	G2c	Porcine epidemic diarrhea virus isolate HLJ8, complete genome	2024	2024-07-01	year
PV036767.1	PV036767.1	G2c	Porcine epidemic diarrhea virus isolate HLJ6, complete genome	2024	2024-07-01	year
PV036768.1	PV036768.1	G2c	Porcine epidemic diarrhea virus isolate SSX1, complete genome	2023	2023-07-01	year
PV036772.1	PV036772.1	G2c	Porcine epidemic diarrhea virus isolate SSX1-1, complete genome	2023	2023-07-01	year
PV036773.1	PV036773.1	G2c	Porcine epidemic diarrhea virus isolate HB1, complete genome	2023	2023-07-01	year
PV036776.1	PV036776.1	G2c	Porcine epidemic diarrhea virus isolate HB4, complete genome	2023	2023-07-01	year
PV036777.1	PV036777.1	G2c	Porcine epidemic diarrhea virus isolate HB5, complete genome	2023	2023-07-01	year
PV036778.1	PV036778.1	G2c	Porcine epidemic diarrhea virus isolate HLJ13, complete genome	2024	2024-07-01	year
PV036779.1	PV036779.1	G2c	Porcine epidemic diarrhea virus isolate HLJ14, complete genome	2024	2024-07-01	year
PV036780.1	PV036780.1	G2c	Porcine epidemic diarrhea virus isolate HLJ11, complete genome	2024	2024-07-01	year
PV036781.1	PV036781.1	G2c	Porcine epidemic diarrhea virus isolate HB6, complete genome	2024	2024-07-01	year
PV107499.1	PV107499.1	G2c	Porcine epidemic diarrhea virus isolate EHuB4_2021_Swine_HB, complete genome	2021	2021-07-01	year
PV125746.1	PV125746.1	G2c	Porcine epidemic diarrhea virus isolate 23GXNN-1, complete genome	Mar-2023	2023-03-15	month
PV146387.1	PV146387.1	G2c	Porcine epidemic diarrhea virus isolate PEDV/CHN/SW26/2022 S protein (S) gene, partial cds	2022	2022-07-01	year
PV146388.1	PV146388.1	G2c	Porcine epidemic diarrhea virus isolate PEDV/CHN/SW27/2022 S protein (S) gene, partial cds	2022	2022-07-01	year
PV146389.1	PV146389.1	G2c	Porcine epidemic diarrhea virus isolate PEDV/CHN/SW28/2022 S protein (S) gene, partial cds	2022	2022-07-01	year
PV146390.1	PV146390.1	G2c	Porcine epidemic diarrhea virus isolate PEDV/CHN/SW29/2022 S protein (S) gene, partial cds	2022	2022-07-01	year
PV146391.1	PV146391.1	G2c	Porcine epidemic diarrhea virus isolate PEDV/CHN/SW30/2023 S protein (S) gene, partial cds	2023	2023-07-01	year
PV146392.1	PV146392.1	G2c	Porcine epidemic diarrhea virus isolate PEDV/CHN/SW31/2023 S protein (S) gene, partial cds	2023	2023-07-01	year
PV146393.1	PV146393.1	G2c	Porcine epidemic diarrhea virus isolate PEDV/CHN/SW32/2023 S protein (S) gene, partial cds	2023	2023-07-01	year
PV146394.1	PV146394.1	G2c	Porcine epidemic diarrhea virus isolate PEDV/CHN/SW33/2023 S protein (S) gene, partial cds	2023	2023-07-01	year
PV146398.1	PV146398.1	G2c	Porcine epidemic diarrhea virus isolate PEDV/CHN/SW15/2024 S protein (S) gene, partial cds	2024	2024-07-01	year
PV146399.1	PV146399.1	G2c	Porcine epidemic diarrhea virus isolate PEDV/CHN/SW37/2024 S protein (S) gene, partial cds	2024	2024-07-01	year
PV146401.1	PV146401.1	G2c	UNVERIFIED: Porcine epidemic diarrhea virus isolate PEDV-CHN-SW37-2024, partial genome	2024	2024-07-01	year
PV250054.1	PV250054.1	G2c	Porcine epidemic diarrhea virus isolate 23GXGL-1 spike protein (S) gene, complete cds	Apr-2023	2023-04-15	month
PV250055.1	PV250055.1	G2c	Porcine epidemic diarrhea virus isolate 23GXGL-2 spike protein (S) gene, complete cds	Apr-2023	2023-04-15	month
PV389918.1	PV389918.1	G2c	Porcine epidemic diarrhea virus isolate GD-QY spike protein gene, complete cds	2025	2025-07-01	year
PV389919.1	PV389919.1	G2c	Porcine epidemic diarrhea virus isolate HB2024, partial genome	2024	2024-07-01	year
PV394113.1	PV394113.1	G2c	Porcine epidemic diarrhea virus isolate 23GXNN-2 spike protein (S) gene, complete cds	2024	2024-07-01	year
PV394114.1	PV394114.1	G2c	Porcine epidemic diarrhea virus isolate 24GXNN-1 spike protein (S) gene, complete cds	2024	2024-07-01	year
PV409558.1	PV409558.1	G2c	Porcine epidemic diarrhea virus isolate SXHZ/2019 spike protein gene, complete cds	Oct-2019	2019-10-15	month
PV409559.1	PV409559.1	G2c	Porcine epidemic diarrhea virus isolate CH/GSLZ spike protein gene, complete cds	Sep-2020	2020-09-15	month
PV409560.1	PV409560.1	G2c	Porcine epidemic diarrhea virus isolate CH/HNAY spike protein gene, complete cds	Dec-2021	2021-12-15	month
PV409561.1	PV409561.1	G2c	Porcine epidemic diarrhea virus isolate CH/HNJZ spike protein gene, complete cds	Nov-2020	2020-11-15	month
PV409562.1	PV409562.1	G2c	Porcine epidemic diarrhea virus isolate CH/SXAK spike protein gene, complete cds	Apr-2022	2022-04-15	month
PV409563.1	PV409563.1	G2c	Porcine epidemic diarrhea virus isolate CH/HNLY/2021 spike protein gene, complete cds	Nov-2021	2021-11-15	month
PV409564.1	PV409564.1	G2c	Porcine epidemic diarrhea virus isolate CH/SXJC spike protein gene, complete cds	Dec-2020	2020-12-15	month
PV409565.1	PV409565.1	G2c	Porcine epidemic diarrhea virus isolate SXYC/2021 spike protein gene, complete cds	Sep-2021	2021-09-15	month
PV409566.1	PV409566.1	G2c	Porcine epidemic diarrhea virus isolate CH/SXTC spike protein gene, complete cds	Oct-2022	2022-10-15	month
PV409567.1	PV409567.1	G2c	Porcine epidemic diarrhea virus isolate CH/HNXC spike protein gene, complete cds	Apr-2021	2021-04-15	month
PV409568.1	PV409568.1	G2c	Porcine epidemic diarrhea virus isolate SXBJ/2022 spike protein gene, complete cds	Mar-2022	2022-03-15	month
PV464256.1	PV464256.1	G2c	Porcine epidemic diarrhea virus isolate CH-HNZZ-2023, complete genome	2023	2023-07-01	year
PV523957.1	PV523957.1	G2c	Porcine epidemic diarrhea virus isolate AH01-01-CN_2023 spike protein (S) gene, complete cds	Jan-2024	2024-01-15	month
PV523958.1	PV523958.1	G2c	Porcine epidemic diarrhea virus isolate AH01-02-CN_2024 spike protein (S) gene, complete cds	Feb-2024	2024-02-15	month
PV523959.1	PV523959.1	G2c	Porcine epidemic diarrhea virus isolate AH01-03-CN_2022 spike protein (S) gene, complete cds	Mar-2024	2024-03-15	month
PV523960.1	PV523960.1	G2c	Porcine epidemic diarrhea virus isolate AH02-01-CN_2023 spike protein (S) gene, complete cds	Jan-2024	2024-01-15	month
PV523961.1	PV523961.1	G2c	Porcine epidemic diarrhea virus isolate AH02-03-CN_2022 spike protein (S) gene, complete cds	Mar-2024	2024-03-15	month
PV523962.1	PV523962.1	G2c	Porcine epidemic diarrhea virus isolate AH03-08-CN_2024 spike protein (S) gene, complete cds	Aug-2024	2024-08-15	month
PV523963.1	PV523963.1	G2c	Porcine epidemic diarrhea virus isolate AH03-11-CN_2021 spike protein (S) gene, complete cds	Nov-2024	2024-11-15	month
PV523964.1	PV523964.1	G2c	Porcine epidemic diarrhea virus isolate AH03-11-CN_2023 spike protein (S) gene, complete cds	Nov-2024	2024-11-15	month
PV523965.1	PV523965.1	G2c	Porcine epidemic diarrhea virus isolate AH04-09-CN_2024 spike protein (S) gene, complete cds	Sep-2024	2024-09-15	month
PV523966.1	PV523966.1	G2c	Porcine epidemic diarrhea virus isolate AH04-12-CN_2023 spike protein (S) gene, complete cds	Dec-2024	2024-12-15	month
PV523967.1	PV523967.1	G2c	Porcine epidemic diarrhea virus isolate AH05-03-CN_2023 spike protein (S) gene, complete cds	Mar-2024	2024-03-15	month
PV523968.1	PV523968.1	G2c	Porcine epidemic diarrhea virus isolate AH05-11-CN_2024 spike protein (S) gene, complete cds	Nov-2024	2024-11-15	month
PV523969.1	PV523969.1	G2c	Porcine epidemic diarrhea virus isolate AH06-11-CN_2024 spike protein (S) gene, complete cds	Nov-2024	2024-11-15	month
PV523970.1	PV523970.1	G2c	Porcine epidemic diarrhea virus isolate AH07-12-CN_2024 spike protein (S) gene, complete cds	Dec-2024	2024-12-15	month
PV523971.1	PV523971.1	G2c	Porcine epidemic diarrhea virus isolate AH09-12-CN_2024 spike protein (S) gene, complete cds	Dec-2024	2024-12-15	month
PV523972.1	PV523972.1	G2c	Porcine epidemic diarrhea virus isolate GX01-01-CN_2023 spike protein (S) gene, complete cds	Jan-2024	2024-01-15	month
PV523973.1	PV523973.1	G2c	Porcine epidemic diarrhea virus isolate GX01-04-CN_2021 spike protein (S) gene, complete cds	Apr-2024	2024-04-15	month
PV523974.1	PV523974.1	G2c	Porcine epidemic diarrhea virus isolate GX01-03-CN_2024 spike protein (S) gene, complete cds	Mar-2024	2024-03-15	month
PV523975.1	PV523975.1	G2c	Porcine epidemic diarrhea virus isolate GX02-04-CN_2024 spike protein (S) gene, complete cds	Apr-2024	2024-04-15	month
PV523976.1	PV523976.1	G2c	Porcine epidemic diarrhea virus isolate GX02-09-CN_2021 spike protein (S) gene, complete cds	Sep-2024	2024-09-15	month
PV523977.1	PV523977.1	G2c	Porcine epidemic diarrhea virus isolate GX02-09-CN_2023 spike protein (S) gene, complete cds	Sep-2024	2024-09-15	month
PV523978.1	PV523978.1	G2c	Porcine epidemic diarrhea virus isolate GX03-09-CN_2021 spike protein (S) gene, complete cds	Sep-2024	2024-09-15	month
PV523979.1	PV523979.1	G2c	Porcine epidemic diarrhea virus isolate GX04-12-CN_2024 spike protein (S) gene, complete cds	Dec-2024	2024-12-15	month
PV523980.1	PV523980.1	G2c	Porcine epidemic diarrhea virus isolate GX07-11-CN_2021 spike protein (S) gene, complete cds	Nov-2024	2024-11-15	month
PV523981.1	PV523981.1	G2c	Porcine epidemic diarrhea virus isolate HLJ01-07-CN_2024 spike protein (S) gene, complete cds	Jul-2024	2024-07-15	month
PV523982.1	PV523982.1	G2c	Porcine epidemic diarrhea virus isolate HuB01-01-CN_2021 spike protein (S) gene, complete cds	Jan-2024	2024-01-15	month
PV523983.1	PV523983.1	G2c	Porcine epidemic diarrhea virus isolate HuB02-03-CN_2021 spike protein (S) gene, complete cds	Mar-2024	2024-03-15	month
PV523984.1	PV523984.1	G2c	Porcine epidemic diarrhea virus isolate JS01-01-CN_2023 spike protein (S) gene, complete cds	Jan-2024	2024-01-15	month
PV523985.1	PV523985.1	G2c	Porcine epidemic diarrhea virus isolate JS01-03-CN_2022 spike protein (S) gene, complete cds	Mar-2024	2024-03-15	month
PV523986.1	PV523986.1	G2c	Porcine epidemic diarrhea virus isolate JS01-05-CN_2024 spike protein (S) gene, complete cds	May-2024	2024-05-15	month
PV523987.1	PV523987.1	G2c	Porcine epidemic diarrhea virus isolate JS02-01-CN_2023 spike protein (S) gene, complete cds	Jan-2024	2024-01-15	month
PV523988.1	PV523988.1	G2c	Porcine epidemic diarrhea virus isolate JS02-03-CN_2022 spike protein (S) gene, complete cds	Mar-2024	2024-03-15	month
PV523989.1	PV523989.1	G2c	Porcine epidemic diarrhea virus isolate JS02-10-CN_2024 spike protein (S) gene, complete cds	Oct-2024	2024-10-15	month
PV523990.1	PV523990.1	G2c	Porcine epidemic diarrhea virus isolate SD01-06-CN_2024 spike protein (S) gene, complete cds	Jun-2024	2024-06-15	month
PV523991.1	PV523991.1	G2c	Porcine epidemic diarrhea virus isolate SD01-07-CN_2021 spike protein (S) gene, complete cds	Jul-2024	2024-07-15	month
PV523992.1	PV523992.1	G2c	Porcine epidemic diarrhea virus isolate SD02-11-CN_2024 spike protein (S) gene, complete cds	Nov-2024	2024-11-15	month
PV523993.1	PV523993.1	G2c	Porcine epidemic diarrhea virus isolate SD03-12-CN_2024 spike protein (S) gene, complete cds	Dec-2024	2024-12-15	month
PV523994.1	PV523994.1	G2c	Porcine epidemic diarrhea virus isolate SD05-12-CN_2022 spike protein (S) gene, complete cds	Dec-2024	2024-12-15	month
PV523995.1	PV523995.1	G2c	Porcine epidemic diarrhea virus isolate SD06-12-CN_2022 spike protein (S) gene, complete cds	Dec-2024	2024-12-15	month
PV523996.1	PV523996.1	G2c	Porcine epidemic diarrhea virus isolate SX02-11-CN_2023 spike protein (S) gene, complete cds	Nov-2024	2024-11-15	month
PV523997.1	PV523997.1	G2c	Porcine epidemic diarrhea virus isolate SX01-04-CN_2022 spike protein (S) gene, complete cds	Apr-2024	2024-04-15	month
PV523998.1	PV523998.1	G2c	Porcine epidemic diarrhea virus isolate SX01-11-CN_2023 spike protein (S) gene, complete cds	Nov-2024	2024-11-15	month
PV523999.1	PV523999.1	G2c	Porcine epidemic diarrhea virus isolate ZJ02-01-CN_2022 spike protein (S) gene, complete cds	Jan-2024	2024-01-15	month
PV524000.1	PV524000.1	G2c	Porcine epidemic diarrhea virus isolate ZJ03-01-CN_2022 spike protein (S) gene, complete cds	Jan-2024	2024-01-15	month
PV524001.1	PV524001.1	G2c	Porcine epidemic diarrhea virus isolate ZJ05-06-CN_2022 spike protein (S) gene, complete cds	Jun-2024	2024-06-15	month
PV524002.1	PV524002.1	G2c	Porcine epidemic diarrhea virus isolate ZJ06-08-CN_2022 spike protein (S) gene, complete cds	Aug-2024	2024-08-15	month
PV524003.1	PV524003.1	G2c	Porcine epidemic diarrhea virus isolate ZJ09-12-CN_2022 spike protein (S) gene, complete cds	Dec-2024	2024-12-15	month
PV536068.1	PV536068.1	G2c	Porcine epidemic diarrhea virus isolate PEDV-AHHT11-1-2023, partial genome	2023	2023-07-01	year
PV536069.1	PV536069.1	G2c	Porcine epidemic diarrhea virus isolate PEDV-AHHT12-1-2023, partial genome	2023	2023-07-01	year
PV536070.1	PV536070.1	G2c	Porcine epidemic diarrhea virus isolate PEDV-AHHT5-2023, partial genome	2023	2023-07-01	year
PV536071.1	PV536071.1	G2c	Porcine epidemic diarrhea virus isolate PEDV-AHHT6-1-2023, partial genome	2023	2023-07-01	year
PV536072.1	PV536072.1	G2c	Porcine epidemic diarrhea virus isolate PEDV-AHHT9-1-2023, partial genome	2023	2023-07-01	year
PV609791.1	PV609791.1	G2c	Porcine epidemic diarrhea virus isolate PEDV BZ2401 spike protein (S) gene, partial cds	2024	2024-07-01	year
PV609792.1	PV609792.1	G2c	Porcine epidemic diarrhea virus isolate PEDV CD2301 spike protein (S) gene, complete cds	2023	2023-07-01	year
PV609793.1	PV609793.1	G2c	Porcine epidemic diarrhea virus isolate PEDV CD2302 spike protein (S) gene, complete cds	2023	2023-07-01	year
PV609794.1	PV609794.1	G2c	Porcine epidemic diarrhea virus isolate PEDV CD2401 spike protein (S) gene, complete cds	2024	2024-07-01	year
PV609795.1	PV609795.1	G2c	Porcine epidemic diarrhea virus isolate PEDV DY2401 spike protein (S) gene, complete cds	2024	2024-07-01	year
PV609797.1	PV609797.1	G2c	Porcine epidemic diarrhea virus isolate PEDV GY2301 spike protein (S) gene, complete cds	2023	2023-07-01	year
PV609799.1	PV609799.1	G2c	Porcine epidemic diarrhea virus isolate PEDV LS2401 spike protein (S) gene, partial cds	2024	2024-07-01	year
PV614326.1	PV614326.1	G2c	Porcine epidemic diarrhea virus isolate MS2301 spike protein (S) gene, complete cds	2023	2023-07-01	year
PV614327.1	PV614327.1	G2c	Porcine epidemic diarrhea virus isolate MS2302 spike protein (S) gene, complete cds	2023	2023-07-01	year
PV614328.1	PV614328.1	G2c	Porcine epidemic diarrhea virus isolate MY2301 spike protein (S) gene, complete cds	2023	2023-07-01	year
PV614333.1	PV614333.1	G2c	Porcine epidemic diarrhea virus isolate XC2401 spike protein (S) gene, partial cds	2024	2024-07-01	year
PV614334.1	PV614334.1	G2c	Porcine epidemic diarrhea virus isolate ZY2301 spike protein (S) gene, complete cds	2023	2023-07-01	year
PV614335.1	PV614335.1	G2c	Porcine epidemic diarrhea virus isolate ZY2302 spike protein (S) gene, complete cds	2023	2023-07-01	year
PV614336.1	PV614336.1	G2c	Porcine epidemic diarrhea virus isolate ZY2401 spike protein (S) gene, complete cds	2024	2024-07-01	year
PV614337.1	PV614337.1	G2c	Porcine epidemic diarrhea virus isolate MY2302 spike protein (S) gene, complete cds	2023	2023-07-01	year
PV641627.1	PV641627.1	G2c	Porcine epidemic diarrhea virus isolate PEDV ZG2401 spike protein (S) gene, partial cds	2024	2024-07-01	year
PV641628.1	PV641628.1	G2c	Porcine epidemic diarrhea virus isolate PEDV MY2404 spike protein (S) gene, partial cds	2024	2024-07-01	year
PV641629.1	PV641629.1	G2c	Porcine epidemic diarrhea virus isolate PEDV MY2402 spike protein (S) gene, partial cds	2024	2024-07-01	year
PV641630.1	PV641630.1	G2c	Porcine epidemic diarrhea virus isolate PEDV GA2401 spike protein (S) gene, complete cds	2024	2024-07-01	year
PV641631.1	PV641631.1	G2c	Porcine epidemic diarrhea virus isolate PEDV CD2405 spike protein (S) gene, partial cds	2024	2024-07-01	year
PV641633.1	PV641633.1	G2c	Porcine epidemic diarrhea virus isolate PEDV CD2402 spike protein (S) gene, partial cds	2024	2024-07-01	year
PV641634.1	PV641634.1	G2c	Porcine epidemic diarrhea virus isolate YA2401 spike protein (S) gene, partial cds	2024	2024-07-01	year
PV641635.1	PV641635.1	G2c	Porcine epidemic diarrhea virus isolate NC2401 spike protein (S) gene, partial cds	2024	2024-07-01	year
PV691661.1	PV691661.1	G2c	Porcine epidemic diarrhea virus isolate CH/SXWN/2019 spike protein gene, complete cds	2019	2019-07-01	year
PV800119.1	PV800119.1	G2c	Porcine epidemic diarrhea virus isolate XWF/2025, partial genome	Mar-2025	2025-03-15	month
PV844362.1	PV844362.1	G2c	Porcine epidemic diarrhea virus isolate G2c spike protein gene, complete cds	Oct-2023	2023-10-15	month
PV844363.1	PV844363.1	G2c	Porcine epidemic diarrhea virus isolate G2c spike protein gene, complete cds	Jul-2024	2024-07-15	month
PV844364.1	PV844364.1	G2c	Porcine epidemic diarrhea virus isolate G2c spike protein gene, complete cds	Jan-2025	2025-01-15	month
PV844365.1	PV844365.1	G2c	Porcine epidemic diarrhea virus isolate G2c spike protein gene, complete cds	Dec-2024	2024-12-15	month
PV844366.1	PV844366.1	G2c	Porcine epidemic diarrhea virus isolate G2c spike protein gene, complete cds	Feb-2025	2025-02-15	month
PV844368.1	PV844368.1	G2c	Porcine epidemic diarrhea virus isolate G2b spike protein gene, complete cds	Oct-2024	2024-10-15	month
PV844372.1	PV844372.1	G2c	Porcine epidemic diarrhea virus isolate G2c spike protein gene, complete cds	Mar-2025	2025-03-15	month
PV844373.1	PV844373.1	G2c	Porcine epidemic diarrhea virus isolate G2c spike protein gene, complete cds	Dec-2024	2024-12-15	month
PV844374.1	PV844374.1	G2c	Porcine epidemic diarrhea virus isolate G2c spike protein gene, complete cds	Jan-2024	2024-01-15	month
PV844375.1	PV844375.1	G2c	Porcine epidemic diarrhea virus isolate G2b spike protein gene, complete cds	May-2024	2024-05-15	month
PV844376.1	PV844376.1	G2c	Porcine epidemic diarrhea virus isolate G2c spike protein gene, complete cds	Apr-2024	2024-04-15	month
PV890950.1	PV890950.1	G2c	Porcine epidemic diarrhea virus isolate YN-XW 202505 spike protein gene, complete cds	2025-05	2025-05-15	month
PV902815.1	PV902815.1	G2c	Porcine epidemic diarrhea virus isolate PEDV-JX spike protein (S) gene, complete cds	Mar-2025	2025-03-15	month
PV982377.1	PV982377.1	G2c	Porcine epidemic diarrhea virus isolate GX223, complete genome	2023-04	2023-04-15	month
PX146708.1	PX146708.1	G2c	Porcine epidemic diarrhea virus isolate GD1, complete genome	2024	2024-07-01	year
PX229687.1	PX229687.1	G2c	Porcine epidemic diarrhea virus isolate JS-XZFX202309 spike protein gene, complete cds	2021	2021-07-01	year
PX229689.1	PX229689.1	G2c	Porcine epidemic diarrhea virus isolate JS-SQTJ202206 spike protein gene, complete cds	2021	2021-07-01	year
PX229690.1	PX229690.1	G2c	Porcine epidemic diarrhea virus isolate JS-SQTJ202102 spike protein gene, complete cds	2021	2021-07-01	year
PX229691.1	PX229691.1	G2c	Porcine epidemic diarrhea virus isolate JS-SQTJ2021 spike protein gene, complete cds	2021	2021-07-01	year
PX229692.1	PX229692.1	G2c	UNVERIFIED: Porcine epidemic diarrhea virus isolate JS-SQTJ2021-1 spike protein-like gene, complete sequence	2021	2021-07-01	year
PX229693.1	PX229693.1	G2c	Porcine epidemic diarrhea virus isolate JS-SQMV202108 spike protein gene, complete cds	2021	2021-07-01	year
PX229694.1	PX229694.1	G2c	Porcine epidemic diarrhea virus isolate JS-SQMV202106 spike protein gene, complete cds	2021	2021-07-01	year
PX229695.1	PX229695.1	G2c	Porcine epidemic diarrhea virus isolate JS-SQMV202105 spike protein gene, complete cds	2021	2021-07-01	year
PX229696.1	PX229696.1	G2c	Porcine epidemic diarrhea virus isolate JS-SQMV202104 spike protein gene, complete cds	2021	2021-07-01	year
PX229697.1	PX229697.1	G2c	Porcine epidemic diarrhea virus isolate JS-SQMV202102 spike protein gene, complete cds	2021	2021-07-01	year
PX229698.1	PX229698.1	G2c	Porcine epidemic diarrhea virus isolate JS-SQMV2021 spike protein gene, complete cds	2021	2021-07-01	year
PX229699.1	PX229699.1	G2c	UNVERIFIED: Porcine epidemic diarrhea virus isolate JS-SQBQ202205 spike protein-like gene, partial sequence	2021	2021-07-01	year
PX229700.1	PX229700.1	G2c	UNVERIFIED: Porcine epidemic diarrhea virus isolate JS-SQBQ202202 spike protein-like gene, partial sequence	2021	2021-07-01	year
PX229701.1	PX229701.1	G2c	Porcine epidemic diarrhea virus isolate JS-SQBQ202109 spike protein gene, complete cds	2021	2021-07-01	year
PX229703.1	PX229703.1	G2c	Porcine epidemic diarrhea virus isolate JS-SQ2021 spike protein gene, complete cds	2021	2021-07-01	year
PX229705.1	PX229705.1	G2c	UNVERIFIED: Porcine epidemic diarrhea virus isolate JS-LYGYT202310 spike protein-like gene, complete sequence	2021	2021-07-01	year
PX229707.1	PX229707.1	G2c	Porcine epidemic diarrhea virus isolate JS-CZYG202204 spike protein gene, partial cds	2021	2021-07-01	year
PX229708.1	PX229708.1	G2c	Porcine epidemic diarrhea virus isolate JS-CZYG202202 spike protein gene, partial cds	2021	2021-07-01	year
PX229709.1	PX229709.1	G2c	Porcine epidemic diarrhea virus isolate JS-CZXB2021 spike protein gene, partial cds	2021	2021-07-01	year
PX387542.1	PX387542.1	G2c	Porcine epidemic diarrhea virus isolate SH2501, complete genome	2025	2025-07-01	year
PX437825.1	PX437825.1	G2c	Porcine epidemic diarrhea virus isolate PEDV-7, complete genome	2024	2024-07-01	year
PX482648.1	PX482648.1	G2c	Porcine epidemic diarrhea virus isolate CH-SWM-AB, complete genome	Jun-2025	2025-06-15	month
PX482650.1	PX482650.1	G2c	Porcine epidemic diarrhea virus isolate CH-SWM-RN, complete genome	Oct-2024	2024-10-15	month
PX482651.1	PX482651.1	G2c	Porcine epidemic diarrhea virus isolate CH-SWM-SN, complete genome	Mar-2024	2024-03-15	month
PX482652.1	PX482652.1	G2c	Porcine epidemic diarrhea virus isolate CH-SWM-YB, complete genome	Jun-2024	2024-06-15	month
PX482653.1	PX482653.1	G2c	Porcine epidemic diarrhea virus isolate CH-SWM-NC, complete genome	Jan-2024	2024-01-15	month
PX482655.1	PX482655.1	G2c	Porcine epidemic diarrhea virus isolate CH-SWM-ZFC, complete genome	Dec-2024	2024-12-15	month
PX569374.1	PX569374.1	G2c	Porcine epidemic diarrhea virus isolate GD-HY spike protein gene, complete cds	2025-11	2025-11-15	month
PX634159.1	PX634159.1	G2c	Porcine epidemic diarrhea virus strain PEDV TZ 2025, complete genome	Jun-2025	2025-06-15	month
PX737630.1	PX737630.1	G2c	Porcine epidemic diarrhea virus isolate PEDV/GX2025-01 spike glycoprotein gene, partial cds	2025	2025-07-01	year
PX737631.1	PX737631.1	G2c	Porcine epidemic diarrhea virus isolate PEDV/GX2025-02 spike glycoprotein gene, partial cds	2025	2025-07-01	year
